product_id,product_name,sailing_id,package_id,package_code,ship,destination,geo_area,number_of_nights,available,has_availability,blocked_from_booking,sailing_date,departure_port,arrival_port
3_singapore,3-Night Cruise from Singapore,DA0100,30027549,3SIN,Disney Adventure,SINGAPORE,SINGAPORE,3,True,True,False,,,
3_singapore,3-Night Cruise from Singapore,DA0094,30027543,3SIN,Disney Adventure,SINGAPORE,SINGAPORE,3,True,True,False,,,
3_singapore,3-Night Cruise from Singapore,DA0164,30468955,3SIN,Disney Adventure,SINGAPORE,SINGAPORE,3,True,True,False,,,
3_singapore,3-Night Cruise from Singapore,DA0160,30468951,3SIN,Disney Adventure,SINGAPORE,SINGAPORE,3,True,True,False,,,
3_singapore,3-Night Cruise from Singapore,DA0154,30468945,3SIN,Disney Adventure,SINGAPORE,SINGAPORE,3,True,True,False,,,
3_singapore,3-Night Cruise from Singapore,DA0150,30468941,3SIN,Disney Adventure,SINGAPORE,SINGAPORE,3,True,True,False,,,
3_singapore,3-Night Cruise from Singapore,DA0152,30468943,3SIN,Disney Adventure,SINGAPORE,SINGAPORE,3,True,True,False,,,
3_singapore,3-Night Cruise from Singapore,DA0148,30468939,3SIN,Disney Adventure,SINGAPORE,SINGAPORE,3,True,True,False,,,
3_singapore,3-Night Cruise from Singapore,DA0096,30027545,3SIN,Disney Adventure,SINGAPORE,SINGAPORE,3,True,True,False,,,
3_singapore,3-Night Cruise from Singapore,DA0146,30468937,3SIN,Disney Adventure,SINGAPORE,SINGAPORE,3,True,True,False,,,
3_singapore,3-Night Cruise from Singapore,DA0212,30884313,3SIN,Disney Adventure,SINGAPORE,SINGAPORE,3,True,True,False,,,
3_singapore,3-Night Cruise from Singapore,DA0214,30884315,3SIN,Disney Adventure,SINGAPORE,SINGAPORE,3,True,True,False,,,
3_singapore,3-Night Cruise from Singapore,DA0210,30884311,3SIN,Disney Adventure,SINGAPORE,SINGAPORE,3,True,True,False,,,
3_singapore,3-Night Cruise from Singapore,DA0206,30884307,3SIN,Disney Adventure,SINGAPORE,SINGAPORE,3,True,True,False,,,
3_singapore,3-Night Cruise from Singapore,DA0208,30884309,3SIN,Disney Adventure,SINGAPORE,SINGAPORE,3,True,True,False,,,
3_singapore,3-Night Cruise from Singapore,DA0204,30884305,3SIN,Disney Adventure,SINGAPORE,SINGAPORE,3,True,True,False,,,
3_singapore,3-Night Cruise from Singapore,DA0198,30884299,3SIN,Disney Adventure,SINGAPORE,SINGAPORE,3,True,True,False,,,
3_singapore,3-Night Cruise from Singapore,DA0196,30884297,3SIN,Disney Adventure,SINGAPORE,SINGAPORE,3,True,True,False,,,
3_singapore,3-Night Cruise from Singapore,DA0092,30027541,3SIN,Disney Adventure,SINGAPORE,SINGAPORE,3,True,True,False,,,
3_singapore,3-Night Cruise from Singapore,DA0162,30468953,3SIN,Disney Adventure,SINGAPORE,SINGAPORE,3,True,True,False,,,
3_singapore,3-Night Cruise from Singapore,DA0190,30468981,3SIN,Disney Adventure,SINGAPORE,SINGAPORE,3,True,True,False,,,
3_singapore,3-Night Cruise from Singapore,DA0192,30468983,3SIN,Disney Adventure,SINGAPORE,SINGAPORE,3,True,True,False,,,
3_singapore,3-Night Cruise from Singapore,DA0124,30468915,3SIN,Disney Adventure,SINGAPORE,SINGAPORE,3,True,True,False,,,
3_singapore,3-Night Cruise from Singapore,DA0174,30468965,3SIN,Disney Adventure,SINGAPORE,SINGAPORE,3,True,True,False,,,
3_singapore,3-Night Cruise from Singapore,DA0216,30884317,3SIN,Disney Adventure,SINGAPORE,SINGAPORE,3,True,True,False,,,
3_singapore,3-Night Cruise from Singapore,DA0200,30884301,3SIN,Disney Adventure,SINGAPORE,SINGAPORE,3,True,True,False,,,
3_singapore,3-Night Cruise from Singapore,DA0194,30884295,3SIN,Disney Adventure,SINGAPORE,SINGAPORE,3,True,True,False,,,
3_singapore,3-Night Cruise from Singapore,DA0144,30468935,3SIN,Disney Adventure,SINGAPORE,SINGAPORE,3,True,True,False,,,
3_singapore,3-Night Cruise from Singapore,DA0104,30027553,3SIN,Disney Adventure,SINGAPORE,SINGAPORE,3,True,True,False,,,
3_singapore,3-Night Cruise from Singapore,DA0180,30468971,3SIN,Disney Adventure,SINGAPORE,SINGAPORE,3,True,True,False,,,
3_singapore,3-Night Cruise from Singapore,DA0186,30468977,3SIN,Disney Adventure,SINGAPORE,SINGAPORE,3,True,True,False,,,
3_singapore,3-Night Cruise from Singapore,DA0188,30468979,3SIN,Disney Adventure,SINGAPORE,SINGAPORE,3,True,True,False,,,
3_singapore,3-Night Cruise from Singapore,DA0182,30468973,3SIN,Disney Adventure,SINGAPORE,SINGAPORE,3,True,True,False,,,
3_singapore,3-Night Cruise from Singapore,DA0184,30468975,3SIN,Disney Adventure,SINGAPORE,SINGAPORE,3,True,True,False,,,
3_singapore,3-Night Cruise from Singapore,DA0170,30468961,3SIN,Disney Adventure,SINGAPORE,SINGAPORE,3,True,True,False,,,
3_singapore,3-Night Cruise from Singapore,DA0176,30468967,3SIN,Disney Adventure,SINGAPORE,SINGAPORE,3,True,True,False,,,
3_singapore,3-Night Cruise from Singapore,DA0178,30468969,3SIN,Disney Adventure,SINGAPORE,SINGAPORE,3,True,True,False,,,
3_singapore,3-Night Cruise from Singapore,DA0168,30468959,3SIN,Disney Adventure,SINGAPORE,SINGAPORE,3,True,True,False,,,
3_singapore,3-Night Cruise from Singapore,DA0166,30468957,3SIN,Disney Adventure,SINGAPORE,SINGAPORE,3,True,True,False,,,
3_singapore,3-Night Cruise from Singapore,DA0130,30468921,3SIN,Disney Adventure,SINGAPORE,SINGAPORE,3,True,True,False,,,
3_singapore,3-Night Cruise from Singapore,DA0172,30468963,3SIN,Disney Adventure,SINGAPORE,SINGAPORE,3,True,True,False,,,
3_singapore,3-Night Cruise from Singapore,DA0158,30468949,3SIN,Disney Adventure,SINGAPORE,SINGAPORE,3,True,True,False,,,
3_singapore,3-Night Cruise from Singapore,DA0156,30468947,3SIN,Disney Adventure,SINGAPORE,SINGAPORE,3,True,True,False,,,
3_singapore,3-Night Cruise from Singapore,DA0202,30884303,3SIN,Disney Adventure,SINGAPORE,SINGAPORE,3,True,True,False,,,
3_singapore,3-Night Cruise from Singapore,DA0218,30884319,3SIN,Disney Adventure,SINGAPORE,SINGAPORE,3,True,True,False,,,
3_singapore,3-Night Cruise from Singapore,DA0140,30468931,3SIN,Disney Adventure,SINGAPORE,SINGAPORE,3,True,True,False,,,
3_singapore,3-Night Cruise from Singapore,DA0220,30884321,3SIN,Disney Adventure,SINGAPORE,SINGAPORE,3,True,True,False,,,
3_singapore,3-Night Cruise from Singapore,DA0132,30468923,3SIN,Disney Adventure,SINGAPORE,SINGAPORE,3,True,True,False,,,
3_singapore,3-Night Cruise from Singapore,DA0126,30468917,3SIN,Disney Adventure,SINGAPORE,SINGAPORE,3,True,True,False,,,
3_singapore,3-Night Cruise from Singapore,DA0142,30468933,3SIN,Disney Adventure,SINGAPORE,SINGAPORE,3,True,True,False,,,
3_singapore,3-Night Cruise from Singapore,DA0098,30027547,3SIN,Disney Adventure,SINGAPORE,SINGAPORE,3,True,True,False,,,
3_singapore,3-Night Cruise from Singapore,DA0138,30468929,3SIN,Disney Adventure,SINGAPORE,SINGAPORE,3,True,True,False,,,
3_singapore,3-Night Cruise from Singapore,DA0222,30884323,3SIN,Disney Adventure,SINGAPORE,SINGAPORE,3,True,True,False,,,
3_singapore,3-Night Cruise from Singapore,DA0128,30468919,3SIN,Disney Adventure,SINGAPORE,SINGAPORE,3,True,True,False,,,
3_singapore,3-Night Cruise from Singapore,DA0136,30468927,3SIN,Disney Adventure,SINGAPORE,SINGAPORE,3,True,True,False,,,
3_singapore,3-Night Cruise from Singapore,DA0224,30884325,3SIN,Disney Adventure,SINGAPORE,SINGAPORE,3,True,True,False,,,
3_singapore,3-Night Cruise from Singapore,DA0226,30884327,3SIN,Disney Adventure,SINGAPORE,SINGAPORE,3,True,True,False,,,
3_singapore,3-Night Cruise from Singapore,DA0090,30027539,3SIN,Disney Adventure,SINGAPORE,SINGAPORE,3,True,True,False,,,
3_singapore,3-Night Cruise from Singapore,DA0134,30468925,3SIN,Disney Adventure,SINGAPORE,SINGAPORE,3,True,True,False,,,
3_singapore,3-Night Cruise from Singapore,DA0102,30027551,3SIN,Disney Adventure,SINGAPORE,SINGAPORE,3,True,True,False,,,
3_singapore,3-Night Cruise from Singapore,DA0088,30027537,3SIN,Disney Adventure,SINGAPORE,SINGAPORE,3,True,True,False,,,
3_singapore,3-Night Cruise from Singapore,DA0086,30027535,3SIN,Disney Adventure,SINGAPORE,SINGAPORE,3,True,True,False,,,
3_singapore,3-Night Cruise from Singapore,DA0108,30027557,3SIN,Disney Adventure,SINGAPORE,SINGAPORE,3,True,True,False,,,
3_singapore,3-Night Cruise from Singapore,DA0106,30027555,3SIN,Disney Adventure,SINGAPORE,SINGAPORE,3,True,True,False,,,
4_singapore,4-Night Cruise from Singapore,DA0095,30027544,4SIN,Disney Adventure,SINGAPORE,SINGAPORE,4,True,True,False,,,
4_singapore,4-Night Cruise from Singapore,DA0097,30027546,4SIN,Disney Adventure,SINGAPORE,SINGAPORE,4,True,True,False,,,
4_singapore,4-Night Cruise from Singapore,DA0089,30027538,4SIN,Disney Adventure,SINGAPORE,SINGAPORE,4,True,True,False,,,
4_singapore,4-Night Cruise from Singapore,DA0127,30468918,4SIN,Disney Adventure,SINGAPORE,SINGAPORE,4,True,True,False,,,
4_singapore,4-Night Cruise from Singapore,DA0153,30468944,4SIN,Disney Adventure,SINGAPORE,SINGAPORE,4,True,True,False,,,
4_singapore,4-Night Cruise from Singapore,DA0155,30468946,4SIN,Disney Adventure,SINGAPORE,SINGAPORE,4,True,True,False,,,
4_singapore,4-Night Cruise from Singapore,DA0149,30468940,4SIN,Disney Adventure,SINGAPORE,SINGAPORE,4,True,True,False,,,
4_singapore,4-Night Cruise from Singapore,DA0091,30027540,4SIN,Disney Adventure,SINGAPORE,SINGAPORE,4,True,True,False,,,
4_singapore,4-Night Cruise from Singapore,DA0101,30027550,4SIN,Disney Adventure,SINGAPORE,SINGAPORE,4,True,True,False,,,
4_singapore,4-Night Cruise from Singapore,DA0093,30027542,4SIN,Disney Adventure,SINGAPORE,SINGAPORE,4,True,True,False,,,
4_singapore,4-Night Cruise from Singapore,DA0197,30884298,4SIN,Disney Adventure,SINGAPORE,SINGAPORE,4,True,True,False,,,
4_singapore,4-Night Cruise from Singapore,DA0199,30884300,4SIN,Disney Adventure,SINGAPORE,SINGAPORE,4,True,True,False,,,
4_singapore,4-Night Cruise from Singapore,DA0193,30848259,4SIN,Disney Adventure,SINGAPORE,SINGAPORE,4,True,True,False,,,
4_singapore,4-Night Cruise from Singapore,DA0195,30884296,4SIN,Disney Adventure,SINGAPORE,SINGAPORE,4,True,True,False,,,
4_singapore,4-Night Cruise from Singapore,DA0099,30027548,4SIN,Disney Adventure,SINGAPORE,SINGAPORE,4,True,True,False,,,
4_singapore,4-Night Cruise from Singapore,DA0087,30027536,4SIN,Disney Adventure,SINGAPORE,SINGAPORE,4,True,True,False,,,
4_singapore,4-Night Cruise from Singapore,DA0085,30027534,4SIN,Disney Adventure,SINGAPORE,SINGAPORE,4,True,True,False,,,
4_singapore,4-Night Cruise from Singapore,DA0103,30027552,4SIN,Disney Adventure,SINGAPORE,SINGAPORE,4,True,True,False,,,
4_singapore,4-Night Cruise from Singapore,DA0191,30468982,4SIN,Disney Adventure,SINGAPORE,SINGAPORE,4,True,True,False,,,
4_singapore,4-Night Cruise from Singapore,DA0175,30468966,4SIN,Disney Adventure,SINGAPORE,SINGAPORE,4,True,True,False,,,
4_singapore,4-Night Cruise from Singapore,DA0181,30468972,4SIN,Disney Adventure,SINGAPORE,SINGAPORE,4,True,True,False,,,
4_singapore,4-Night Cruise from Singapore,DA0187,30468978,4SIN,Disney Adventure,SINGAPORE,SINGAPORE,4,True,True,False,,,
4_singapore,4-Night Cruise from Singapore,DA0189,30468980,4SIN,Disney Adventure,SINGAPORE,SINGAPORE,4,True,True,False,,,
4_singapore,4-Night Cruise from Singapore,DA0167,30468958,4SIN,Disney Adventure,SINGAPORE,SINGAPORE,4,True,True,False,,,
4_singapore,4-Night Cruise from Singapore,DA0183,30468974,4SIN,Disney Adventure,SINGAPORE,SINGAPORE,4,True,True,False,,,
4_singapore,4-Night Cruise from Singapore,DA0185,30468976,4SIN,Disney Adventure,SINGAPORE,SINGAPORE,4,True,True,False,,,
4_singapore,4-Night Cruise from Singapore,DA0179,30468970,4SIN,Disney Adventure,SINGAPORE,SINGAPORE,4,True,True,False,,,
4_singapore,4-Night Cruise from Singapore,DA0177,30468968,4SIN,Disney Adventure,SINGAPORE,SINGAPORE,4,True,True,False,,,
4_singapore,4-Night Cruise from Singapore,DA0171,30468962,4SIN,Disney Adventure,SINGAPORE,SINGAPORE,4,True,True,False,,,
4_singapore,4-Night Cruise from Singapore,DA0173,30468964,4SIN,Disney Adventure,SINGAPORE,SINGAPORE,4,True,True,False,,,
4_singapore,4-Night Cruise from Singapore,DA0169,30468960,4SIN,Disney Adventure,SINGAPORE,SINGAPORE,4,True,True,False,,,
4_singapore,4-Night Cruise from Singapore,DA0201,30884302,4SIN,Disney Adventure,SINGAPORE,SINGAPORE,4,True,True,False,,,
4_singapore,4-Night Cruise from Singapore,DA0139,30468930,4SIN,Disney Adventure,SINGAPORE,SINGAPORE,4,True,True,False,,,
4_singapore,4-Night Cruise from Singapore,DA0125,30468916,4SIN,Disney Adventure,SINGAPORE,SINGAPORE,4,True,True,False,,,
4_singapore,4-Night Cruise from Singapore,DA0105,30027554,4SIN,Disney Adventure,SINGAPORE,SINGAPORE,4,True,True,False,,,
4_singapore,4-Night Cruise from Singapore,DA0227,30884328,4SIN,Disney Adventure,SINGAPORE,SINGAPORE,4,True,True,False,,,
4_singapore,4-Night Cruise from Singapore,DA0133,30468924,4SIN,Disney Adventure,SINGAPORE,SINGAPORE,4,True,True,False,,,
4_singapore,4-Night Cruise from Singapore,DA0107,30027556,4SIN,Disney Adventure,SINGAPORE,SINGAPORE,4,True,True,False,,,
4_langkawi_singapore,4-Night Langkawi Cruise from Singapore,DA0137,30468928,4SIN,Disney Adventure,SINGAPORE,SINGAPORE B,4,True,True,False,,,
4_langkawi_singapore,4-Night Langkawi Cruise from Singapore,DA0165,30468956,4SIN,Disney Adventure,SINGAPORE,SINGAPORE B,4,True,True,False,,,
4_langkawi_singapore,4-Night Langkawi Cruise from Singapore,DA0143,30468934,4SIN,Disney Adventure,SINGAPORE,SINGAPORE B,4,True,True,False,,,
4_langkawi_singapore,4-Night Langkawi Cruise from Singapore,DA0163,30468954,4SIN,Disney Adventure,SINGAPORE,SINGAPORE B,4,True,True,False,,,
4_langkawi_singapore,4-Night Langkawi Cruise from Singapore,DA0159,30468950,4SIN,Disney Adventure,SINGAPORE,SINGAPORE B,4,True,True,False,,,
4_langkawi_singapore,4-Night Langkawi Cruise from Singapore,DA0151,30468942,4SIN,Disney Adventure,SINGAPORE,SINGAPORE B,4,True,True,False,,,
4_langkawi_singapore,4-Night Langkawi Cruise from Singapore,DA0213,30884314,4SIN,Disney Adventure,SINGAPORE,SINGAPORE B,4,True,True,False,,,
4_langkawi_singapore,4-Night Langkawi Cruise from Singapore,DA0215,30884316,4SIN,Disney Adventure,SINGAPORE,SINGAPORE B,4,True,True,False,,,
4_langkawi_singapore,4-Night Langkawi Cruise from Singapore,DA0211,30884312,4SIN,Disney Adventure,SINGAPORE,SINGAPORE B,4,True,True,False,,,
4_langkawi_singapore,4-Night Langkawi Cruise from Singapore,DA0205,30884306,4SIN,Disney Adventure,SINGAPORE,SINGAPORE B,4,True,True,False,,,
4_langkawi_singapore,4-Night Langkawi Cruise from Singapore,DA0207,30884308,4SIN,Disney Adventure,SINGAPORE,SINGAPORE B,4,True,True,False,,,
4_langkawi_singapore,4-Night Langkawi Cruise from Singapore,DA0203,30884304,4SIN,Disney Adventure,SINGAPORE,SINGAPORE B,4,True,True,False,,,
4_langkawi_singapore,4-Night Langkawi Cruise from Singapore,DA0209,30884310,4SIN,Disney Adventure,SINGAPORE,SINGAPORE B,4,True,True,False,,,
4_langkawi_singapore,4-Night Langkawi Cruise from Singapore,DA0161,30468952,4SIN,Disney Adventure,SINGAPORE,SINGAPORE B,4,True,True,False,,,
4_langkawi_singapore,4-Night Langkawi Cruise from Singapore,DA0217,30884318,4SIN,Disney Adventure,SINGAPORE,SINGAPORE B,4,True,True,False,,,
4_langkawi_singapore,4-Night Langkawi Cruise from Singapore,DA0145,30468936,4SIN,Disney Adventure,SINGAPORE,SINGAPORE B,4,True,True,False,,,
4_langkawi_singapore,4-Night Langkawi Cruise from Singapore,DA0135,30468926,4SIN,Disney Adventure,SINGAPORE,SINGAPORE B,4,True,True,False,,,
4_langkawi_singapore,4-Night Langkawi Cruise from Singapore,DA0131,30468922,4SIN,Disney Adventure,SINGAPORE,SINGAPORE B,4,True,True,False,,,
4_langkawi_singapore,4-Night Langkawi Cruise from Singapore,DA0147,30468938,4SIN,Disney Adventure,SINGAPORE,SINGAPORE B,4,True,True,False,,,
4_langkawi_singapore,4-Night Langkawi Cruise from Singapore,DA0219,30884320,4SIN,Disney Adventure,SINGAPORE,SINGAPORE B,4,True,True,False,,,
4_langkawi_singapore,4-Night Langkawi Cruise from Singapore,DA0221,30884322,4SIN,Disney Adventure,SINGAPORE,SINGAPORE B,4,True,True,False,,,
4_langkawi_singapore,4-Night Langkawi Cruise from Singapore,DA0141,30468932,4SIN,Disney Adventure,SINGAPORE,SINGAPORE B,4,True,True,False,,,
4_langkawi_singapore,4-Night Langkawi Cruise from Singapore,DA0223,30884324,4SIN,Disney Adventure,SINGAPORE,SINGAPORE B,4,True,True,False,,,
4_langkawi_singapore,4-Night Langkawi Cruise from Singapore,DA0129,30468920,4SIN,Disney Adventure,SINGAPORE,SINGAPORE B,4,True,True,False,,,
4_langkawi_singapore,4-Night Langkawi Cruise from Singapore,DA0157,30468948,4SIN,Disney Adventure,SINGAPORE,SINGAPORE B,4,True,True,False,,,
4_langkawi_singapore,4-Night Langkawi Cruise from Singapore,DA0225,30884326,4SIN,Disney Adventure,SINGAPORE,SINGAPORE B,4,True,True,False,,,
4_langkawi_singapore,4-Night Langkawi Cruise from Singapore,DA0109,30027558,4SIN,Disney Adventure,SINGAPORE,SINGAPORE B,4,True,True,False,,,
3_baja_san_diego,3-Night Baja Cruise from San Diego,DW2239,30076975,3SAN,Disney Wonder,MEXICAN RIVIERA,BAJA,3,True,True,False,,,
3_baja_san_diego,3-Night Baja Cruise from San Diego,DW2237,30076973,3SAN,Disney Wonder,MEXICAN RIVIERA,BAJA,3,True,True,False,,,
3_baja_san_diego,3-Night Baja Cruise from San Diego,DW2230,30076966,3SAN,Disney Wonder,MEXICAN RIVIERA,BAJA,3,True,True,False,,,
3_baja_san_diego,3-Night Baja Cruise from San Diego,DW2211,30076947,3SAN,Disney Wonder,MEXICAN RIVIERA,BAJA,3,True,True,False,,,
3_baja_san_diego,3-Night Baja Cruise from San Diego,DW2308,30867348,3SAN,Disney Wonder,MEXICAN RIVIERA,BAJA,3,True,True,False,,,
3_baja_san_diego,3-Night Baja Cruise from San Diego,DW2318,30867358,3SAN,Disney Wonder,MEXICAN RIVIERA,BAJA,3,True,True,False,,,
3_baja_san_diego,3-Night Baja Cruise from San Diego,DW2226,30076962,3SAN,Disney Wonder,MEXICAN RIVIERA,BAJA,3,True,True,False,,,
3_baja_san_diego,3-Night Baja Cruise from San Diego,DW2302,30867342,3SAN,Disney Wonder,MEXICAN RIVIERA,BAJA,3,True,True,False,,,
3_baja_san_diego,3-Night Baja Cruise from San Diego,DW2314,30867354,3SAN,Disney Wonder,MEXICAN RIVIERA,BAJA,3,True,True,False,,,
3_baja_san_diego,3-Night Baja Cruise from San Diego,DW2241,30076977,3SAN,Disney Wonder,MEXICAN RIVIERA,BAJA,3,True,True,False,,,
3_baja_san_diego,3-Night Baja Cruise from San Diego,DW2329,30867369,3SAN,Disney Wonder,MEXICAN RIVIERA,BAJA,3,True,True,False,,,
3_baja_san_diego,3-Night Baja Cruise from San Diego,DW2316,30867356,3SAN,Disney Wonder,MEXICAN RIVIERA,BAJA,3,True,True,False,,,
3_baja_san_diego,3-Night Baja Cruise from San Diego,DW2304,30867344,3SAN,Disney Wonder,MEXICAN RIVIERA,BAJA,3,True,True,False,,,
3_baja_san_diego,3-Night Baja Cruise from San Diego,DW2309,30867349,3SAN,Disney Wonder,MEXICAN RIVIERA,BAJA,3,True,True,False,,,
3_baja_san_diego,3-Night Baja Cruise from San Diego,DW2311,30867351,3SAN,Disney Wonder,MEXICAN RIVIERA,BAJA,3,True,True,False,,,
3_baja_san_diego,3-Night Baja Cruise from San Diego,DW2244,30076980,3SAN,Disney Wonder,MEXICAN RIVIERA,BAJA,3,True,True,False,,,
3_baja_san_diego,3-Night Baja Cruise from San Diego,DW2235,30076971,3SAN,Disney Wonder,MEXICAN RIVIERA,BAJA,3,True,True,False,,,
3_baja_san_diego,3-Night Baja Cruise from San Diego,DW2326,30867366,3SAN,Disney Wonder,MEXICAN RIVIERA,BAJA,3,True,True,False,,,
3_baja_san_diego,3-Night Baja Cruise from San Diego,DW2323,30867363,3SAN,Disney Wonder,MEXICAN RIVIERA,BAJA,3,True,True,False,,,
3_baja_san_diego,3-Night Baja Cruise from San Diego,DW2321,30867361,3SAN,Disney Wonder,MEXICAN RIVIERA,BAJA,3,True,True,False,,,
3_baja_san_diego,3-Night Baja Cruise from San Diego,DW2325,30867365,3SAN,Disney Wonder,MEXICAN RIVIERA,BAJA,3,True,True,False,,,
4_baja_san_diego,4-Night Baja Cruise from San Diego,DW2231,30076967,4SAN,Disney Wonder,MEXICAN RIVIERA,BAJA,4,True,True,False,,,
4_baja_san_diego,4-Night Baja Cruise from San Diego,DW2238,30076974,4SAN,Disney Wonder,MEXICAN RIVIERA,BAJA,4,True,True,False,,,
4_baja_san_diego,4-Night Baja Cruise from San Diego,DW2225,30076961,4SAN,Disney Wonder,MEXICAN RIVIERA,BAJA,4,True,True,False,,,
4_baja_san_diego,4-Night Baja Cruise from San Diego,DW2242,30076978,4SAN,Disney Wonder,MEXICAN RIVIERA,BAJA,4,True,True,False,,,
4_baja_san_diego,4-Night Baja Cruise from San Diego,DW2289,30867329,4SAN,Disney Wonder,MEXICAN RIVIERA,BAJA,4,True,True,False,,,
4_baja_san_diego,4-Night Baja Cruise from San Diego,DW2252,30076988,4SAN,Disney Wonder,MEXICAN RIVIERA,BAJA,4,True,True,False,,,
4_baja_san_diego,4-Night Baja Cruise from San Diego,DW2310,30867350,4SAN,Disney Wonder,MEXICAN RIVIERA,BAJA,4,True,True,False,,,
4_baja_san_diego,4-Night Baja Cruise from San Diego,DW2245,30076981,4SAN,Disney Wonder,MEXICAN RIVIERA,BAJA,4,True,True,False,,,
4_baja_san_diego,4-Night Baja Cruise from San Diego,DW2247,30076983,4SAN,Disney Wonder,MEXICAN RIVIERA,BAJA,4,True,True,False,,,
3_baja_san_diego_merrytime,3-Night Baja Cruise from San Diego,DW2221,30076957,3SAN,Disney Wonder,MEXICAN RIVIERA,BAJA,3,True,True,False,,,
3_baja_san_diego_merrytime,3-Night Baja Cruise from San Diego,DW2214,30076950,3SAN,Disney Wonder,MEXICAN RIVIERA,BAJA,3,True,True,False,,,
3_baja_san_diego_merrytime,3-Night Baja Cruise from San Diego,DW2291,30867331,3SAN,Disney Wonder,MEXICAN RIVIERA,BAJA,3,True,True,False,,,
3_baja_san_diego_merrytime,3-Night Baja Cruise from San Diego,DW2218,30076954,3SAN,Disney Wonder,MEXICAN RIVIERA,BAJA,3,True,True,False,,,
3_baja_san_diego,3-Night Baja Cruise from San Diego,DW2232,30076968,3SAN,Disney Wonder,MEXICAN RIVIERA,BAJA,3,True,True,False,,,
3_baja_san_diego,3-Night Baja Cruise from San Diego,DW2228,30076964,3SAN,Disney Wonder,MEXICAN RIVIERA,BAJA,3,True,True,False,,,
3_baja_san_diego,3-Night Baja Cruise from San Diego,DW2246,30076982,3SAN,Disney Wonder,MEXICAN RIVIERA,BAJA,3,True,True,False,,,
4_baja_san_diego,4-Night Baja Cruise from San Diego,DW2229,30076965,4SAN,Disney Wonder,MEXICAN RIVIERA,BAJA,4,True,True,False,,,
4_baja_san_diego,4-Night Baja Cruise from San Diego,DW2233,30076969,4SAN,Disney Wonder,MEXICAN RIVIERA,BAJA,4,True,True,False,,,
4_baja_san_diego,4-Night Baja Cruise from San Diego,DW2212,30076948,4SAN,Disney Wonder,MEXICAN RIVIERA,BAJA,4,True,True,False,,,
4_baja_san_diego,4-Night Baja Cruise from San Diego,DW2306,30867346,4SAN,Disney Wonder,MEXICAN RIVIERA,BAJA,4,True,True,False,,,
4_baja_san_diego,4-Night Baja Cruise from San Diego,DW2303,30867343,4SAN,Disney Wonder,MEXICAN RIVIERA,BAJA,4,True,True,False,,,
4_baja_san_diego,4-Night Baja Cruise from San Diego,DW2240,30076976,4SAN,Disney Wonder,MEXICAN RIVIERA,BAJA,4,True,True,False,,,
4_baja_san_diego,4-Night Baja Cruise from San Diego,DW2330,30867370,4SAN,Disney Wonder,MEXICAN RIVIERA,BAJA,4,True,True,False,,,
4_baja_san_diego,4-Night Baja Cruise from San Diego,DW2315,30867355,4SAN,Disney Wonder,MEXICAN RIVIERA,BAJA,4,True,True,False,,,
4_baja_san_diego,4-Night Baja Cruise from San Diego,DW2290,30867330,4SAN,Disney Wonder,MEXICAN RIVIERA,BAJA,4,True,True,False,,,
4_baja_san_diego,4-Night Baja Cruise from San Diego,DW2324,30867364,4SAN,Disney Wonder,MEXICAN RIVIERA,BAJA,4,True,True,False,,,
4_baja_san_diego,4-Night Baja Cruise from San Diego,DW2307,30867347,4SAN,Disney Wonder,MEXICAN RIVIERA,BAJA,4,True,True,False,,,
4_baja_san_diego,4-Night Baja Cruise from San Diego,DW2313,30867353,4SAN,Disney Wonder,MEXICAN RIVIERA,BAJA,4,True,True,False,,,
4_baja_san_diego,4-Night Baja Cruise from San Diego,DW2236,30076972,4SAN,Disney Wonder,MEXICAN RIVIERA,BAJA,4,True,True,False,,,
4_baja_san_diego,4-Night Baja Cruise from San Diego,DW2319,30867359,4SAN,Disney Wonder,MEXICAN RIVIERA,BAJA,4,True,True,False,,,
4_baja_san_diego,4-Night Baja Cruise from San Diego,DW2327,30867367,4SAN,Disney Wonder,MEXICAN RIVIERA,BAJA,4,True,True,False,,,
4_baja_san_diego,4-Night Baja Cruise from San Diego,DW2328,30867368,4SAN,Disney Wonder,MEXICAN RIVIERA,BAJA,4,True,True,False,,,
4_baja_san_diego,4-Night Baja Cruise from San Diego,DW2320,30867360,4SAN,Disney Wonder,MEXICAN RIVIERA,BAJA,4,True,True,False,,,
4_baja_san_diego,4-Night Baja Cruise from San Diego,DW2322,30867362,4SAN,Disney Wonder,MEXICAN RIVIERA,BAJA,4,True,True,False,,,
3_bahamian_fort_lauderdale,3-Night Bahamian Cruise from Fort Lauderdale,DD1526,30063665,3PEF,Disney Dream,BAHAMAS,BAHAMAS,3,True,True,False,,,
3_bahamian_fort_lauderdale,3-Night Bahamian Cruise from Fort Lauderdale,DD1654,30888267,3PEF,Disney Dream,BAHAMAS,BAHAMAS,3,True,True,False,,,
3_bahamian_fort_lauderdale,3-Night Bahamian Cruise from Fort Lauderdale,DD1668,30888332,3PEF,Disney Dream,BAHAMAS,BAHAMAS,3,True,True,False,,,
4_baja_san_diego_merrytime,4-Night Baja Cruise from San Diego,DW2213,30076949,4SAN,Disney Wonder,MEXICAN RIVIERA,BAJA,4,True,True,False,,,
3_bahamian_fort_lauderdale_merrytime,3-Night Bahamian Cruise from Fort Lauderdale,DD1535,30063674,3PEF,Disney Dream,BAHAMAS,BAHAMAS,3,True,True,False,,,
3_bahamian_fort_lauderdale_merrytime,3-Night Bahamian Cruise from Fort Lauderdale,DD1533,30063672,3PEF,Disney Dream,BAHAMAS,BAHAMAS,3,True,True,False,,,
3_bahamian_fort_lauderdale_merrytime,3-Night Bahamian Cruise from Fort Lauderdale,DD1529,30063668,3PEF,Disney Dream,BAHAMAS,BAHAMAS,3,True,True,False,,,
3_bahamian_fort_lauderdale_merrytime,3-Night Bahamian Cruise from Fort Lauderdale,DD1531,30063670,3PEF,Disney Dream,BAHAMAS,BAHAMAS,3,True,True,False,,,
3_bahamian_fort_lauderdale_merrytime,3-Night Bahamian Cruise from Fort Lauderdale,DD1537,30063676,3PEF,Disney Dream,BAHAMAS,BAHAMAS,3,True,True,False,,,
3_bahamian_fort_lauderdale_merrytime,3-Night Bahamian Cruise from Fort Lauderdale,DD1634,30888006,3PEF,Disney Dream,BAHAMAS,BAHAMAS,3,True,True,False,,,
3_bahamian_fort_lauderdale_merrytime,3-Night Bahamian Cruise from Fort Lauderdale,DD1632,30888004,3PEF,Disney Dream,BAHAMAS,BAHAMAS,3,True,True,False,,,
3_bahamian_fort_lauderdale_merrytime,3-Night Bahamian Cruise from Fort Lauderdale,DD1629,30888001,3PEF,Disney Dream,BAHAMAS,BAHAMAS,3,True,True,False,,,
3_bahamian_fort_lauderdale_merrytime,3-Night Bahamian Cruise from Fort Lauderdale,DD1636,30888008,3PEF,Disney Dream,BAHAMAS,BAHAMAS,3,True,True,False,,,
4_baja_san_diego_merrytime,4-Night Baja Cruise from San Diego,DW2219,30076955,4SAN,Disney Wonder,MEXICAN RIVIERA,BAJA,4,True,True,False,,,
4_baja_san_diego_merrytime,4-Night Baja Cruise from San Diego,DW2292,30867332,4SAN,Disney Wonder,MEXICAN RIVIERA,BAJA,4,True,True,False,,,
4_baja_san_diego_merrytime,4-Night Baja Cruise from San Diego,DW2298,30867338,4SAN,Disney Wonder,MEXICAN RIVIERA,BAJA,4,True,True,False,,,
4_baja_san_diego_merrytime,4-Night Baja Cruise from San Diego,DW2220,30076956,4SAN,Disney Wonder,MEXICAN RIVIERA,BAJA,4,True,True,False,,,
4_baja_san_diego_merrytime,4-Night Baja Cruise from San Diego,DW2293,30867333,4SAN,Disney Wonder,MEXICAN RIVIERA,BAJA,4,True,True,False,,,
4_baja_san_diego_merrytime,4-Night Baja Cruise from San Diego,DW2222,30076958,4SAN,Disney Wonder,MEXICAN RIVIERA,BAJA,4,True,True,False,,,
4_baja_san_diego_halloween,4-Night Baja Cruise from San Diego,DW2208,30076944,4SAN,Disney Wonder,MEXICAN RIVIERA,BAJA,4,True,True,False,,,
3_baja_san_diego_halloween,3-Night Baja Cruise from San Diego,DM1755,30063262,3SAN,Disney Magic,MEXICAN RIVIERA,BAJA,3,True,True,False,,,
3_baja_san_diego_halloween,3-Night Baja Cruise from San Diego,DM1816,30884973,3SAN,Disney Magic,MEXICAN RIVIERA,BAJA,3,True,True,False,,,
3_baja_san_diego_halloween,3-Night Baja Cruise from San Diego,DW2280,30867320,3SAN,Disney Wonder,MEXICAN RIVIERA,BAJA,3,True,True,False,,,
3_baja_san_diego_halloween,3-Night Baja Cruise from San Diego,DW2284,30867324,3SAN,Disney Wonder,MEXICAN RIVIERA,BAJA,3,True,True,False,,,
3_baja_san_diego_halloween,3-Night Baja Cruise from San Diego,DW2282,30867322,3SAN,Disney Wonder,MEXICAN RIVIERA,BAJA,3,True,True,False,,,
3_baja_san_diego_halloween,3-Night Baja Cruise from San Diego,DM1820,30884977,3SAN,Disney Magic,MEXICAN RIVIERA,BAJA,3,True,True,False,,,
3_baja_san_diego_halloween,3-Night Baja Cruise from San Diego,DW2206,30076942,3SAN,Disney Wonder,MEXICAN RIVIERA,BAJA,3,True,True,False,,,
3_baja_san_diego_halloween,3-Night Baja Cruise from San Diego,DM1753,30063260,3SAN,Disney Magic,MEXICAN RIVIERA,BAJA,3,True,True,False,,,
4_pacific_coast_san_diego_vancouver,4-Night Pacific Coast Cruise from San Diego ending in Vancouver,DW2332,30867372,4SAVA,Disney Wonder,CALIFORNIA COAST,ALASKA N A,4,True,True,False,,,
4_pacific_coast_san_diego_vancouver,4-Night Pacific Coast Cruise from San Diego ending in Vancouver,DW2255,30076991,4SAVA,Disney Wonder,CALIFORNIA COAST,ALASKA N A,4,True,True,False,,,
4_pacific_coast_san_diego_vancouver,4-Night Pacific Coast Cruise from San Diego ending in Vancouver,DM1793,30076792,4SAVA,Disney Magic,CALIFORNIA COAST,ALASKA N A,4,True,True,False,,,
3_bahamian_fort_lauderdale,3-Night Bahamian Cruise from Fort Lauderdale,DD1541,30063680,3PEF,Disney Dream,BAHAMAS,BAHAMAS,3,True,True,False,,,
3_bahamian_fort_lauderdale,3-Night Bahamian Cruise from Fort Lauderdale,DD1546,30063685,3PEF,Disney Dream,BAHAMAS,BAHAMAS,3,True,True,False,,,
3_bahamian_fort_lauderdale,3-Night Bahamian Cruise from Fort Lauderdale,DD1642,30888146,3PEF,Disney Dream,BAHAMAS,BAHAMAS,3,True,True,False,,,
3_bahamian_fort_lauderdale,3-Night Bahamian Cruise from Fort Lauderdale,DD1652,30888265,3PEF,Disney Dream,BAHAMAS,BAHAMAS,3,True,True,False,,,
3_bahamian_fort_lauderdale,3-Night Bahamian Cruise from Fort Lauderdale,DD1650,30888263,3PEF,Disney Dream,BAHAMAS,BAHAMAS,3,True,True,False,,,
3_bahamian_fort_lauderdale,3-Night Bahamian Cruise from Fort Lauderdale,DD1648,30888152,3PEF,Disney Dream,BAHAMAS,BAHAMAS,3,True,True,False,,,
3_bahamian_fort_lauderdale,3-Night Bahamian Cruise from Fort Lauderdale,DD1646,30888150,3PEF,Disney Dream,BAHAMAS,BAHAMAS,3,True,True,False,,,
3_bahamian_fort_lauderdale,3-Night Bahamian Cruise from Fort Lauderdale,DD1656,30888269,3PEF,Disney Dream,BAHAMAS,BAHAMAS,3,True,True,False,,,
3_bahamian_fort_lauderdale,3-Night Bahamian Cruise from Fort Lauderdale,DD1553,30063692,3PEF,Disney Dream,BAHAMAS,BAHAMAS,3,True,True,False,,,
3_bahamian_fort_lauderdale,3-Night Bahamian Cruise from Fort Lauderdale,DD1548,30063687,3PEF,Disney Dream,BAHAMAS,BAHAMAS,3,True,True,False,,,
3_bahamian_fort_lauderdale,3-Night Bahamian Cruise from Fort Lauderdale,DD1644,30888148,3PEF,Disney Dream,BAHAMAS,BAHAMAS,3,True,True,False,,,
3_bahamian_fort_lauderdale,3-Night Bahamian Cruise from Fort Lauderdale,DD1658,30888271,3PEF,Disney Dream,BAHAMAS,BAHAMAS,3,True,True,False,,,
3_bahamian_fort_lauderdale,3-Night Bahamian Cruise from Fort Lauderdale,DD1543,30063682,3PEF,Disney Dream,BAHAMAS,BAHAMAS,3,True,True,False,,,
3_bahamian_fort_lauderdale,3-Night Bahamian Cruise from Fort Lauderdale,DD1666,30888330,3PEF,Disney Dream,BAHAMAS,BAHAMAS,3,True,True,False,,,
3_bahamian_fort_lauderdale,3-Night Bahamian Cruise from Fort Lauderdale,DD1664,30888328,3PEF,Disney Dream,BAHAMAS,BAHAMAS,3,True,True,False,,,
3_bahamian_fort_lauderdale,3-Night Bahamian Cruise from Fort Lauderdale,DD1565,30063704,3PEF,Disney Dream,BAHAMAS,BAHAMAS,3,True,True,False,,,
3_bahamian_fort_lauderdale,3-Night Bahamian Cruise from Fort Lauderdale,DD1555,30063694,3PEF,Disney Dream,BAHAMAS,BAHAMAS,3,True,True,False,,,
3_bahamian_fort_lauderdale,3-Night Bahamian Cruise from Fort Lauderdale,DD1563,30063702,3PEF,Disney Dream,BAHAMAS,BAHAMAS,3,True,True,False,,,
3_bahamian_fort_lauderdale,3-Night Bahamian Cruise from Fort Lauderdale,DD1660,30888324,3PEF,Disney Dream,BAHAMAS,BAHAMAS,3,True,True,False,,,
3_bahamian_fort_lauderdale,3-Night Bahamian Cruise from Fort Lauderdale,DD1557,30063696,3PEF,Disney Dream,BAHAMAS,BAHAMAS,3,True,True,False,,,
3_bahamian_fort_lauderdale,3-Night Bahamian Cruise from Fort Lauderdale,WD0136,30469036,3PEF,Disney Destiny,BAHAMAS,BAHAMAS,3,True,True,False,,,
3_bahamian_fort_lauderdale,3-Night Bahamian Cruise from Fort Lauderdale,DD1662,30888326,3PEF,Disney Dream,BAHAMAS,BAHAMAS,3,True,True,False,,,
3_bahamian_fort_lauderdale,3-Night Bahamian Cruise from Fort Lauderdale,DD1550,30063689,3PEF,Disney Dream,BAHAMAS,BAHAMAS,3,True,True,False,,,
3_bahamian_fort_lauderdale,3-Night Bahamian Cruise from Fort Lauderdale,DD1559,30063698,3PEF,Disney Dream,BAHAMAS,BAHAMAS,3,True,True,False,,,
3_bahamian_fort_lauderdale,3-Night Bahamian Cruise from Fort Lauderdale,DD1670,30888334,3PEF,Disney Dream,BAHAMAS,BAHAMAS,3,True,True,False,,,
3_bahamian_fort_lauderdale,3-Night Bahamian Cruise from Fort Lauderdale,DD1561,30063700,3PEF,Disney Dream,BAHAMAS,BAHAMAS,3,True,True,False,,,
4_pacific_coast_vancouver_san_diego,4-Night Pacific Coast Cruise from Vancouver ending in San Diego,DW2278,30867318,4VASA,Disney Wonder,CALIFORNIA COAST,ALASKA S A,4,True,True,False,,,
4_pacific_coast_vancouver_san_diego,4-Night Pacific Coast Cruise from Vancouver ending in San Diego,DM1813,30884970,4VASA,Disney Magic,CALIFORNIA COAST,ALASKA S A,4,True,True,False,,,
4_western_caribbean_galveston_merrytime,4-Night Western Caribbean Cruise from Galveston,DM1765,30063270,4GLS,Disney Magic,CARIBBEAN,WESTERN,4,True,True,False,,,
4_western_caribbean_galveston_merrytime,4-Night Western Caribbean Cruise from Galveston,DM1764,30063269,4GLS,Disney Magic,CARIBBEAN,WESTERN,4,True,True,False,,,
4_western_caribbean_galveston_merrytime,4-Night Western Caribbean Cruise from Galveston,DM1826,30885022,4GLS,Disney Magic,CARIBBEAN,WESTERN,4,True,True,False,,,
4_western_caribbean_galveston_merrytime,4-Night Western Caribbean Cruise from Galveston,DM1829,30885025,4GLS,Disney Magic,CARIBBEAN,WESTERN,4,True,True,False,,,
4_western_caribbean_galveston_merrytime,4-Night Western Caribbean Cruise from Galveston,DM1761,30063266,4GLS,Disney Magic,CARIBBEAN,WESTERN,4,True,True,False,,,
5_mexican_riviera_san_diego_halloween,5-Night Mexican Riviera Cruise from San Diego,DW2209,30076945,5SAN,Disney Wonder,MEXICAN RIVIERA,BAJA,5,True,True,False,,,
5_mexican_riviera_san_diego_halloween,5-Night Mexican Riviera Cruise from San Diego,DM1756,30063387,5SAN,Disney Magic,MEXICAN RIVIERA,BAJA,5,True,True,False,,,
5_mexican_riviera_san_diego_halloween,5-Night Mexican Riviera Cruise from San Diego,DW2287,30867327,5SAN,Disney Wonder,MEXICAN RIVIERA,BAJA,5,True,True,False,,,
5_mexican_riviera_san_diego_halloween,5-Night Mexican Riviera Cruise from San Diego,DM1819,30884976,5SAN,Disney Magic,MEXICAN RIVIERA,BAJA,5,True,True,False,,,
3_bahamian_port_canaveral,3-Night Bahamian Cruise from Port Canaveral,WW0526,30062285,3PCV,Disney Wish,BAHAMAS,BAHAMAS,3,True,True,False,,,
3_bahamian_port_canaveral,3-Night Bahamian Cruise from Port Canaveral,DF0851,30056328,3PCV,Disney Fantasy,BAHAMAS,BAHAMAS,3,True,True,False,,,
3_bahamian_port_canaveral,3-Night Bahamian Cruise from Port Canaveral,WW0550,30062309,3PCV,Disney Wish,BAHAMAS,BAHAMAS,3,True,True,False,,,
3_bahamian_port_canaveral,3-Night Bahamian Cruise from Port Canaveral,WW0544,30062303,3PCV,Disney Wish,BAHAMAS,BAHAMAS,3,True,True,False,,,
3_bahamian_port_canaveral,3-Night Bahamian Cruise from Port Canaveral,WW0548,30062307,3PCV,Disney Wish,BAHAMAS,BAHAMAS,3,True,True,False,,,
3_bahamian_port_canaveral,3-Night Bahamian Cruise from Port Canaveral,WW0556,30062315,3PCV,Disney Wish,BAHAMAS,BAHAMAS,3,True,True,False,,,
3_bahamian_port_canaveral,3-Night Bahamian Cruise from Port Canaveral,WW0558,30062317,3PCV,Disney Wish,BAHAMAS,BAHAMAS,3,True,True,False,,,
3_bahamian_port_canaveral,3-Night Bahamian Cruise from Port Canaveral,DD1604,30468011,3PCV,Disney Dream,BAHAMAS,BAHAMAS,3,True,True,False,,,
3_bahamian_port_canaveral,3-Night Bahamian Cruise from Port Canaveral,DD1569,30063711,3PCV,Disney Dream,BAHAMAS,BAHAMAS,3,True,True,False,,,
3_bahamian_port_canaveral,3-Night Bahamian Cruise from Port Canaveral,DD1570,30063712,3PCV,Disney Dream,BAHAMAS,BAHAMAS,3,True,True,False,,,
3_bahamian_port_canaveral,3-Night Bahamian Cruise from Port Canaveral,DD1602,30468009,3PCV,Disney Dream,BAHAMAS,BAHAMAS,3,True,True,False,,,
3_bahamian_port_canaveral,3-Night Bahamian Cruise from Port Canaveral,WW0552,30062311,3PCV,Disney Wish,BAHAMAS,BAHAMAS,3,True,True,False,,,
3_bahamian_port_canaveral,3-Night Bahamian Cruise from Port Canaveral,WW0625,30887071,3PCV,Disney Wish,BAHAMAS,BAHAMAS,3,True,True,False,,,
3_bahamian_port_canaveral,3-Night Bahamian Cruise from Port Canaveral,DD1572,30063714,3PCV,Disney Dream,BAHAMAS,BAHAMAS,3,True,True,False,,,
3_bahamian_port_canaveral,3-Night Bahamian Cruise from Port Canaveral,WW0629,30887075,3PCV,Disney Wish,BAHAMAS,BAHAMAS,3,True,True,False,,,
3_bahamian_port_canaveral,3-Night Bahamian Cruise from Port Canaveral,DD1600,30468007,3PCV,Disney Dream,BAHAMAS,BAHAMAS,3,True,True,False,,,
3_bahamian_port_canaveral,3-Night Bahamian Cruise from Port Canaveral,DD1574,30063716,3PCV,Disney Dream,BAHAMAS,BAHAMAS,3,True,True,False,,,
3_bahamian_port_canaveral,3-Night Bahamian Cruise from Port Canaveral,WW0573,30062332,3PCV,Disney Wish,BAHAMAS,BAHAMAS,3,True,True,False,,,
3_bahamian_port_canaveral,3-Night Bahamian Cruise from Port Canaveral,WW0572,30062331,3PCV,Disney Wish,BAHAMAS,BAHAMAS,3,True,True,False,,,
3_bahamian_port_canaveral,3-Night Bahamian Cruise from Port Canaveral,WW0635,30887081,3PCV,Disney Wish,BAHAMAS,BAHAMAS,3,True,True,False,,,
3_bahamian_port_canaveral,3-Night Bahamian Cruise from Port Canaveral,WW0621,30887067,3PCV,Disney Wish,BAHAMAS,BAHAMAS,3,True,True,False,,,
3_bahamian_port_canaveral,3-Night Bahamian Cruise from Port Canaveral,DD1624,30887996,3PCV,Disney Dream,BAHAMAS,BAHAMAS,3,True,True,False,,,
3_bahamian_port_canaveral,3-Night Bahamian Cruise from Port Canaveral,DD1606,30468013,3PCV,Disney Dream,BAHAMAS,BAHAMAS,3,True,True,False,,,
3_bahamian_port_canaveral,3-Night Bahamian Cruise from Port Canaveral,WW0606,30887052,3PCV,Disney Wish,BAHAMAS,BAHAMAS,3,True,True,False,,,
3_bahamian_port_canaveral,3-Night Bahamian Cruise from Port Canaveral,WW0570,30062329,3PCV,Disney Wish,BAHAMAS,BAHAMAS,3,True,True,False,,,
3_bahamian_port_canaveral,3-Night Bahamian Cruise from Port Canaveral,WW0631,30887077,3PCV,Disney Wish,BAHAMAS,BAHAMAS,3,True,True,False,,,
3_bahamian_port_canaveral,3-Night Bahamian Cruise from Port Canaveral,WW0560,30062319,3PCV,Disney Wish,BAHAMAS,BAHAMAS,3,True,True,False,,,
3_bahamian_port_canaveral,3-Night Bahamian Cruise from Port Canaveral,WW0653,30887099,3PCV,Disney Wish,BAHAMAS,BAHAMAS,3,True,True,False,,,
3_bahamian_port_canaveral,3-Night Bahamian Cruise from Port Canaveral,WW0574,30062333,3PCV,Disney Wish,BAHAMAS,BAHAMAS,3,True,True,False,,,
3_bahamian_port_canaveral,3-Night Bahamian Cruise from Port Canaveral,WW0633,30887079,3PCV,Disney Wish,BAHAMAS,BAHAMAS,3,True,True,False,,,
3_bahamian_port_canaveral,3-Night Bahamian Cruise from Port Canaveral,WW0655,30887101,3PCV,Disney Wish,BAHAMAS,BAHAMAS,3,True,True,False,,,
3_bahamian_port_canaveral,3-Night Bahamian Cruise from Port Canaveral,WW0651,30887097,3PCV,Disney Wish,BAHAMAS,BAHAMAS,3,True,True,False,,,
3_bahamian_port_canaveral,3-Night Bahamian Cruise from Port Canaveral,WW0623,30887069,3PCV,Disney Wish,BAHAMAS,BAHAMAS,3,True,True,False,,,
3_bahamian_port_canaveral,3-Night Bahamian Cruise from Port Canaveral,WW0568,30062327,3PCV,Disney Wish,BAHAMAS,BAHAMAS,3,True,True,False,,,
3_bahamian_port_canaveral,3-Night Bahamian Cruise from Port Canaveral,WW0562,30062321,3PCV,Disney Wish,BAHAMAS,BAHAMAS,3,True,True,False,,,
3_bahamian_port_canaveral,3-Night Bahamian Cruise from Port Canaveral,WW0546,30062305,3PCV,Disney Wish,BAHAMAS,BAHAMAS,3,True,True,False,,,
3_bahamian_port_canaveral,3-Night Bahamian Cruise from Port Canaveral,WW0564,30062323,3PCV,Disney Wish,BAHAMAS,BAHAMAS,3,True,True,False,,,
3_bahamian_port_canaveral,3-Night Bahamian Cruise from Port Canaveral,WW0637,30887083,3PCV,Disney Wish,BAHAMAS,BAHAMAS,3,True,True,False,,,
3_bahamian_port_canaveral,3-Night Bahamian Cruise from Port Canaveral,WW0554,30062313,3PCV,Disney Wish,BAHAMAS,BAHAMAS,3,True,True,False,,,
3_bahamian_port_canaveral,3-Night Bahamian Cruise from Port Canaveral,DD1576,30063718,3PCV,Disney Dream,BAHAMAS,BAHAMAS,3,True,True,False,,,
3_bahamian_port_canaveral,3-Night Bahamian Cruise from Port Canaveral,WW0645,30887091,3PCV,Disney Wish,BAHAMAS,BAHAMAS,3,True,True,False,,,
3_bahamian_port_canaveral,3-Night Bahamian Cruise from Port Canaveral,DD1580,30467987,3PCV,Disney Dream,BAHAMAS,BAHAMAS,3,True,True,False,,,
3_bahamian_port_canaveral,3-Night Bahamian Cruise from Port Canaveral,DD1582,30467989,3PCV,Disney Dream,BAHAMAS,BAHAMAS,3,True,True,False,,,
3_bahamian_port_canaveral,3-Night Bahamian Cruise from Port Canaveral,WW0639,30887085,3PCV,Disney Wish,BAHAMAS,BAHAMAS,3,True,True,False,,,
3_bahamian_port_canaveral,3-Night Bahamian Cruise from Port Canaveral,WW0641,30887087,3PCV,Disney Wish,BAHAMAS,BAHAMAS,3,True,True,False,,,
3_bahamian_port_canaveral,3-Night Bahamian Cruise from Port Canaveral,DD1596,30468003,3PCV,Disney Dream,BAHAMAS,BAHAMAS,3,True,True,False,,,
3_bahamian_port_canaveral,3-Night Bahamian Cruise from Port Canaveral,DD1584,30467991,3PCV,Disney Dream,BAHAMAS,BAHAMAS,3,True,True,False,,,
3_bahamian_port_canaveral,3-Night Bahamian Cruise from Port Canaveral,DD1592,30467999,3PCV,Disney Dream,BAHAMAS,BAHAMAS,3,True,True,False,,,
3_bahamian_port_canaveral,3-Night Bahamian Cruise from Port Canaveral,DD1594,30468001,3PCV,Disney Dream,BAHAMAS,BAHAMAS,3,True,True,False,,,
3_bahamian_port_canaveral,3-Night Bahamian Cruise from Port Canaveral,DD1590,30467997,3PCV,Disney Dream,BAHAMAS,BAHAMAS,3,True,True,False,,,
3_bahamian_port_canaveral,3-Night Bahamian Cruise from Port Canaveral,DD1578,30063720,3PCV,Disney Dream,BAHAMAS,BAHAMAS,3,True,True,False,,,
3_bahamian_port_canaveral,3-Night Bahamian Cruise from Port Canaveral,WW0647,30887093,3PCV,Disney Wish,BAHAMAS,BAHAMAS,3,True,True,False,,,
3_bahamian_port_canaveral,3-Night Bahamian Cruise from Port Canaveral,DD1588,30467995,3PCV,Disney Dream,BAHAMAS,BAHAMAS,3,True,True,False,,,
3_bahamian_port_canaveral,3-Night Bahamian Cruise from Port Canaveral,WW0566,30062325,3PCV,Disney Wish,BAHAMAS,BAHAMAS,3,True,True,False,,,
3_bahamian_port_canaveral,3-Night Bahamian Cruise from Port Canaveral,WW0649,30887095,3PCV,Disney Wish,BAHAMAS,BAHAMAS,3,True,True,False,,,
3_bahamian_port_canaveral,3-Night Bahamian Cruise from Port Canaveral,WW0541,30062300,3PCV,Disney Wish,BAHAMAS,BAHAMAS,3,True,True,False,,,
4_bahamian_fort_lauderdale_halloween,4-Night Bahamian Cruise from Fort Lauderdale,DD1523,30063662,4PEF,Disney Dream,BAHAMAS,BAHAMAS,4,True,True,False,,,
4_bahamian_fort_lauderdale_halloween,4-Night Bahamian Cruise from Fort Lauderdale,WD0145,30853262,4PEF,Disney Destiny,BAHAMAS,BAHAMAS,4,True,True,False,,,
4_bahamian_fort_lauderdale_halloween,4-Night Bahamian Cruise from Fort Lauderdale,WD0151,30853268,4PEF,Disney Destiny,BAHAMAS,BAHAMAS,4,True,True,False,,,
4_bahamian_fort_lauderdale_halloween,4-Night Bahamian Cruise from Fort Lauderdale,WD0148,30853265,4PEF,Disney Destiny,BAHAMAS,BAHAMAS,4,True,True,False,,,
4_western_caribbean_galveston,4-Night Western Caribbean Cruise from Galveston,DM1833,30885063,4GLS,Disney Magic,CARIBBEAN,WESTERN,4,True,True,False,,,
4_western_caribbean_galveston,4-Night Western Caribbean Cruise from Galveston,DM1771,30063276,4GLS,Disney Magic,CARIBBEAN,WESTERN,4,True,True,False,,,
4_western_caribbean_galveston,4-Night Western Caribbean Cruise from Galveston,DM1835,30885065,4GLS,Disney Magic,CARIBBEAN,WESTERN,4,True,True,False,,,
4_western_caribbean_galveston,4-Night Western Caribbean Cruise from Galveston,DM1839,30885069,4GLS,Disney Magic,CARIBBEAN,WESTERN,4,True,True,False,,,
4_western_caribbean_galveston,4-Night Western Caribbean Cruise from Galveston,DM1843,30885236,4GLS,Disney Magic,CARIBBEAN,WESTERN,4,True,True,False,,,
4_western_caribbean_galveston,4-Night Western Caribbean Cruise from Galveston,DM1770,30063275,4GLS,Disney Magic,CARIBBEAN,WESTERN,4,True,True,False,,,
4_western_caribbean_galveston,4-Night Western Caribbean Cruise from Galveston,DM1769,30063274,4GLS,Disney Magic,CARIBBEAN,WESTERN,4,True,True,False,,,
4_western_caribbean_galveston,4-Night Western Caribbean Cruise from Galveston,DM1790,30063295,4GLS,Disney Magic,CARIBBEAN,WESTERN,4,True,True,False,,,
4_western_caribbean_galveston,4-Night Western Caribbean Cruise from Galveston,DM1787,30063292,4GLS,Disney Magic,CARIBBEAN,WESTERN,4,True,True,False,,,
4_western_caribbean_galveston,4-Night Western Caribbean Cruise from Galveston,DM1784,30063289,4GLS,Disney Magic,CARIBBEAN,WESTERN,4,True,True,False,,,
4_western_caribbean_galveston,4-Night Western Caribbean Cruise from Galveston,DM1848,30885241,4GLS,Disney Magic,CARIBBEAN,WESTERN,4,True,True,False,,,
4_western_caribbean_galveston,4-Night Western Caribbean Cruise from Galveston,DM1846,30885239,4GLS,Disney Magic,CARIBBEAN,WESTERN,4,True,True,False,,,
4_western_caribbean_galveston,4-Night Western Caribbean Cruise from Galveston,DM1824,30885020,4GLS,Disney Magic,CARIBBEAN,WESTERN,4,True,True,False,,,
4_bahamian_fort_lauderdale_halloween,4-Night Bahamian Cruise from Fort Lauderdale,DD1521,30063660,4PEF,Disney Dream,BAHAMAS,BAHAMAS,4,True,True,False,,,
4_bahamian_fort_lauderdale_halloween,4-Night Bahamian Cruise from Fort Lauderdale,WD0141,30853258,4PEF,Disney Destiny,BAHAMAS,BAHAMAS,4,True,True,False,,,
3_bahamian_fort_lauderdale_halloween,3-Night Bahamian Cruise from Fort Lauderdale,DD1520,30063659,3PEF,Disney Dream,BAHAMAS,BAHAMAS,3,True,True,False,,,
3_bahamian_fort_lauderdale_halloween,3-Night Bahamian Cruise from Fort Lauderdale,DD1522,30063661,3PEF,Disney Dream,BAHAMAS,BAHAMAS,3,True,True,False,,,
3_bahamian_fort_lauderdale_halloween,3-Night Bahamian Cruise from Fort Lauderdale,WD0140,30853257,3PEF,Disney Destiny,BAHAMAS,BAHAMAS,3,True,True,False,,,
3_bahamian_fort_lauderdale_halloween,3-Night Bahamian Cruise from Fort Lauderdale,WD0142,30853259,3PEF,Disney Destiny,BAHAMAS,BAHAMAS,3,True,True,False,,,
4_bahamian_fort_lauderdale_merrytime,4-Night Bahamian Cruise from Fort Lauderdale,DD1532,30063671,4PEF,Disney Dream,BAHAMAS,BAHAMAS,4,True,True,False,,,
4_bahamian_fort_lauderdale_merrytime,4-Night Bahamian Cruise from Fort Lauderdale,DD1534,30063673,4PEF,Disney Dream,BAHAMAS,BAHAMAS,4,True,True,False,,,
4_bahamian_fort_lauderdale_merrytime,4-Night Bahamian Cruise from Fort Lauderdale,DD1536,30063675,4PEF,Disney Dream,BAHAMAS,BAHAMAS,4,True,True,False,,,
4_bahamian_fort_lauderdale_merrytime,4-Night Bahamian Cruise from Fort Lauderdale,DD1633,30888005,4PEF,Disney Dream,BAHAMAS,BAHAMAS,4,True,True,False,,,
4_bahamian_fort_lauderdale_merrytime,4-Night Bahamian Cruise from Fort Lauderdale,WD0080,30077465,4PEF,Disney Destiny,BAHAMAS,BAHAMAS,4,True,True,False,,,
4_bahamian_fort_lauderdale_merrytime,4-Night Bahamian Cruise from Fort Lauderdale,WD0156,30860641,4PEF,Disney Destiny,BAHAMAS,BAHAMAS,4,True,True,False,,,
4_bahamian_fort_lauderdale_merrytime,4-Night Bahamian Cruise from Fort Lauderdale,DD1637,30888009,4PEF,Disney Dream,BAHAMAS,BAHAMAS,4,True,True,False,,,
4_bahamian_fort_lauderdale_merrytime,4-Night Bahamian Cruise from Fort Lauderdale,WD0085,30056847,4PEF,Disney Destiny,BAHAMAS,BAHAMAS,4,True,True,False,,,
4_bahamian_fort_lauderdale,4-Night Bahamian Cruise from Fort Lauderdale,DD1527,30063666,4PEF,Disney Dream,BAHAMAS,BAHAMAS,4,True,True,False,,,
4_bahamian_fort_lauderdale,4-Night Bahamian Cruise from Fort Lauderdale,DD1649,30888262,4PEF,Disney Dream,BAHAMAS,BAHAMAS,4,True,True,False,,,
4_bahamian_fort_lauderdale,4-Night Bahamian Cruise from Fort Lauderdale,DD1647,30888151,4PEF,Disney Dream,BAHAMAS,BAHAMAS,4,True,True,False,,,
4_bahamian_fort_lauderdale,4-Night Bahamian Cruise from Fort Lauderdale,DD1544,30063683,4PEF,Disney Dream,BAHAMAS,BAHAMAS,4,True,True,False,,,
4_bahamian_fort_lauderdale,4-Night Bahamian Cruise from Fort Lauderdale,DF0931,30867070,4PEF,Disney Fantasy,BAHAMAS,BAHAMAS,4,True,True,False,,,
4_bahamian_fort_lauderdale,4-Night Bahamian Cruise from Fort Lauderdale,DD1645,30888149,4PEF,Disney Dream,BAHAMAS,BAHAMAS,4,True,True,False,,,
4_bahamian_fort_lauderdale,4-Night Bahamian Cruise from Fort Lauderdale,DD1643,30888147,4PEF,Disney Dream,BAHAMAS,BAHAMAS,4,True,True,False,,,
4_bahamian_fort_lauderdale,4-Night Bahamian Cruise from Fort Lauderdale,DF0934,30867073,4PEF,Disney Fantasy,BAHAMAS,BAHAMAS,4,True,True,False,,,
4_bahamian_fort_lauderdale,4-Night Bahamian Cruise from Fort Lauderdale,DD1641,30888145,4PEF,Disney Dream,BAHAMAS,BAHAMAS,4,True,True,False,,,
4_bahamian_fort_lauderdale,4-Night Bahamian Cruise from Fort Lauderdale,DD1554,30063693,4PEF,Disney Dream,BAHAMAS,BAHAMAS,4,True,True,False,,,
4_bahamian_fort_lauderdale,4-Night Bahamian Cruise from Fort Lauderdale,WD0112,30056874,4PEF,Disney Destiny,BAHAMAS,BAHAMAS,4,True,True,False,,,
4_bahamian_fort_lauderdale,4-Night Bahamian Cruise from Fort Lauderdale,DD1655,30888268,4PEF,Disney Dream,BAHAMAS,BAHAMAS,4,True,True,False,,,
4_bahamian_fort_lauderdale,4-Night Bahamian Cruise from Fort Lauderdale,WD0109,30056871,4PEF,Disney Destiny,BAHAMAS,BAHAMAS,4,True,True,False,,,
4_bahamian_fort_lauderdale,4-Night Bahamian Cruise from Fort Lauderdale,DF0939,30867078,4PEF,Disney Fantasy,BAHAMAS,BAHAMAS,4,True,True,False,,,
4_bahamian_fort_lauderdale,4-Night Bahamian Cruise from Fort Lauderdale,WD0115,30056877,4PEF,Disney Destiny,BAHAMAS,BAHAMAS,4,True,True,False,,,
4_bahamian_fort_lauderdale,4-Night Bahamian Cruise from Fort Lauderdale,DD1665,30888329,4PEF,Disney Dream,BAHAMAS,BAHAMAS,4,True,True,False,,,
4_bahamian_fort_lauderdale,4-Night Bahamian Cruise from Fort Lauderdale,DD1663,30888327,4PEF,Disney Dream,BAHAMAS,BAHAMAS,4,True,True,False,,,
4_bahamian_fort_lauderdale,4-Night Bahamian Cruise from Fort Lauderdale,DD1551,30063690,4PEF,Disney Dream,BAHAMAS,BAHAMAS,4,True,True,False,,,
4_bahamian_fort_lauderdale,4-Night Bahamian Cruise from Fort Lauderdale,DD1558,30063697,4PEF,Disney Dream,BAHAMAS,BAHAMAS,4,True,True,False,,,
4_bahamian_fort_lauderdale,4-Night Bahamian Cruise from Fort Lauderdale,DD1669,30888333,4PEF,Disney Dream,BAHAMAS,BAHAMAS,4,True,True,False,,,
4_bahamian_fort_lauderdale,4-Night Bahamian Cruise from Fort Lauderdale,DD1562,30063701,4PEF,Disney Dream,BAHAMAS,BAHAMAS,4,True,True,False,,,
4_bahamian_fort_lauderdale,4-Night Bahamian Cruise from Fort Lauderdale,DD1640,30888144,4PEF,Disney Dream,BAHAMAS,BAHAMAS,4,True,True,False,,,
5_mexican_riviera_san_diego_merrytime,5-Night Mexican Riviera Cruise from San Diego,DW2217,30076953,5SAN,Disney Wonder,MEXICAN RIVIERA,BAJA,5,True,True,False,,,
5_mexican_riviera_san_diego_merrytime,5-Night Mexican Riviera Cruise from San Diego,DW2294,30867334,5SAN,Disney Wonder,MEXICAN RIVIERA,BAJA,5,True,True,False,,,
3_bahamian_port_canaveral_merrytime,3-Night Bahamian Cruise from Port Canaveral,WW0536,30062295,3PCV,Disney Wish,BAHAMAS,BAHAMAS,3,True,True,False,,,
3_bahamian_port_canaveral_merrytime,3-Night Bahamian Cruise from Port Canaveral,WW0534,30062293,3PCV,Disney Wish,BAHAMAS,BAHAMAS,3,True,True,False,,,
3_bahamian_port_canaveral_merrytime,3-Night Bahamian Cruise from Port Canaveral,WW0528,30062287,3PCV,Disney Wish,BAHAMAS,BAHAMAS,3,True,True,False,,,
3_bahamian_port_canaveral_merrytime,3-Night Bahamian Cruise from Port Canaveral,WW0530,30062289,3PCV,Disney Wish,BAHAMAS,BAHAMAS,3,True,True,False,,,
3_bahamian_port_canaveral_merrytime,3-Night Bahamian Cruise from Port Canaveral,DD1627,30887999,3PCV,Disney Dream,BAHAMAS,BAHAMAS,3,True,True,False,,,
3_bahamian_port_canaveral_merrytime,3-Night Bahamian Cruise from Port Canaveral,WW0532,30062291,3PCV,Disney Wish,BAHAMAS,BAHAMAS,3,True,True,False,,,
3_bahamian_port_canaveral_merrytime,3-Night Bahamian Cruise from Port Canaveral,DD1626,30887998,3PCV,Disney Dream,BAHAMAS,BAHAMAS,3,True,True,False,,,
3_bahamian_port_canaveral_merrytime,3-Night Bahamian Cruise from Port Canaveral,WW0613,30887059,3PCV,Disney Wish,BAHAMAS,BAHAMAS,3,True,True,False,,,
3_bahamian_port_canaveral_merrytime,3-Night Bahamian Cruise from Port Canaveral,WW0538,30062297,3PCV,Disney Wish,BAHAMAS,BAHAMAS,3,True,True,False,,,
3_bahamian_port_canaveral_merrytime,3-Night Bahamian Cruise from Port Canaveral,WW0611,30887057,3PCV,Disney Wish,BAHAMAS,BAHAMAS,3,True,True,False,,,
3_bahamian_port_canaveral_merrytime,3-Night Bahamian Cruise from Port Canaveral,WW0607,30887053,3PCV,Disney Wish,BAHAMAS,BAHAMAS,3,True,True,False,,,
3_bahamian_port_canaveral_merrytime,3-Night Bahamian Cruise from Port Canaveral,WW0609,30887055,3PCV,Disney Wish,BAHAMAS,BAHAMAS,3,True,True,False,,,
3_bahamian_port_canaveral_merrytime,3-Night Bahamian Cruise from Port Canaveral,WW0615,30887061,3PCV,Disney Wish,BAHAMAS,BAHAMAS,3,True,True,False,,,
4_bahamian_fort_lauderdale,4-Night Bahamian Cruise from Fort Lauderdale,DD1525,30063664,4PEF,Disney Dream,BAHAMAS,BAHAMAS,4,True,True,False,,,
4_bahamian_fort_lauderdale,4-Night Bahamian Cruise from Fort Lauderdale,DF0932,30867071,4PEF,Disney Fantasy,BAHAMAS,BAHAMAS,4,True,True,False,,,
4_bahamian_fort_lauderdale,4-Night Bahamian Cruise from Fort Lauderdale,DF0935,30867074,4PEF,Disney Fantasy,BAHAMAS,BAHAMAS,4,True,True,False,,,
4_bahamian_fort_lauderdale,4-Night Bahamian Cruise from Fort Lauderdale,DD1547,30063686,4PEF,Disney Dream,BAHAMAS,BAHAMAS,4,True,True,False,,,
4_bahamian_fort_lauderdale,4-Night Bahamian Cruise from Fort Lauderdale,DD1657,30888270,4PEF,Disney Dream,BAHAMAS,BAHAMAS,4,True,True,False,,,
4_bahamian_fort_lauderdale,4-Night Bahamian Cruise from Fort Lauderdale,DD1542,30063681,4PEF,Disney Dream,BAHAMAS,BAHAMAS,4,True,True,False,,,
4_bahamian_fort_lauderdale,4-Night Bahamian Cruise from Fort Lauderdale,WD0137,30469037,4PEF,Disney Destiny,BAHAMAS,BAHAMAS,4,True,True,False,,,
4_bahamian_fort_lauderdale,4-Night Bahamian Cruise from Fort Lauderdale,DD1549,30063688,4PEF,Disney Dream,BAHAMAS,BAHAMAS,4,True,True,False,,,
4_bahamian_fort_lauderdale,4-Night Bahamian Cruise from Fort Lauderdale,WD0135,30469035,4PEF,Disney Destiny,BAHAMAS,BAHAMAS,4,True,True,False,,,
4_bahamian_fort_lauderdale,4-Night Bahamian Cruise from Fort Lauderdale,DF0940,30867079,4PEF,Disney Fantasy,BAHAMAS,BAHAMAS,4,True,True,False,,,
4_bahamian_fort_lauderdale,4-Night Bahamian Cruise from Fort Lauderdale,WD0139,30469039,4PEF,Disney Destiny,BAHAMAS,BAHAMAS,4,True,True,False,,,
4_bahamian_fort_lauderdale,4-Night Bahamian Cruise from Fort Lauderdale,DD1556,30063695,4PEF,Disney Dream,BAHAMAS,BAHAMAS,4,True,True,False,,,
4_bahamian_fort_lauderdale,4-Night Bahamian Cruise from Fort Lauderdale,DD1564,30063703,4PEF,Disney Dream,BAHAMAS,BAHAMAS,4,True,True,False,,,
4_bahamian_fort_lauderdale,4-Night Bahamian Cruise from Fort Lauderdale,DD1661,30888325,4PEF,Disney Dream,BAHAMAS,BAHAMAS,4,True,True,False,,,
4_bahamian_fort_lauderdale,4-Night Bahamian Cruise from Fort Lauderdale,DD1560,30063699,4PEF,Disney Dream,BAHAMAS,BAHAMAS,4,True,True,False,,,
4_baja_san_diego_halloween,4-Night Baja Cruise from San Diego,DW2281,30867321,4SAN,Disney Wonder,MEXICAN RIVIERA,BAJA,4,True,True,False,,,
4_baja_san_diego_halloween,4-Night Baja Cruise from San Diego,DW2285,30867325,4SAN,Disney Wonder,MEXICAN RIVIERA,BAJA,4,True,True,False,,,
4_baja_san_diego_halloween,4-Night Baja Cruise from San Diego,DW2288,30867328,4SAN,Disney Wonder,MEXICAN RIVIERA,BAJA,4,True,True,False,,,
4_baja_san_diego_halloween,4-Night Baja Cruise from San Diego,DW2283,30867323,4SAN,Disney Wonder,MEXICAN RIVIERA,BAJA,4,True,True,False,,,
4_baja_san_diego_halloween,4-Night Baja Cruise from San Diego,DW2286,30867326,4SAN,Disney Wonder,MEXICAN RIVIERA,BAJA,4,True,True,False,,,
3_bahamian_port_canaveral_halloween,3-Night Bahamian Cruise from Port Canaveral,DD1608,30887980,3PCV,Disney Dream,BAHAMAS,BAHAMAS,3,True,True,False,,,
3_bahamian_port_canaveral_halloween,3-Night Bahamian Cruise from Port Canaveral,DD1610,30887982,3PCV,Disney Dream,BAHAMAS,BAHAMAS,3,True,True,False,,,
3_bahamian_port_canaveral_halloween,3-Night Bahamian Cruise from Port Canaveral,DD1612,30887984,3PCV,Disney Dream,BAHAMAS,BAHAMAS,3,True,True,False,,,
3_bahamian_port_canaveral_halloween,3-Night Bahamian Cruise from Port Canaveral,DD1614,30887986,3PCV,Disney Dream,BAHAMAS,BAHAMAS,3,True,True,False,,,
3_bahamian_port_canaveral_halloween,3-Night Bahamian Cruise from Port Canaveral,DD1618,30887990,3PCV,Disney Dream,BAHAMAS,BAHAMAS,3,True,True,False,,,
3_bahamian_port_canaveral_halloween,3-Night Bahamian Cruise from Port Canaveral,DD1620,30887992,3PCV,Disney Dream,BAHAMAS,BAHAMAS,3,True,True,False,,,
3_bahamian_port_canaveral_halloween,3-Night Bahamian Cruise from Port Canaveral,DD1622,30887994,3PCV,Disney Dream,BAHAMAS,BAHAMAS,3,True,True,False,,,
3_bahamian_port_canaveral_halloween,3-Night Bahamian Cruise from Port Canaveral,WW0524,30062283,3PCV,Disney Wish,BAHAMAS,BAHAMAS,3,True,True,False,,,
3_bahamian_port_canaveral_halloween,3-Night Bahamian Cruise from Port Canaveral,DD1616,30887988,3PCV,Disney Dream,BAHAMAS,BAHAMAS,3,True,True,False,,,
3_bahamian_port_canaveral_halloween,3-Night Bahamian Cruise from Port Canaveral,WW0522,30062281,3PCV,Disney Wish,BAHAMAS,BAHAMAS,3,True,True,False,,,
3_bahamian_port_canaveral_halloween,3-Night Bahamian Cruise from Port Canaveral,WW0520,30062279,3PCV,Disney Wish,BAHAMAS,BAHAMAS,3,True,True,False,,,
3_bahamian_port_canaveral_halloween,3-Night Bahamian Cruise from Port Canaveral,WW0518,30062277,3PCV,Disney Wish,BAHAMAS,BAHAMAS,3,True,True,False,,,
6_mexican_riviera_san_diego_merrytime,6-Night Mexican Riviera Cruise from San Diego,DW2215,30076951,6SAN,Disney Wonder,MEXICAN RIVIERA,BAJA,6,True,True,False,,,
4_bahamian_port_canaveral_halloween,4-Night Bahamian Cruise from Port Canaveral,DF0836,30056313,4PCV,Disney Fantasy,BAHAMAS,BAHAMAS,4,True,True,False,,,
4_bahamian_port_canaveral_halloween,4-Night Bahamian Cruise from Port Canaveral,WW0523,30062282,4PCV,Disney Wish,BAHAMAS,BAHAMAS,4,True,True,False,,,
4_bahamian_port_canaveral_halloween,4-Night Bahamian Cruise from Port Canaveral,DF0908,30866882,4PCV,Disney Fantasy,BAHAMAS,BAHAMAS,4,True,True,False,,,
4_bahamian_port_canaveral_halloween,4-Night Bahamian Cruise from Port Canaveral,DF0917,30866891,4PCV,Disney Fantasy,BAHAMAS,BAHAMAS,4,True,True,False,,,
4_bahamian_port_canaveral_halloween,4-Night Bahamian Cruise from Port Canaveral,DF0911,30866885,4PCV,Disney Fantasy,BAHAMAS,BAHAMAS,4,True,True,False,,,
4_bahamian_port_canaveral_halloween,4-Night Bahamian Cruise from Port Canaveral,DD1609,30887981,4PCV,Disney Dream,BAHAMAS,BAHAMAS,4,True,True,False,,,
4_bahamian_port_canaveral_halloween,4-Night Bahamian Cruise from Port Canaveral,DD1611,30887983,4PCV,Disney Dream,BAHAMAS,BAHAMAS,4,True,True,False,,,
4_bahamian_port_canaveral_halloween,4-Night Bahamian Cruise from Port Canaveral,DD1613,30887985,4PCV,Disney Dream,BAHAMAS,BAHAMAS,4,True,True,False,,,
4_bahamian_port_canaveral_halloween,4-Night Bahamian Cruise from Port Canaveral,DF0914,30866888,4PCV,Disney Fantasy,BAHAMAS,BAHAMAS,4,True,True,False,,,
4_bahamian_port_canaveral_halloween,4-Night Bahamian Cruise from Port Canaveral,DD1615,30887987,4PCV,Disney Dream,BAHAMAS,BAHAMAS,4,True,True,False,,,
4_bahamian_port_canaveral_halloween,4-Night Bahamian Cruise from Port Canaveral,DD1619,30887991,4PCV,Disney Dream,BAHAMAS,BAHAMAS,4,True,True,False,,,
4_bahamian_port_canaveral_halloween,4-Night Bahamian Cruise from Port Canaveral,DD1621,30887993,4PCV,Disney Dream,BAHAMAS,BAHAMAS,4,True,True,False,,,
4_bahamian_port_canaveral_halloween,4-Night Bahamian Cruise from Port Canaveral,DD1617,30887989,4PCV,Disney Dream,BAHAMAS,BAHAMAS,4,True,True,False,,,
4_bahamian_port_canaveral_halloween,4-Night Bahamian Cruise from Port Canaveral,DF0833,30056310,4PCV,Disney Fantasy,BAHAMAS,BAHAMAS,4,True,True,False,,,
4_bahamian_port_canaveral_halloween,4-Night Bahamian Cruise from Port Canaveral,WW0519,30062278,4PCV,Disney Wish,BAHAMAS,BAHAMAS,4,True,True,False,,,
5_western_caribbean_galveston_merrytime,5-Night Western Caribbean Cruise from Galveston,DM1763,30063268,5GLS,Disney Magic,CARIBBEAN,WESTERN,5,True,True,False,,,
5_western_caribbean_galveston_merrytime,5-Night Western Caribbean Cruise from Galveston,DM1762,30063267,5GLS,Disney Magic,CARIBBEAN,WESTERN,5,True,True,False,,,
5_western_caribbean_galveston_merrytime,5-Night Western Caribbean Cruise from Galveston,DM1827,30885023,5GLS,Disney Magic,CARIBBEAN,WESTERN,5,True,True,False,,,
5_western_caribbean_galveston_merrytime,5-Night Western Caribbean Cruise from Galveston,DM1828,30885024,5GLS,Disney Magic,CARIBBEAN,WESTERN,5,True,True,False,,,
5_western_caribbean_galveston_merrytime,5-Night Western Caribbean Cruise from Galveston,DM1766,30063271,5GLS,Disney Magic,CARIBBEAN,WESTERN,5,True,True,False,,,
5_western_caribbean_galveston_merrytime,5-Night Western Caribbean Cruise from Galveston,DM1830,30885026,5GLS,Disney Magic,CARIBBEAN,WESTERN,5,True,True,False,,,
5_western_caribbean_galveston_merrytime,5-Night Western Caribbean Cruise from Galveston,DM1760,30063265,5GLS,Disney Magic,CARIBBEAN,WESTERN,5,True,True,False,,,
5_western_caribbean_galveston_merrytime,5-Night Western Caribbean Cruise from Galveston,DM1831,30885027,5GLS,Disney Magic,CARIBBEAN,WESTERN,5,True,True,False,,,
5_western_caribbean_galveston_merrytime,5-Night Western Caribbean Cruise from Galveston,DM1767,30063272,5GLS,Disney Magic,CARIBBEAN,WESTERN,5,True,True,False,,,
6_mexican_riviera_san_diego_halloween,6-Night Mexican Riviera Cruise from San Diego,DW2210,30076946,6SAN,Disney Wonder,MEXICAN RIVIERA,BAJA,6,True,True,False,,,
6_mexican_riviera_san_diego_halloween,6-Night Mexican Riviera Cruise from San Diego,DM1757,30063388,6SAN,Disney Magic,MEXICAN RIVIERA,BAJA,6,True,True,False,,,
6_mexican_riviera_san_diego_halloween,6-Night Mexican Riviera Cruise from San Diego,DM1822,30884979,6SAN,Disney Magic,MEXICAN RIVIERA,BAJA,6,True,True,False,,,
6_mexican_riviera_san_diego_halloween,6-Night Mexican Riviera Cruise from San Diego,DM1818,30884975,6SAN,Disney Magic,MEXICAN RIVIERA,BAJA,6,True,True,False,,,
3_bahamian_fort_lauderdale_halloween,3-Night Bahamian Cruise from Fort Lauderdale,DD1524,30063663,3PEF,Disney Dream,BAHAMAS,BAHAMAS,3,True,True,False,,,
3_bahamian_port_canaveral,3-Night Bahamian Cruise from Port Canaveral,WW0627,30887073,3PCV,Disney Wish,BAHAMAS,BAHAMAS,3,True,True,False,,,
3_bahamian_port_canaveral,3-Night Bahamian Cruise from Port Canaveral,DD1598,30468005,3PCV,Disney Dream,BAHAMAS,BAHAMAS,3,True,True,False,,,
3_bahamian_port_canaveral,3-Night Bahamian Cruise from Port Canaveral,WW0643,30887089,3PCV,Disney Wish,BAHAMAS,BAHAMAS,3,True,True,False,,,
3_bahamian_port_canaveral,3-Night Bahamian Cruise from Port Canaveral,DD1586,30467993,3PCV,Disney Dream,BAHAMAS,BAHAMAS,3,True,True,False,,,
3_bahamian_port_canaveral,3-Night Bahamian Cruise from Port Canaveral,DF0849,30056326,3PCV,Disney Fantasy,BAHAMAS,BAHAMAS,3,True,True,False,,,
3_bahamian_port_canaveral,3-Night Bahamian Cruise from Port Canaveral,WW0619,30887065,3PCV,Disney Wish,BAHAMAS,BAHAMAS,3,True,True,False,,,
4_bahamian_port_canaveral,4-Night Bahamian Cruise from Port Canaveral,WW0525,30062284,4PCV,Disney Wish,BAHAMAS,BAHAMAS,4,True,True,False,,,
4_bahamian_port_canaveral,4-Night Bahamian Cruise from Port Canaveral,DD1603,30468010,4PCV,Disney Dream,BAHAMAS,BAHAMAS,4,True,True,False,,,
4_bahamian_port_canaveral,4-Night Bahamian Cruise from Port Canaveral,WW0545,30062304,4PCV,Disney Wish,BAHAMAS,BAHAMAS,4,True,True,False,,,
4_bahamian_port_canaveral,4-Night Bahamian Cruise from Port Canaveral,WW0549,30062308,4PCV,Disney Wish,BAHAMAS,BAHAMAS,4,True,True,False,,,
4_bahamian_port_canaveral,4-Night Bahamian Cruise from Port Canaveral,WD0172,30860669,4PCV,Disney Destiny,BAHAMAS,BAHAMAS,4,True,True,False,,,
4_bahamian_port_canaveral,4-Night Bahamian Cruise from Port Canaveral,WD0169,30860666,4PCV,Disney Destiny,BAHAMAS,BAHAMAS,4,True,True,False,,,
4_bahamian_port_canaveral,4-Night Bahamian Cruise from Port Canaveral,WW0626,30887072,4PCV,Disney Wish,BAHAMAS,BAHAMAS,4,True,True,False,,,
4_bahamian_port_canaveral,4-Night Bahamian Cruise from Port Canaveral,DD1571,30063713,4PCV,Disney Dream,BAHAMAS,BAHAMAS,4,True,True,False,,,
4_bahamian_port_canaveral,4-Night Bahamian Cruise from Port Canaveral,WD0175,30860672,4PCV,Disney Destiny,BAHAMAS,BAHAMAS,4,True,True,False,,,
4_bahamian_port_canaveral,4-Night Bahamian Cruise from Port Canaveral,WW0622,30887068,4PCV,Disney Wish,BAHAMAS,BAHAMAS,4,True,True,False,,,
4_bahamian_port_canaveral,4-Night Bahamian Cruise from Port Canaveral,WW0624,30887070,4PCV,Disney Wish,BAHAMAS,BAHAMAS,4,True,True,False,,,
4_bahamian_port_canaveral,4-Night Bahamian Cruise from Port Canaveral,WW0553,30062312,4PCV,Disney Wish,BAHAMAS,BAHAMAS,4,True,True,False,,,
4_bahamian_port_canaveral,4-Night Bahamian Cruise from Port Canaveral,WD0190,30860687,4PCV,Disney Destiny,BAHAMAS,BAHAMAS,4,True,True,False,,,
4_bahamian_port_canaveral,4-Night Bahamian Cruise from Port Canaveral,WW0654,30887100,4PCV,Disney Wish,BAHAMAS,BAHAMAS,4,True,True,False,,,
4_bahamian_port_canaveral,4-Night Bahamian Cruise from Port Canaveral,DD1575,30063717,4PCV,Disney Dream,BAHAMAS,BAHAMAS,4,True,True,False,,,
4_bahamian_port_canaveral,4-Night Bahamian Cruise from Port Canaveral,WD0178,30860675,4PCV,Disney Destiny,BAHAMAS,BAHAMAS,4,True,True,False,,,
4_bahamian_port_canaveral,4-Night Bahamian Cruise from Port Canaveral,WW0620,30887066,4PCV,Disney Wish,BAHAMAS,BAHAMAS,4,True,True,False,,,
4_bahamian_port_canaveral,4-Night Bahamian Cruise from Port Canaveral,WW0557,30062316,4PCV,Disney Wish,BAHAMAS,BAHAMAS,4,True,True,False,,,
4_bahamian_port_canaveral,4-Night Bahamian Cruise from Port Canaveral,DD1599,30468006,4PCV,Disney Dream,BAHAMAS,BAHAMAS,4,True,True,False,,,
4_bahamian_port_canaveral,4-Night Bahamian Cruise from Port Canaveral,WW0636,30887082,4PCV,Disney Wish,BAHAMAS,BAHAMAS,4,True,True,False,,,
4_bahamian_port_canaveral,4-Night Bahamian Cruise from Port Canaveral,WW0561,30062320,4PCV,Disney Wish,BAHAMAS,BAHAMAS,4,True,True,False,,,
4_bahamian_port_canaveral,4-Night Bahamian Cruise from Port Canaveral,WD0184,30860681,4PCV,Disney Destiny,BAHAMAS,BAHAMAS,4,True,True,False,,,
4_bahamian_port_canaveral,4-Night Bahamian Cruise from Port Canaveral,WW0571,30062330,4PCV,Disney Wish,BAHAMAS,BAHAMAS,4,True,True,False,,,
4_bahamian_port_canaveral,4-Night Bahamian Cruise from Port Canaveral,WW0569,30062328,4PCV,Disney Wish,BAHAMAS,BAHAMAS,4,True,True,False,,,
4_bahamian_port_canaveral,4-Night Bahamian Cruise from Port Canaveral,DD1583,30467990,4PCV,Disney Dream,BAHAMAS,BAHAMAS,4,True,True,False,,,
4_bahamian_port_canaveral,4-Night Bahamian Cruise from Port Canaveral,WW0634,30887080,4PCV,Disney Wish,BAHAMAS,BAHAMAS,4,True,True,False,,,
4_bahamian_port_canaveral,4-Night Bahamian Cruise from Port Canaveral,DD1579,30063721,4PCV,Disney Dream,BAHAMAS,BAHAMAS,4,True,True,False,,,
4_bahamian_port_canaveral,4-Night Bahamian Cruise from Port Canaveral,DD1595,30468002,4PCV,Disney Dream,BAHAMAS,BAHAMAS,4,True,True,False,,,
4_bahamian_port_canaveral,4-Night Bahamian Cruise from Port Canaveral,WW0642,30887088,4PCV,Disney Wish,BAHAMAS,BAHAMAS,4,True,True,False,,,
4_bahamian_port_canaveral,4-Night Bahamian Cruise from Port Canaveral,DD1587,30467994,4PCV,Disney Dream,BAHAMAS,BAHAMAS,4,True,True,False,,,
4_bahamian_port_canaveral,4-Night Bahamian Cruise from Port Canaveral,DD1591,30467998,4PCV,Disney Dream,BAHAMAS,BAHAMAS,4,True,True,False,,,
4_bahamian_port_canaveral,4-Night Bahamian Cruise from Port Canaveral,WD0181,30860678,4PCV,Disney Destiny,BAHAMAS,BAHAMAS,4,True,True,False,,,
4_bahamian_port_canaveral,4-Night Bahamian Cruise from Port Canaveral,WD0187,30860684,4PCV,Disney Destiny,BAHAMAS,BAHAMAS,4,True,True,False,,,
4_bahamian_port_canaveral,4-Night Bahamian Cruise from Port Canaveral,WW0640,30887086,4PCV,Disney Wish,BAHAMAS,BAHAMAS,4,True,True,False,,,
4_bahamian_port_canaveral,4-Night Bahamian Cruise from Port Canaveral,WW0648,30887094,4PCV,Disney Wish,BAHAMAS,BAHAMAS,4,True,True,False,,,
4_bahamian_port_canaveral,4-Night Bahamian Cruise from Port Canaveral,WW0565,30062324,4PCV,Disney Wish,BAHAMAS,BAHAMAS,4,True,True,False,,,
4_western_caribbean_galveston_marvel,4-Night Western Caribbean Cruise from Galveston,DM1773,30063278,4GLS,Disney Magic,CARIBBEAN,WESTERN,4,True,True,False,,,
4_western_caribbean_galveston_marvel,4-Night Western Caribbean Cruise from Galveston,DM1781,30063286,4GLS,Disney Magic,CARIBBEAN,WESTERN,4,True,True,False,,,
4_western_caribbean_galveston_marvel,4-Night Western Caribbean Cruise from Galveston,DM1778,30063283,4GLS,Disney Magic,CARIBBEAN,WESTERN,4,True,True,False,,,
4_bahamian_fort_lauderdale,4-Night Bahamian Cruise from Fort Lauderdale,DD1653,30888266,4PEF,Disney Dream,BAHAMAS,BAHAMAS,4,True,True,False,,,
4_bahamian_fort_lauderdale,4-Night Bahamian Cruise from Fort Lauderdale,DD1651,30888264,4PEF,Disney Dream,BAHAMAS,BAHAMAS,4,True,True,False,,,
4_bahamian_fort_lauderdale,4-Night Bahamian Cruise from Fort Lauderdale,WD0092,30056854,4PEF,Disney Destiny,BAHAMAS,BAHAMAS,4,True,True,False,,,
4_bahamian_fort_lauderdale,4-Night Bahamian Cruise from Fort Lauderdale,WD0089,30056851,4PEF,Disney Destiny,BAHAMAS,BAHAMAS,4,True,True,False,,,
4_bahamian_fort_lauderdale,4-Night Bahamian Cruise from Fort Lauderdale,WD0097,30056859,4PEF,Disney Destiny,BAHAMAS,BAHAMAS,4,True,True,False,,,
4_bahamian_fort_lauderdale,4-Night Bahamian Cruise from Fort Lauderdale,WD0134,30469034,4PEF,Disney Destiny,BAHAMAS,BAHAMAS,4,True,True,False,,,
4_bahamian_fort_lauderdale,4-Night Bahamian Cruise from Fort Lauderdale,WD0100,30056862,4PEF,Disney Destiny,BAHAMAS,BAHAMAS,4,True,True,False,,,
4_bahamian_fort_lauderdale,4-Night Bahamian Cruise from Fort Lauderdale,DD1667,30888331,4PEF,Disney Dream,BAHAMAS,BAHAMAS,4,True,True,False,,,
4_bahamian_fort_lauderdale,4-Night Bahamian Cruise from Fort Lauderdale,DD1659,30888323,4PEF,Disney Dream,BAHAMAS,BAHAMAS,4,True,True,False,,,
4_bahamian_fort_lauderdale,4-Night Bahamian Cruise from Fort Lauderdale,WD0106,30056868,4PEF,Disney Destiny,BAHAMAS,BAHAMAS,4,True,True,False,,,
4_bahamian_fort_lauderdale,4-Night Bahamian Cruise from Fort Lauderdale,DD1671,30888335,4PEF,Disney Dream,BAHAMAS,BAHAMAS,4,True,True,False,,,
4_bahamian_fort_lauderdale,4-Night Bahamian Cruise from Fort Lauderdale,WD0118,30056880,4PEF,Disney Destiny,BAHAMAS,BAHAMAS,4,True,True,False,,,
4_bahamian_fort_lauderdale,4-Night Bahamian Cruise from Fort Lauderdale,WD0129,30469029,4PEF,Disney Destiny,BAHAMAS,BAHAMAS,4,True,True,False,,,
4_bahamian_fort_lauderdale,4-Night Bahamian Cruise from Fort Lauderdale,WD0103,30056865,4PEF,Disney Destiny,BAHAMAS,BAHAMAS,4,True,True,False,,,
4_bahamian_fort_lauderdale,4-Night Bahamian Cruise from Fort Lauderdale,WD0126,30469026,4PEF,Disney Destiny,BAHAMAS,BAHAMAS,4,True,True,False,,,
4_bahamian_fort_lauderdale,4-Night Bahamian Cruise from Fort Lauderdale,WD0121,30469021,4PEF,Disney Destiny,BAHAMAS,BAHAMAS,4,True,True,False,,,
4_bahamian_port_canaveral_merrytime,4-Night Bahamian Cruise from Port Canaveral,DF0845,30056322,4PCV,Disney Fantasy,BAHAMAS,BAHAMAS,4,True,True,False,,,
4_bahamian_port_canaveral_merrytime,4-Night Bahamian Cruise from Port Canaveral,WW0535,30062294,4PCV,Disney Wish,BAHAMAS,BAHAMAS,4,True,True,False,,,
4_bahamian_port_canaveral_merrytime,4-Night Bahamian Cruise from Port Canaveral,WW0527,30062286,4PCV,Disney Wish,BAHAMAS,BAHAMAS,4,True,True,False,,,
4_bahamian_port_canaveral_merrytime,4-Night Bahamian Cruise from Port Canaveral,DF0839,30056316,4PCV,Disney Fantasy,BAHAMAS,BAHAMAS,4,True,True,False,,,
4_bahamian_port_canaveral_merrytime,4-Night Bahamian Cruise from Port Canaveral,DF0920,30866894,4PCV,Disney Fantasy,BAHAMAS,BAHAMAS,4,True,True,False,,,
4_bahamian_port_canaveral_merrytime,4-Night Bahamian Cruise from Port Canaveral,DD1625,30887997,4PCV,Disney Dream,BAHAMAS,BAHAMAS,4,True,True,False,,,
4_bahamian_port_canaveral_merrytime,4-Night Bahamian Cruise from Port Canaveral,WW0612,30887058,4PCV,Disney Wish,BAHAMAS,BAHAMAS,4,True,True,False,,,
4_bahamian_port_canaveral_merrytime,4-Night Bahamian Cruise from Port Canaveral,WD0161,30860646,4PCV,Disney Destiny,BAHAMAS,BAHAMAS,4,True,True,False,,,
4_bahamian_port_canaveral_merrytime,4-Night Bahamian Cruise from Port Canaveral,DF0842,30056319,4PCV,Disney Fantasy,BAHAMAS,BAHAMAS,4,True,True,False,,,
4_bahamian_port_canaveral_merrytime,4-Night Bahamian Cruise from Port Canaveral,DF0848,30056325,4PCV,Disney Fantasy,BAHAMAS,BAHAMAS,4,True,True,False,,,
4_bahamian_port_canaveral_merrytime,4-Night Bahamian Cruise from Port Canaveral,WW0616,30887062,4PCV,Disney Wish,BAHAMAS,BAHAMAS,4,True,True,False,,,
4_bahamian_port_canaveral_merrytime,4-Night Bahamian Cruise from Port Canaveral,WW0531,30062290,4PCV,Disney Wish,BAHAMAS,BAHAMAS,4,True,True,False,,,
4_bahamian_port_canaveral_merrytime,4-Night Bahamian Cruise from Port Canaveral,DF0923,30866897,4PCV,Disney Fantasy,BAHAMAS,BAHAMAS,4,True,True,False,,,
4_bahamian_port_canaveral_merrytime,4-Night Bahamian Cruise from Port Canaveral,WW0608,30887054,4PCV,Disney Wish,BAHAMAS,BAHAMAS,4,True,True,False,,,
4_bahamian_port_canaveral_merrytime,4-Night Bahamian Cruise from Port Canaveral,WW0529,30062288,4PCV,Disney Wish,BAHAMAS,BAHAMAS,4,True,True,False,,,
4_bahamian_port_canaveral_merrytime,4-Night Bahamian Cruise from Port Canaveral,WW0533,30062292,4PCV,Disney Wish,BAHAMAS,BAHAMAS,4,True,True,False,,,
4_bahamian_port_canaveral_merrytime,4-Night Bahamian Cruise from Port Canaveral,WW0537,30062296,4PCV,Disney Wish,BAHAMAS,BAHAMAS,4,True,True,False,,,
4_bahamian_port_canaveral_merrytime,4-Night Bahamian Cruise from Port Canaveral,WW0614,30887060,4PCV,Disney Wish,BAHAMAS,BAHAMAS,4,True,True,False,,,
5_baja_san_diego,5-Night Baja Cruise from San Diego,DM1814,30884971,5SAN,Disney Magic,MEXICAN RIVIERA,WEST COAST E,5,True,True,False,,,
5_baja_san_diego,5-Night Baja Cruise from San Diego,DW2301,30867341,5SAN,Disney Wonder,MEXICAN RIVIERA,WEST COAST E,5,True,True,False,,,
5_baja_san_diego,5-Night Baja Cruise from San Diego,DW2257,30196024,5SAN,Disney Wonder,MEXICAN RIVIERA,WEST COAST E,5,True,True,False,,,
5_baja_san_diego,5-Night Baja Cruise from San Diego,DW2224,30076960,5SAN,Disney Wonder,MEXICAN RIVIERA,WEST COAST E,5,True,True,False,,,
4_bahamian_fort_lauderdale_halloween,4-Night Bahamian Cruise from Fort Lauderdale,WD0075,30056837,4PEF,Disney Destiny,BAHAMAS,BAHAMAS,4,True,True,False,,,
5_baja_san_diego_merrytime,5-Night Baja Cruise from San Diego,DW2296,30867336,5SAN,Disney Wonder,MEXICAN RIVIERA,WEST COAST E,5,True,True,False,,,
5_baja_san_diego_merrytime,5-Night Baja Cruise from San Diego,DW2297,30867337,5SAN,Disney Wonder,MEXICAN RIVIERA,WEST COAST E,5,True,True,False,,,
5_western_caribbean_galveston,5-Night Western Caribbean Cruise from Galveston,DM1834,30885064,5GLS,Disney Magic,CARIBBEAN,WESTERN,5,True,True,False,,,
5_western_caribbean_galveston,5-Night Western Caribbean Cruise from Galveston,DM1772,30063277,5GLS,Disney Magic,CARIBBEAN,WESTERN,5,True,True,False,,,
5_western_caribbean_galveston,5-Night Western Caribbean Cruise from Galveston,DM1838,30885068,5GLS,Disney Magic,CARIBBEAN,WESTERN,5,True,True,False,,,
5_western_caribbean_galveston,5-Night Western Caribbean Cruise from Galveston,DM1840,30885070,5GLS,Disney Magic,CARIBBEAN,WESTERN,5,True,True,False,,,
5_western_caribbean_galveston,5-Night Western Caribbean Cruise from Galveston,DM1844,30885237,5GLS,Disney Magic,CARIBBEAN,WESTERN,5,True,True,False,,,
5_western_caribbean_galveston,5-Night Western Caribbean Cruise from Galveston,DM1841,30885071,5GLS,Disney Magic,CARIBBEAN,WESTERN,5,True,True,False,,,
5_western_caribbean_galveston,5-Night Western Caribbean Cruise from Galveston,DM1789,30063294,5GLS,Disney Magic,CARIBBEAN,WESTERN,5,True,True,False,,,
5_western_caribbean_galveston,5-Night Western Caribbean Cruise from Galveston,DM1788,30063293,5GLS,Disney Magic,CARIBBEAN,WESTERN,5,True,True,False,,,
5_western_caribbean_galveston,5-Night Western Caribbean Cruise from Galveston,DM1842,30885072,5GLS,Disney Magic,CARIBBEAN,WESTERN,5,True,True,False,,,
5_western_caribbean_galveston,5-Night Western Caribbean Cruise from Galveston,DM1845,30885238,5GLS,Disney Magic,CARIBBEAN,WESTERN,5,True,True,False,,,
5_western_caribbean_galveston,5-Night Western Caribbean Cruise from Galveston,DM1786,30063291,5GLS,Disney Magic,CARIBBEAN,WESTERN,5,True,True,False,,,
5_western_caribbean_galveston,5-Night Western Caribbean Cruise from Galveston,DM1785,30063290,5GLS,Disney Magic,CARIBBEAN,WESTERN,5,True,True,False,,,
5_western_caribbean_galveston,5-Night Western Caribbean Cruise from Galveston,DM1783,30063288,5GLS,Disney Magic,CARIBBEAN,WESTERN,5,True,True,False,,,
5_western_caribbean_galveston,5-Night Western Caribbean Cruise from Galveston,DM1847,30885240,5GLS,Disney Magic,CARIBBEAN,WESTERN,5,True,True,False,,,
4_bahamian_port_canaveral,4-Night Bahamian Cruise from Port Canaveral,DF0905,30468996,4PCV,Disney Fantasy,BAHAMAS,BAHAMAS,4,True,True,False,,,
4_bahamian_port_canaveral,4-Night Bahamian Cruise from Port Canaveral,DF0855,30056332,4PCV,Disney Fantasy,BAHAMAS,BAHAMAS,4,True,True,False,,,
4_bahamian_port_canaveral,4-Night Bahamian Cruise from Port Canaveral,DF0852,30056329,4PCV,Disney Fantasy,BAHAMAS,BAHAMAS,4,True,True,False,,,
4_bahamian_port_canaveral,4-Night Bahamian Cruise from Port Canaveral,DF0858,30056335,4PCV,Disney Fantasy,BAHAMAS,BAHAMAS,4,True,True,False,,,
4_bahamian_port_canaveral,4-Night Bahamian Cruise from Port Canaveral,WW0628,30887074,4PCV,Disney Wish,BAHAMAS,BAHAMAS,4,True,True,False,,,
4_bahamian_port_canaveral,4-Night Bahamian Cruise from Port Canaveral,DF0902,30468993,4PCV,Disney Fantasy,BAHAMAS,BAHAMAS,4,True,True,False,,,
4_bahamian_port_canaveral,4-Night Bahamian Cruise from Port Canaveral,DF0879,30056356,4PCV,Disney Fantasy,BAHAMAS,BAHAMAS,4,True,True,False,,,
4_bahamian_port_canaveral,4-Night Bahamian Cruise from Port Canaveral,WW0652,30887098,4PCV,Disney Wish,BAHAMAS,BAHAMAS,4,True,True,False,,,
4_bahamian_port_canaveral,4-Night Bahamian Cruise from Port Canaveral,DF0882,30056359,4PCV,Disney Fantasy,BAHAMAS,BAHAMAS,4,True,True,False,,,
4_bahamian_port_canaveral,4-Night Bahamian Cruise from Port Canaveral,DF0888,30468910,4PCV,Disney Fantasy,BAHAMAS,BAHAMAS,4,True,True,False,,,
4_bahamian_port_canaveral,4-Night Bahamian Cruise from Port Canaveral,DF0896,30468987,4PCV,Disney Fantasy,BAHAMAS,BAHAMAS,4,True,True,False,,,
4_bahamian_port_canaveral,4-Night Bahamian Cruise from Port Canaveral,DF0894,30468985,4PCV,Disney Fantasy,BAHAMAS,BAHAMAS,4,True,True,False,,,
4_bahamian_port_canaveral,4-Night Bahamian Cruise from Port Canaveral,DF0891,30468913,4PCV,Disney Fantasy,BAHAMAS,BAHAMAS,4,True,True,False,,,
4_bahamian_port_canaveral,4-Night Bahamian Cruise from Port Canaveral,WW0644,30887090,4PCV,Disney Wish,BAHAMAS,BAHAMAS,4,True,True,False,,,
4_bahamian_port_canaveral,4-Night Bahamian Cruise from Port Canaveral,WW0618,30887064,4PCV,Disney Wish,BAHAMAS,BAHAMAS,4,True,True,False,,,
5_mexican_riviera_san_diego,5-Night Mexican Riviera Cruise from San Diego,DW2227,30076963,5SAN,Disney Wonder,MEXICAN RIVIERA,BAJA,5,True,True,False,,,
5_mexican_riviera_san_diego,5-Night Mexican Riviera Cruise from San Diego,DW2248,30076984,5SAN,Disney Wonder,MEXICAN RIVIERA,BAJA,5,True,True,False,,,
5_western_caribbean_galveston_marvel,5-Night Western Caribbean Cruise from Galveston,DM1780,30063285,5GLS,Disney Magic,CARIBBEAN,WESTERN,5,True,True,False,,,
5_western_caribbean_galveston_marvel,5-Night Western Caribbean Cruise from Galveston,DM1779,30063284,5GLS,Disney Magic,CARIBBEAN,WESTERN,5,True,True,False,,,
5_western_caribbean_galveston_marvel,5-Night Western Caribbean Cruise from Galveston,DM1777,30063282,5GLS,Disney Magic,CARIBBEAN,WESTERN,5,True,True,False,,,
5_western_caribbean_galveston_marvel,5-Night Western Caribbean Cruise from Galveston,DM1776,30063281,5GLS,Disney Magic,CARIBBEAN,WESTERN,5,True,True,False,,,
5_western_caribbean_galveston_marvel,5-Night Western Caribbean Cruise from Galveston,DM1782,30063287,5GLS,Disney Magic,CARIBBEAN,WESTERN,5,True,True,False,,,
5_baja_san_diego_halloween,5-Night Baja Cruise from San Diego,DM1815,30884972,5SAN,Disney Magic,MEXICAN RIVIERA,WEST COAST E,5,True,True,False,,,
4_bahamian_port_canaveral_halloween,4-Night Bahamian Cruise from Port Canaveral,DD1607,30468014,4PCV,Disney Dream,BAHAMAS,BAHAMAS,4,True,True,False,,,
4_bahamian_port_canaveral_halloween,4-Night Bahamian Cruise from Port Canaveral,WW0521,30062280,4PCV,Disney Wish,BAHAMAS,BAHAMAS,4,True,True,False,,,
3_bahamian_port_canaveral_merrytime,3-Night Bahamian Cruise from Port Canaveral,WD0159,30860644,3PCV,Disney Destiny,BAHAMAS,BAHAMAS,3,True,True,False,,,
3_bahamian_port_canaveral_merrytime,3-Night Bahamian Cruise from Port Canaveral,WW0539,30062298,3PCV,Disney Wish,BAHAMAS,BAHAMAS,3,True,True,False,,,
3_bahamian_port_canaveral_merrytime,3-Night Bahamian Cruise from Port Canaveral,WW0617,30887063,3PCV,Disney Wish,BAHAMAS,BAHAMAS,3,True,True,False,,,
5_western_caribbean_galveston,5-Night Western Caribbean Cruise from Galveston,DM1836,30885066,5GLS,Disney Magic,CARIBBEAN,WESTERN,5,True,True,False,,,
5_bahamian_port_canaveral_halloween,5-Night Bahamian Cruise from Port Canaveral,DF0834,30056311,5PCV,Disney Fantasy,BAHAMAS,BAHAMAS,5,True,True,False,,,
5_bahamian_port_canaveral_halloween,5-Night Bahamian Cruise from Port Canaveral,DF0835,30056312,5PCV,Disney Fantasy,BAHAMAS,BAHAMAS,5,True,True,False,,,
5_bahamian_port_canaveral_halloween,5-Night Bahamian Cruise from Port Canaveral,DF0910,30866884,5PCV,Disney Fantasy,BAHAMAS,BAHAMAS,5,True,True,False,,,
5_bahamian_port_canaveral_halloween,5-Night Bahamian Cruise from Port Canaveral,DF0909,30866883,5PCV,Disney Fantasy,BAHAMAS,BAHAMAS,5,True,True,False,,,
5_bahamian_port_canaveral_halloween,5-Night Bahamian Cruise from Port Canaveral,DF0913,30866887,5PCV,Disney Fantasy,BAHAMAS,BAHAMAS,5,True,True,False,,,
5_bahamian_port_canaveral_halloween,5-Night Bahamian Cruise from Port Canaveral,DF0912,30866886,5PCV,Disney Fantasy,BAHAMAS,BAHAMAS,5,True,True,False,,,
5_bahamian_port_canaveral_halloween,5-Night Bahamian Cruise from Port Canaveral,DF0916,30866890,5PCV,Disney Fantasy,BAHAMAS,BAHAMAS,5,True,True,False,,,
5_bahamian_port_canaveral_halloween,5-Night Bahamian Cruise from Port Canaveral,DF0915,30866889,5PCV,Disney Fantasy,BAHAMAS,BAHAMAS,5,True,True,False,,,
5_bahamian_port_canaveral_halloween,5-Night Bahamian Cruise from Port Canaveral,DF0918,30866892,5PCV,Disney Fantasy,BAHAMAS,BAHAMAS,5,True,True,False,,,
5_bahamian_port_canaveral,5-Night Bahamian Cruise from Port Canaveral,DF0837,30056314,5PCV,Disney Fantasy,BAHAMAS,BAHAMAS,5,True,True,False,,,
5_bahamian_port_canaveral,5-Night Bahamian Cruise from Port Canaveral,DF0838,30056315,5PCV,Disney Fantasy,BAHAMAS,BAHAMAS,5,True,True,False,,,
5_bahamian_port_canaveral,5-Night Bahamian Cruise from Port Canaveral,DF0903,30468994,5PCV,Disney Fantasy,BAHAMAS,BAHAMAS,5,True,True,False,,,
5_bahamian_port_canaveral,5-Night Bahamian Cruise from Port Canaveral,DF0853,30056330,5PCV,Disney Fantasy,BAHAMAS,BAHAMAS,5,True,True,False,,,
5_bahamian_port_canaveral,5-Night Bahamian Cruise from Port Canaveral,DF0906,30468997,5PCV,Disney Fantasy,BAHAMAS,BAHAMAS,5,True,True,False,,,
5_bahamian_port_canaveral,5-Night Bahamian Cruise from Port Canaveral,DF0878,30056355,5PCV,Disney Fantasy,BAHAMAS,BAHAMAS,5,True,True,False,,,
5_bahamian_port_canaveral,5-Night Bahamian Cruise from Port Canaveral,DF0880,30056357,5PCV,Disney Fantasy,BAHAMAS,BAHAMAS,5,True,True,False,,,
5_bahamian_port_canaveral,5-Night Bahamian Cruise from Port Canaveral,DF0863,30056340,5PCV,Disney Fantasy,BAHAMAS,BAHAMAS,5,True,True,False,,,
5_bahamian_port_canaveral,5-Night Bahamian Cruise from Port Canaveral,DF0877,30056354,5PCV,Disney Fantasy,BAHAMAS,BAHAMAS,5,True,True,False,,,
5_bahamian_port_canaveral,5-Night Bahamian Cruise from Port Canaveral,WD0189,30860686,5PCV,Disney Destiny,BAHAMAS,BAHAMAS,5,True,True,False,,,
5_bahamian_port_canaveral,5-Night Bahamian Cruise from Port Canaveral,WD0168,30860665,5PCV,Disney Destiny,BAHAMAS,BAHAMAS,5,True,True,False,,,
5_bahamian_port_canaveral,5-Night Bahamian Cruise from Port Canaveral,WD0171,30860668,5PCV,Disney Destiny,BAHAMAS,BAHAMAS,5,True,True,False,,,
5_bahamian_port_canaveral,5-Night Bahamian Cruise from Port Canaveral,WD0170,30860667,5PCV,Disney Destiny,BAHAMAS,BAHAMAS,5,True,True,False,,,
5_bahamian_port_canaveral,5-Night Bahamian Cruise from Port Canaveral,DF0881,30056358,5PCV,Disney Fantasy,BAHAMAS,BAHAMAS,5,True,True,False,,,
5_bahamian_port_canaveral,5-Night Bahamian Cruise from Port Canaveral,WD0191,30860688,5PCV,Disney Destiny,BAHAMAS,BAHAMAS,5,True,True,False,,,
5_bahamian_port_canaveral,5-Night Bahamian Cruise from Port Canaveral,WD0177,30860674,5PCV,Disney Destiny,BAHAMAS,BAHAMAS,5,True,True,False,,,
5_bahamian_port_canaveral,5-Night Bahamian Cruise from Port Canaveral,WD0166,30860663,5PCV,Disney Destiny,BAHAMAS,BAHAMAS,5,True,True,False,,,
5_bahamian_port_canaveral,5-Night Bahamian Cruise from Port Canaveral,WD0173,30860670,5PCV,Disney Destiny,BAHAMAS,BAHAMAS,5,True,True,False,,,
5_bahamian_port_canaveral,5-Night Bahamian Cruise from Port Canaveral,WD0174,30860671,5PCV,Disney Destiny,BAHAMAS,BAHAMAS,5,True,True,False,,,
5_bahamian_port_canaveral,5-Night Bahamian Cruise from Port Canaveral,DF0865,30056342,5PCV,Disney Fantasy,BAHAMAS,BAHAMAS,5,True,True,False,,,
5_bahamian_port_canaveral,5-Night Bahamian Cruise from Port Canaveral,DF0866,30056343,5PCV,Disney Fantasy,BAHAMAS,BAHAMAS,5,True,True,False,,,
5_bahamian_port_canaveral,5-Night Bahamian Cruise from Port Canaveral,WD0185,30860682,5PCV,Disney Destiny,BAHAMAS,BAHAMAS,5,True,True,False,,,
5_bahamian_port_canaveral,5-Night Bahamian Cruise from Port Canaveral,WD0186,30860683,5PCV,Disney Destiny,BAHAMAS,BAHAMAS,5,True,True,False,,,
5_bahamian_port_canaveral,5-Night Bahamian Cruise from Port Canaveral,DF0900,30468991,5PCV,Disney Fantasy,BAHAMAS,BAHAMAS,5,True,True,False,,,
5_bahamian_port_canaveral,5-Night Bahamian Cruise from Port Canaveral,WD0176,30860673,5PCV,Disney Destiny,BAHAMAS,BAHAMAS,5,True,True,False,,,
5_bahamian_port_canaveral,5-Night Bahamian Cruise from Port Canaveral,WD0183,30860680,5PCV,Disney Destiny,BAHAMAS,BAHAMAS,5,True,True,False,,,
5_bahamian_port_canaveral,5-Night Bahamian Cruise from Port Canaveral,WD0182,30860679,5PCV,Disney Destiny,BAHAMAS,BAHAMAS,5,True,True,False,,,
5_bahamian_port_canaveral,5-Night Bahamian Cruise from Port Canaveral,DF0883,30056360,5PCV,Disney Fantasy,BAHAMAS,BAHAMAS,5,True,True,False,,,
5_bahamian_port_canaveral,5-Night Bahamian Cruise from Port Canaveral,WD0179,30860676,5PCV,Disney Destiny,BAHAMAS,BAHAMAS,5,True,True,False,,,
5_bahamian_port_canaveral,5-Night Bahamian Cruise from Port Canaveral,WD0180,30860677,5PCV,Disney Destiny,BAHAMAS,BAHAMAS,5,True,True,False,,,
5_bahamian_port_canaveral,5-Night Bahamian Cruise from Port Canaveral,DF0887,30468909,5PCV,Disney Fantasy,BAHAMAS,BAHAMAS,5,True,True,False,,,
5_bahamian_port_canaveral,5-Night Bahamian Cruise from Port Canaveral,DF0889,30468911,5PCV,Disney Fantasy,BAHAMAS,BAHAMAS,5,True,True,False,,,
5_bahamian_port_canaveral,5-Night Bahamian Cruise from Port Canaveral,DF0893,30468984,5PCV,Disney Fantasy,BAHAMAS,BAHAMAS,5,True,True,False,,,
5_bahamian_port_canaveral,5-Night Bahamian Cruise from Port Canaveral,DF0868,30056345,5PCV,Disney Fantasy,BAHAMAS,BAHAMAS,5,True,True,False,,,
5_bahamian_port_canaveral,5-Night Bahamian Cruise from Port Canaveral,WD0188,30860685,5PCV,Disney Destiny,BAHAMAS,BAHAMAS,5,True,True,False,,,
5_bahamian_port_canaveral,5-Night Bahamian Cruise from Port Canaveral,WD0165,30860662,5PCV,Disney Destiny,BAHAMAS,BAHAMAS,5,True,True,False,,,
3_bahamian_fort_lauderdale,3-Night Bahamian Cruise from Fort Lauderdale,WD0138,30469038,3PEF,Disney Destiny,BAHAMAS,BAHAMAS,3,True,True,False,,,
4_bahamian_fort_lauderdale_merrytime,4-Night Bahamian Cruise from Fort Lauderdale,WD0078,30056840,4PEF,Disney Destiny,BAHAMAS,BAHAMAS,4,True,True,False,,,
4_bahamian_fort_lauderdale_merrytime,4-Night Bahamian Cruise from Fort Lauderdale,DD1530,30063669,4PEF,Disney Dream,BAHAMAS,BAHAMAS,4,True,True,False,,,
4_bahamian_fort_lauderdale_merrytime,4-Night Bahamian Cruise from Fort Lauderdale,DD1635,30888007,4PEF,Disney Dream,BAHAMAS,BAHAMAS,4,True,True,False,,,
4_bahamian_fort_lauderdale_merrytime,4-Night Bahamian Cruise from Fort Lauderdale,DF0927,30867066,4PEF,Disney Fantasy,BAHAMAS,BAHAMAS,4,True,True,False,,,
4_bahamian_fort_lauderdale_merrytime,4-Night Bahamian Cruise from Fort Lauderdale,WD0154,30853271,4PEF,Disney Destiny,BAHAMAS,BAHAMAS,4,True,True,False,,,
5_western_fort_lauderdale,5-Night Western Caribbean Cruise from Fort Lauderdale,WD0091,30056853,5PEF,Disney Destiny,CARIBBEAN,WESTERN,5,True,True,False,,,
5_western_fort_lauderdale,5-Night Western Caribbean Cruise from Fort Lauderdale,WD0077,30056839,5PEF,Disney Destiny,CARIBBEAN,WESTERN,5,True,True,False,,,
5_western_fort_lauderdale,5-Night Western Caribbean Cruise from Fort Lauderdale,DD1672,30888394,5PEF,Disney Dream,CARIBBEAN,WESTERN,5,True,True,False,,,
5_western_fort_lauderdale,5-Night Western Caribbean Cruise from Fort Lauderdale,WD0108,30056870,5PEF,Disney Destiny,CARIBBEAN,WESTERN,5,True,True,False,,,
5_western_fort_lauderdale,5-Night Western Caribbean Cruise from Fort Lauderdale,WD0099,30056861,5PEF,Disney Destiny,CARIBBEAN,WESTERN,5,True,True,False,,,
5_western_fort_lauderdale,5-Night Western Caribbean Cruise from Fort Lauderdale,WD0114,30056876,5PEF,Disney Destiny,CARIBBEAN,WESTERN,5,True,True,False,,,
5_western_fort_lauderdale,5-Night Western Caribbean Cruise from Fort Lauderdale,WD0111,30056873,5PEF,Disney Destiny,CARIBBEAN,WESTERN,5,True,True,False,,,
5_western_fort_lauderdale,5-Night Western Caribbean Cruise from Fort Lauderdale,WD0088,30056850,5PEF,Disney Destiny,CARIBBEAN,WESTERN,5,True,True,False,,,
5_western_fort_lauderdale,5-Night Western Caribbean Cruise from Fort Lauderdale,WD0117,30056879,5PEF,Disney Destiny,CARIBBEAN,WESTERN,5,True,True,False,,,
5_western_fort_lauderdale,5-Night Western Caribbean Cruise from Fort Lauderdale,WD0133,30469033,5PEF,Disney Destiny,CARIBBEAN,WESTERN,5,True,True,False,,,
5_western_fort_lauderdale,5-Night Western Caribbean Cruise from Fort Lauderdale,WD0096,30056858,5PEF,Disney Destiny,CARIBBEAN,WESTERN,5,True,True,False,,,
5_western_fort_lauderdale,5-Night Western Caribbean Cruise from Fort Lauderdale,WD0102,30056864,5PEF,Disney Destiny,CARIBBEAN,WESTERN,5,True,True,False,,,
5_western_fort_lauderdale,5-Night Western Caribbean Cruise from Fort Lauderdale,WD0128,30469028,5PEF,Disney Destiny,CARIBBEAN,WESTERN,5,True,True,False,,,
5_western_fort_lauderdale,5-Night Western Caribbean Cruise from Fort Lauderdale,WD0125,30469025,5PEF,Disney Destiny,CARIBBEAN,WESTERN,5,True,True,False,,,
5_western_fort_lauderdale,5-Night Western Caribbean Cruise from Fort Lauderdale,WD0120,30469020,5PEF,Disney Destiny,CARIBBEAN,WESTERN,5,True,True,False,,,
5_western_fort_lauderdale,5-Night Western Caribbean Cruise from Fort Lauderdale,WD0105,30056867,5PEF,Disney Destiny,CARIBBEAN,WESTERN,5,True,True,False,,,
7_mexican_riviera_halloween,7-Night Mexican Riviera Cruise from San Diego,DM1758,30063263,7SAN,Disney Magic,MEXICAN RIVIERA,BAJA,7,True,True,False,,,
7_mexican_riviera_halloween,7-Night Mexican Riviera Cruise from San Diego,DM1817,30884974,7SAN,Disney Magic,MEXICAN RIVIERA,BAJA,7,True,True,False,,,
5_western_caribbean_fort_lauderdale_halloween,5-Night Western Caribbean Cruise from Fort Lauderdale,WD0074,30056836,5PEF,Disney Destiny,CARIBBEAN,WESTERN,5,True,True,False,,,
5_western_caribbean_fort_lauderdale_halloween,5-Night Western Caribbean Cruise from Fort Lauderdale,WD0150,30853267,5PEF,Disney Destiny,CARIBBEAN,WESTERN,5,True,True,False,,,
5_western_caribbean_fort_lauderdale_halloween,5-Night Western Caribbean Cruise from Fort Lauderdale,WD0147,30853264,5PEF,Disney Destiny,CARIBBEAN,WESTERN,5,True,True,False,,,
5_western_caribbean_fort_lauderdale_halloween,5-Night Western Caribbean Cruise from Fort Lauderdale,WD0144,30853261,5PEF,Disney Destiny,CARIBBEAN,WESTERN,5,True,True,False,,,
4_bahamian_port_canaveral,4-Night Bahamian Cruise from Port Canaveral,DD1605,30468012,4PCV,Disney Dream,BAHAMAS,BAHAMAS,4,True,True,False,,,
4_bahamian_port_canaveral,4-Night Bahamian Cruise from Port Canaveral,WW0630,30887076,4PCV,Disney Wish,BAHAMAS,BAHAMAS,4,True,True,False,,,
4_bahamian_port_canaveral,4-Night Bahamian Cruise from Port Canaveral,DF0873,30056350,4PCV,Disney Fantasy,BAHAMAS,BAHAMAS,4,True,True,False,,,
4_bahamian_port_canaveral,4-Night Bahamian Cruise from Port Canaveral,DD1623,30887995,4PCV,Disney Dream,BAHAMAS,BAHAMAS,4,True,True,False,,,
4_bahamian_port_canaveral,4-Night Bahamian Cruise from Port Canaveral,WW0551,30062310,4PCV,Disney Wish,BAHAMAS,BAHAMAS,4,True,True,False,,,
4_bahamian_port_canaveral,4-Night Bahamian Cruise from Port Canaveral,WW0632,30887078,4PCV,Disney Wish,BAHAMAS,BAHAMAS,4,True,True,False,,,
4_bahamian_port_canaveral,4-Night Bahamian Cruise from Port Canaveral,DF0876,30056353,4PCV,Disney Fantasy,BAHAMAS,BAHAMAS,4,True,True,False,,,
4_bahamian_port_canaveral,4-Night Bahamian Cruise from Port Canaveral,DF0864,30056341,4PCV,Disney Fantasy,BAHAMAS,BAHAMAS,4,True,True,False,,,
4_bahamian_port_canaveral,4-Night Bahamian Cruise from Port Canaveral,WW0547,30062306,4PCV,Disney Wish,BAHAMAS,BAHAMAS,4,True,True,False,,,
4_bahamian_port_canaveral,4-Night Bahamian Cruise from Port Canaveral,DF0861,30056338,4PCV,Disney Fantasy,BAHAMAS,BAHAMAS,4,True,True,False,,,
4_bahamian_port_canaveral,4-Night Bahamian Cruise from Port Canaveral,WW0543,30062302,4PCV,Disney Wish,BAHAMAS,BAHAMAS,4,True,True,False,,,
4_bahamian_port_canaveral,4-Night Bahamian Cruise from Port Canaveral,DD1601,30468008,4PCV,Disney Dream,BAHAMAS,BAHAMAS,4,True,True,False,,,
4_bahamian_port_canaveral,4-Night Bahamian Cruise from Port Canaveral,DD1573,30063715,4PCV,Disney Dream,BAHAMAS,BAHAMAS,4,True,True,False,,,
4_bahamian_port_canaveral,4-Night Bahamian Cruise from Port Canaveral,DF0899,30468990,4PCV,Disney Fantasy,BAHAMAS,BAHAMAS,4,True,True,False,,,
4_bahamian_port_canaveral,4-Night Bahamian Cruise from Port Canaveral,DF0867,30056344,4PCV,Disney Fantasy,BAHAMAS,BAHAMAS,4,True,True,False,,,
4_bahamian_port_canaveral,4-Night Bahamian Cruise from Port Canaveral,WW0559,30062318,4PCV,Disney Wish,BAHAMAS,BAHAMAS,4,True,True,False,,,
4_bahamian_port_canaveral,4-Night Bahamian Cruise from Port Canaveral,WW0646,30887092,4PCV,Disney Wish,BAHAMAS,BAHAMAS,4,True,True,False,,,
4_bahamian_port_canaveral,4-Night Bahamian Cruise from Port Canaveral,DD1577,30063719,4PCV,Disney Dream,BAHAMAS,BAHAMAS,4,True,True,False,,,
4_bahamian_port_canaveral,4-Night Bahamian Cruise from Port Canaveral,DF0870,30056347,4PCV,Disney Fantasy,BAHAMAS,BAHAMAS,4,True,True,False,,,
4_bahamian_port_canaveral,4-Night Bahamian Cruise from Port Canaveral,DD1597,30468004,4PCV,Disney Dream,BAHAMAS,BAHAMAS,4,True,True,False,,,
4_bahamian_port_canaveral,4-Night Bahamian Cruise from Port Canaveral,WW0638,30887084,4PCV,Disney Wish,BAHAMAS,BAHAMAS,4,True,True,False,,,
4_bahamian_port_canaveral,4-Night Bahamian Cruise from Port Canaveral,DD1581,30467988,4PCV,Disney Dream,BAHAMAS,BAHAMAS,4,True,True,False,,,
4_bahamian_port_canaveral,4-Night Bahamian Cruise from Port Canaveral,WW0555,30062314,4PCV,Disney Wish,BAHAMAS,BAHAMAS,4,True,True,False,,,
4_bahamian_port_canaveral,4-Night Bahamian Cruise from Port Canaveral,DD1593,30468000,4PCV,Disney Dream,BAHAMAS,BAHAMAS,4,True,True,False,,,
4_bahamian_port_canaveral,4-Night Bahamian Cruise from Port Canaveral,DD1585,30467992,4PCV,Disney Dream,BAHAMAS,BAHAMAS,4,True,True,False,,,
4_bahamian_port_canaveral,4-Night Bahamian Cruise from Port Canaveral,DD1589,30467996,4PCV,Disney Dream,BAHAMAS,BAHAMAS,4,True,True,False,,,
4_bahamian_port_canaveral,4-Night Bahamian Cruise from Port Canaveral,WW0542,30062301,4PCV,Disney Wish,BAHAMAS,BAHAMAS,4,True,True,False,,,
4_bahamian_port_canaveral,4-Night Bahamian Cruise from Port Canaveral,WW0650,30887096,4PCV,Disney Wish,BAHAMAS,BAHAMAS,4,True,True,False,,,
4_bahamian_port_canaveral,4-Night Bahamian Cruise from Port Canaveral,WW0563,30062322,4PCV,Disney Wish,BAHAMAS,BAHAMAS,4,True,True,False,,,
4_bahamian_port_canaveral,4-Night Bahamian Cruise from Port Canaveral,WW0567,30062326,4PCV,Disney Wish,BAHAMAS,BAHAMAS,4,True,True,False,,,
4_bahamian_port_canaveral,4-Night Bahamian Cruise from Port Canaveral,DF0850,30056327,4PCV,Disney Fantasy,BAHAMAS,BAHAMAS,4,True,True,False,,,
4_eastern_caribbean_fort_lauderdale_san_juan,4-Night Eastern Caribbean Cruise from Fort Lauderdale ending in San Juan,DD1566,30063705,4PESJ,Disney Dream,CARIBBEAN,EASTERN,4,True,True,False,,,
6_mexican_riviera_san_diego,6-Night Mexican Riviera Cruise from San Diego,DW2331,30867371,6SAN,Disney Wonder,MEXICAN RIVIERA,BAJA,6,True,True,False,,,
6_mexican_riviera_san_diego,6-Night Mexican Riviera Cruise from San Diego,DW2254,30076990,6SAN,Disney Wonder,MEXICAN RIVIERA,BAJA,6,True,True,False,,,
4_san_juan_port_canaveral,4-Night Eastern Caribbean Cruise from San Juan ending in Port Canaveral,WW0605,30887051,4SJPC,Disney Wish,CARIBBEAN,EASTERN,4,True,True,False,,,
4_san_juan_port_canaveral,4-Night Eastern Caribbean Cruise from San Juan ending in Port Canaveral,DD1568,30063710,4SJPC,Disney Dream,CARIBBEAN,EASTERN,4,True,True,False,,,
5_western_caribbean_port_canaveral_merrytime,5-Night Western Caribbean Cruise from Port Canaveral,DF0844,30056321,5PCV,Disney Fantasy,CARIBBEAN,WESTERN,5,True,True,False,,,
5_western_caribbean_port_canaveral_merrytime,5-Night Western Caribbean Cruise from Port Canaveral,DF0841,30056318,5PCV,Disney Fantasy,CARIBBEAN,WESTERN,5,True,True,False,,,
5_western_caribbean_port_canaveral_merrytime,5-Night Western Caribbean Cruise from Port Canaveral,WD0160,30860645,5PCV,Disney Destiny,CARIBBEAN,WESTERN,5,True,True,False,,,
5_western_caribbean_port_canaveral_merrytime,5-Night Western Caribbean Cruise from Port Canaveral,DF0922,30866896,5PCV,Disney Fantasy,CARIBBEAN,WESTERN,5,True,True,False,,,
5_western_caribbean_port_canaveral_merrytime,5-Night Western Caribbean Cruise from Port Canaveral,DF0847,30056324,5PCV,Disney Fantasy,CARIBBEAN,WESTERN,5,True,True,False,,,
5_western_caribbean_port_canaveral_merrytime,5-Night Western Caribbean Cruise from Port Canaveral,WD0163,30860648,5PCV,Disney Destiny,CARIBBEAN,WESTERN,5,True,True,False,,,
5_bahamian_port_canaveral_merrytime,5-Night Bahamian Cruise from Port Canaveral,DF0846,30056323,5PCV,Disney Fantasy,BAHAMAS,BAHAMAS,5,True,True,False,,,
5_bahamian_port_canaveral_merrytime,5-Night Bahamian Cruise from Port Canaveral,DF0840,30056317,5PCV,Disney Fantasy,BAHAMAS,BAHAMAS,5,True,True,False,,,
5_bahamian_port_canaveral_merrytime,5-Night Bahamian Cruise from Port Canaveral,DF0843,30056320,5PCV,Disney Fantasy,BAHAMAS,BAHAMAS,5,True,True,False,,,
5_bahamian_port_canaveral_merrytime,5-Night Bahamian Cruise from Port Canaveral,WD0162,30860647,5PCV,Disney Destiny,BAHAMAS,BAHAMAS,5,True,True,False,,,
5_eastern_caribbean_port_canaveral_san_juan_merrytime,5-Night Eastern Caribbean Cruise from Port Canaveral ending San Juan,DF0924,30866898,5PCSJ,Disney Fantasy,CARIBBEAN,EASTERN,5,True,True,False,,,
5_eastern_caribbean_san_juan_fort_lauderdale_merrytime,5-Night Eastern Caribbean Cruise from San Juan ending in Fort Lauderdale,DF0926,30867065,5SJPE,Disney Fantasy,CARIBBEAN,EASTERN,5,True,True,False,,,
5_bahamian_fort_lauderdale,5-Night Bahamian Cruise from Fort Lauderdale,WD0076,30056838,5PEF,Disney Destiny,BAHAMAS,BAHAMAS,5,True,True,False,,,
5_bahamian_fort_lauderdale,5-Night Bahamian Cruise from Fort Lauderdale,WD0093,30056855,5PEF,Disney Destiny,BAHAMAS,BAHAMAS,5,True,True,False,,,
5_bahamian_fort_lauderdale,5-Night Bahamian Cruise from Fort Lauderdale,WD0153,30853270,5PEF,Disney Destiny,BAHAMAS,BAHAMAS,5,True,True,False,,,
5_bahamian_fort_lauderdale,5-Night Bahamian Cruise from Fort Lauderdale,WD0090,30056852,5PEF,Disney Destiny,BAHAMAS,BAHAMAS,5,True,True,False,,,
5_bahamian_fort_lauderdale,5-Night Bahamian Cruise from Fort Lauderdale,WD0152,30853269,5PEF,Disney Destiny,BAHAMAS,BAHAMAS,5,True,True,False,,,
5_bahamian_fort_lauderdale,5-Night Bahamian Cruise from Fort Lauderdale,WD0113,30056875,5PEF,Disney Destiny,BAHAMAS,BAHAMAS,5,True,True,False,,,
5_bahamian_fort_lauderdale,5-Night Bahamian Cruise from Fort Lauderdale,WD0098,30056860,5PEF,Disney Destiny,BAHAMAS,BAHAMAS,5,True,True,False,,,
5_bahamian_fort_lauderdale,5-Night Bahamian Cruise from Fort Lauderdale,DD1540,30063679,5PEF,Disney Dream,BAHAMAS,BAHAMAS,5,True,True,False,,,
5_bahamian_fort_lauderdale,5-Night Bahamian Cruise from Fort Lauderdale,WD0107,30056869,5PEF,Disney Destiny,BAHAMAS,BAHAMAS,5,True,True,False,,,
5_bahamian_fort_lauderdale,5-Night Bahamian Cruise from Fort Lauderdale,WD0116,30056878,5PEF,Disney Destiny,BAHAMAS,BAHAMAS,5,True,True,False,,,
5_bahamian_fort_lauderdale,5-Night Bahamian Cruise from Fort Lauderdale,WD0101,30056863,5PEF,Disney Destiny,BAHAMAS,BAHAMAS,5,True,True,False,,,
5_bahamian_fort_lauderdale,5-Night Bahamian Cruise from Fort Lauderdale,WD0119,30056881,5PEF,Disney Destiny,BAHAMAS,BAHAMAS,5,True,True,False,,,
5_bahamian_fort_lauderdale,5-Night Bahamian Cruise from Fort Lauderdale,WD0104,30056866,5PEF,Disney Destiny,BAHAMAS,BAHAMAS,5,True,True,False,,,
5_bahamian_fort_lauderdale,5-Night Bahamian Cruise from Fort Lauderdale,WD0122,30469022,5PEF,Disney Destiny,BAHAMAS,BAHAMAS,5,True,True,False,,,
5_bahamian_fort_lauderdale,5-Night Bahamian Cruise from Fort Lauderdale,WD0127,30469027,5PEF,Disney Destiny,BAHAMAS,BAHAMAS,5,True,True,False,,,
5_bahamian_fort_lauderdale_merrytime,5-Night Bahamian Cruise from Fort Lauderdale,WD0082,30056844,5PEF,Disney Destiny,BAHAMAS,BAHAMAS,5,True,True,False,,,
5_bahamian_fort_lauderdale_merrytime,5-Night Bahamian Cruise from Fort Lauderdale,WD0079,30056841,5PEF,Disney Destiny,BAHAMAS,BAHAMAS,5,True,True,False,,,
5_bahamian_fort_lauderdale_merrytime,5-Night Bahamian Cruise from Fort Lauderdale,DD1631,30888003,5PEF,Disney Dream,BAHAMAS,BAHAMAS,5,True,True,False,,,
5_bahamian_fort_lauderdale_merrytime,5-Night Bahamian Cruise from Fort Lauderdale,WD0155,30860640,5PEF,Disney Destiny,BAHAMAS,BAHAMAS,5,True,True,False,,,
5_western_caribbean_port_canaveral,5-Night Western Caribbean Cruise from Port Canaveral,DF0904,30468995,5PCV,Disney Fantasy,CARIBBEAN,WESTERN,5,True,True,False,,,
5_western_caribbean_port_canaveral,5-Night Western Caribbean Cruise from Port Canaveral,DF0907,30866881,5PCV,Disney Fantasy,CARIBBEAN,WESTERN,5,True,True,False,,,
5_western_caribbean_port_canaveral,5-Night Western Caribbean Cruise from Port Canaveral,DF0919,30866893,5PCV,Disney Fantasy,CARIBBEAN,WESTERN,5,True,True,False,,,
5_western_caribbean_port_canaveral,5-Night Western Caribbean Cruise from Port Canaveral,DF0898,30468989,5PCV,Disney Fantasy,CARIBBEAN,WESTERN,5,True,True,False,,,
5_western_caribbean_port_canaveral,5-Night Western Caribbean Cruise from Port Canaveral,DF0890,30468912,5PCV,Disney Fantasy,CARIBBEAN,WESTERN,5,True,True,False,,,
5_western_caribbean_port_canaveral_pdas,5-Night Western Caribbean from Port Canaveral,DF0857,30056334,5PCV,Disney Fantasy,CARIBBEAN,WESTERN,5,True,True,False,,,
3_bahamian_fort_lauderdale,3-Night Bahamian Cruise from Fort Lauderdale,DD1639,30888143,3PEF,Disney Dream,BAHAMAS,BAHAMAS,3,True,True,False,,,
7_bahamian_galveston,7-Night Bahamian Cruise from Galveston,DM1837,30885067,7GLS,Disney Magic,BAHAMAS,BAHAMAS,7,True,True,False,,,
7_bahamian_galveston,7-Night Bahamian Cruise from Galveston,DM1832,30885028,7GLS,Disney Magic,BAHAMAS,BAHAMAS,7,True,True,False,,,
7_mexican_riviera,7-Night Mexican Riviera Cruise from San Diego,DW2279,30867319,7SAN,Disney Wonder,MEXICAN RIVIERA,BAJA,7,True,True,False,,,
7_mexican_riviera,7-Night Mexican Riviera Cruise from San Diego,DW2312,30867352,7SAN,Disney Wonder,MEXICAN RIVIERA,BAJA,7,True,True,False,,,
7_mexican_riviera,7-Night Mexican Riviera Cruise from San Diego,DW2253,30076989,7SAN,Disney Wonder,MEXICAN RIVIERA,BAJA,7,True,True,False,,,
7_mexican_riviera,7-Night Mexican Riviera Cruise from San Diego,DW2234,30076970,7SAN,Disney Wonder,MEXICAN RIVIERA,BAJA,7,True,True,False,,,
7_mexican_riviera,7-Night Mexican Riviera Cruise from San Diego,DW2305,30867345,7SAN,Disney Wonder,MEXICAN RIVIERA,BAJA,7,True,True,False,,,
7_mexican_riviera,7-Night Mexican Riviera Cruise from San Diego,DW2317,30867357,7SAN,Disney Wonder,MEXICAN RIVIERA,BAJA,7,True,True,False,,,
7_mexican_riviera,7-Night Mexican Riviera Cruise from San Diego,DW2243,30076979,7SAN,Disney Wonder,MEXICAN RIVIERA,BAJA,7,True,True,False,,,
4_bahamian_port_canaveral_merrytime,4-Night Bahamian Cruise from Port Canaveral,WW0610,30887056,4PCV,Disney Wish,BAHAMAS,BAHAMAS,4,True,True,False,,,
5_western_caribbean_port_canaveral_halloween,5-Night Western Caribbean Cruise from Port Canaveral,DF0832,30056309,5PCV,Disney Fantasy,CARIBBEAN,WESTERN,5,True,True,False,,,
7_bahamian_galveston_mdas,7-Night Bahamian Cruise from Galveston,DM1774,30063279,7GLS,Disney Magic,BAHAMAS,BAHAMAS,7,True,True,False,,,
7_bahamian_galveston_mdas,7-Night Bahamian Cruise from Galveston,DM1775,30063280,7GLS,Disney Magic,BAHAMAS,BAHAMAS,7,True,True,False,,,
3_bahamian_fort_lauderdale_merrytime,3-Night Bahamian Cruise from Fort Lauderdale,DD1638,30888010,3PEF,Disney Dream,BAHAMAS,BAHAMAS,3,True,True,False,,,
7_eastern_caribbean_fort_lauderdale,7-Night Eastern Caribbean Cruise from Fort Lauderdale,DD1545,30063684,7PEF,Disney Dream,CARIBBEAN,EASTERNTT,7,True,True,False,,,
7_eastern_caribbean_fort_lauderdale,7-Night Eastern Caribbean Cruise from Fort Lauderdale,DD1539,30063678,7PEF,Disney Dream,CARIBBEAN,EASTERNTT,7,True,True,False,,,
7_mexican_riviera_san_diego_merrytime,7-Night Mexican Riviera Cruise from San Diego,DW2295,30867335,7SAN,Disney Wonder,MEXICAN RIVIERA,BAJA,7,True,True,False,,,
7_mexican_riviera_san_diego_merrytime,7-Night Mexican Riviera Cruise from San Diego,DW2223,30076959,7SAN,Disney Wonder,MEXICAN RIVIERA,BAJA,7,True,True,False,,,
5_bahamian_port_canaveral_pixar,5-Night Bahamian Cruise from Port Canaveral,DF0856,30056333,5PCV,Disney Fantasy,BAHAMAS,BAHAMAS,5,True,True,False,,,
6_eastern_caribbean_san_juan_port_canaveral,6-Night Eastern Caribbean Cruise from San Juan ending in Port Canaveral,DF0952,30867091,6SJPC,Disney Fantasy,CARIBBEAN,EASTERN,6,True,True,False,,,
6_bahamian_fort_lauderdale,6-Night Bahamian Cruise from Fort Lauderdale,DF0930,30867069,6PEF,Disney Fantasy,BAHAMAS,BAHAMAS,6,True,True,False,,,
6_eastern_caribbean_fort_lauderdale,6-Night Eastern Caribbean Cruise from Fort Lauderdale,DF0933,30867072,6PEF,Disney Fantasy,CARIBBEAN,EASTERN,6,True,True,False,,,
6_eastern_caribbean_fort_lauderdale,6-Night Eastern Caribbean Cruise from Fort Lauderdale,DF0938,30867077,6PEF,Disney Fantasy,CARIBBEAN,EASTERN,6,True,True,False,,,
6_eastern_caribbean_fort_lauderdale,6-Night Eastern Caribbean Cruise from Fort Lauderdale,DF0943,30867082,6PEF,Disney Fantasy,CARIBBEAN,EASTERN,6,True,True,False,,,
6_eastern_caribbean_fort_lauderdale,6-Night Eastern Caribbean Cruise from Fort Lauderdale,DF0947,30867086,6PEF,Disney Fantasy,CARIBBEAN,EASTERN,6,True,True,False,,,
6_eastern_caribbean_fort_lauderdale_san_juan,6-Night Eastern Caribbean Cruise from Fort Lauderdale ending San Juan,DF0949,30867088,6PESJ,Disney Fantasy,CARIBBEAN,EASTERN,6,True,True,False,,,
5_bahamian_port_canaveral_pixar,5-Night Bahamian Cruise from Port Canaveral,DF0862,30056339,5PCV,Disney Fantasy,BAHAMAS,BAHAMAS,5,True,True,False,,,
5_bahamian_port_canaveral_pixar,5-Night Bahamian Cruise from Port Canaveral,DF0872,30056349,5PCV,Disney Fantasy,BAHAMAS,BAHAMAS,5,True,True,False,,,
5_bahamian_port_canaveral_pixar,5-Night Bahamian Cruise from Port Canaveral,DF0875,30056352,5PCV,Disney Fantasy,BAHAMAS,BAHAMAS,5,True,True,False,,,
5_bahamian_port_canaveral_pixar,5-Night Bahamian Cruise from Port Canaveral,DF0874,30056351,5PCV,Disney Fantasy,BAHAMAS,BAHAMAS,5,True,True,False,,,
5_bahamian_port_canaveral_pixar,5-Night Bahamian Cruise from Port Canaveral,DF0859,30056336,5PCV,Disney Fantasy,BAHAMAS,BAHAMAS,5,True,True,False,,,
5_bahamian_port_canaveral_pixar,5-Night Bahamian Cruise from Port Canaveral,DF0860,30056337,5PCV,Disney Fantasy,BAHAMAS,BAHAMAS,5,True,True,False,,,
5_bahamian_port_canaveral_pixar,5-Night Bahamian Cruise from Port Canaveral,DF0871,30056348,5PCV,Disney Fantasy,BAHAMAS,BAHAMAS,5,True,True,False,,,
3_belgium_southampton,3-Night Belgium Cruise from Southampton,WW0590,30469610,3SOU,Disney Wish,EUROPE,WEST EUROPE,3,True,True,False,,,
3_northern_europe_southampton,3-Night Northern Europe Cruise from Southampton,WW0592,30469612,3SOU,Disney Wish,EUROPE,NORTH EUROPE,3,True,True,False,,,
7_alaskan_vancouver,7-Night Alaskan Cruise from Vancouver,DM1795,30469148,7VAN,Disney Magic,ALASKA,ALASKA,7,True,True,False,,,
7_alaskan_vancouver,7-Night Alaskan Cruise from Vancouver,DM1794,30469147,7VAN,Disney Magic,ALASKA,ALASKA,7,True,True,False,,,
7_alaskan_vancouver,7-Night Alaskan Cruise from Vancouver,DM1810,30469163,7VAN,Disney Magic,ALASKA,ALASKA,7,True,True,False,,,
7_alaskan_vancouver,7-Night Alaskan Cruise from Vancouver,DM1809,30469162,7VAN,Disney Magic,ALASKA,ALASKA,7,True,True,False,,,
7_alaskan_vancouver,7-Night Alaskan Cruise from Vancouver,DM1811,30469164,7VAN,Disney Magic,ALASKA,ALASKA,7,True,True,False,,,
7_alaskan_vancouver,7-Night Alaskan Cruise from Vancouver,DM1796,30469149,7VAN,Disney Magic,ALASKA,ALASKA,7,True,True,False,,,
7_alaskan_vancouver,7-Night Alaskan Cruise from Vancouver,DM1808,30469161,7VAN,Disney Magic,ALASKA,ALASKA,7,True,True,False,,,
7_alaskan_vancouver,7-Night Alaskan Cruise from Vancouver,DM1807,30469160,7VAN,Disney Magic,ALASKA,ALASKA,7,True,True,False,,,
7_alaskan_vancouver,7-Night Alaskan Cruise from Vancouver,DM1801,30469154,7VAN,Disney Magic,ALASKA,ALASKA,7,True,True,False,,,
7_alaskan_vancouver,7-Night Alaskan Cruise from Vancouver,DM1797,30469150,7VAN,Disney Magic,ALASKA,ALASKA,7,True,True,False,,,
7_alaskan_vancouver,7-Night Alaskan Cruise from Vancouver,DM1806,30469159,7VAN,Disney Magic,ALASKA,ALASKA,7,True,True,False,,,
7_alaskan_vancouver,7-Night Alaskan Cruise from Vancouver,DM1798,30469151,7VAN,Disney Magic,ALASKA,ALASKA,7,True,True,False,,,
7_alaskan_vancouver,7-Night Alaskan Cruise from Vancouver,DM1800,30469153,7VAN,Disney Magic,ALASKA,ALASKA,7,True,True,False,,,
7_alaskan_vancouver,7-Night Alaskan Cruise from Vancouver,DM1799,30469152,7VAN,Disney Magic,ALASKA,ALASKA,7,True,True,False,,,
7_alaskan_vancouver,7-Night Alaskan Cruise from Vancouver,DM1803,30469156,7VAN,Disney Magic,ALASKA,ALASKA,7,True,True,False,,,
7_alaskan_vancouver,7-Night Alaskan Cruise from Vancouver,DM1802,30469155,7VAN,Disney Magic,ALASKA,ALASKA,7,True,True,False,,,
5_bahamian_fort_lauderdale_halloween,5-Night Bahamian Cruise from Fort Lauderdale,WD0149,30853266,5PEF,Disney Destiny,BAHAMAS,BAHAMAS,5,True,True,False,,,
5_bahamian_fort_lauderdale_halloween,5-Night Bahamian Cruise from Fort Lauderdale,WD0143,30853260,5PEF,Disney Destiny,BAHAMAS,BAHAMAS,5,True,True,False,,,
5_bahamian_fort_lauderdale_halloween,5-Night Bahamian Cruise from Fort Lauderdale,WD0146,30853263,5PEF,Disney Destiny,BAHAMAS,BAHAMAS,5,True,True,False,,,
7_western_caribbean_port_canaveral_halloween,7-Night Western Caribbean Cruise from Port Canaveral,WT0098,30056757,7PCV,Disney Treasure,CARIBBEAN,WESTERN D,7,True,True,False,,,
7_western_caribbean_port_canaveral_halloween,7-Night Western Caribbean Cruise from Port Canaveral,WT0096,30056755,7PCV,Disney Treasure,CARIBBEAN,WESTERN D,7,True,True,False,,,
7_western_caribbean_port_canaveral_halloween,7-Night Western Caribbean Cruise from Port Canaveral,WT0144,30469018,7PCV,Disney Treasure,CARIBBEAN,WESTERN D,7,True,True,False,,,
7_western_caribbean_port_canaveral_halloween,7-Night Western Caribbean Cruise from Port Canaveral,WT0150,30867218,7PCV,Disney Treasure,CARIBBEAN,WESTERN D,7,True,True,False,,,
7_western_caribbean_port_canaveral_halloween,7-Night Western Caribbean Cruise from Port Canaveral,WT0148,30867216,7PCV,Disney Treasure,CARIBBEAN,WESTERN D,7,True,True,False,,,
7_western_caribbean_port_canaveral_halloween,7-Night Western Caribbean Cruise from Port Canaveral,WT0146,30847461,7PCV,Disney Treasure,CARIBBEAN,WESTERN D,7,True,True,False,,,
7_western_caribbean_fort_lauderdale_halloween,7-Night Western Caribbean Cruise from Fort Lauderdale,WD0072,30056834,7PEF,Disney Destiny,CARIBBEAN,WESTERN,7,True,True,False,,,
7_western_caribbean_port_canaveral,7-Night Western Caribbean Cruise from Port Canaveral,WT0108,30056767,7PCV,Disney Treasure,CARIBBEAN,WESTERN D,7,True,True,False,,,
7_western_caribbean_port_canaveral,7-Night Western Caribbean Cruise from Port Canaveral,WT0116,30056775,7PCV,Disney Treasure,CARIBBEAN,WESTERN D,7,True,True,False,,,
7_western_caribbean_port_canaveral,7-Night Western Caribbean Cruise from Port Canaveral,WT0142,30469016,7PCV,Disney Treasure,CARIBBEAN,WESTERN D,7,True,True,False,,,
7_western_caribbean_port_canaveral,7-Night Western Caribbean Cruise from Port Canaveral,WT0140,30469014,7PCV,Disney Treasure,CARIBBEAN,WESTERN D,7,True,True,False,,,
7_western_caribbean_port_canaveral,7-Night Western Caribbean Cruise from Port Canaveral,WT0110,30056769,7PCV,Disney Treasure,CARIBBEAN,WESTERN D,7,True,True,False,,,
7_western_caribbean_port_canaveral,7-Night Western Caribbean Cruise from Port Canaveral,WT0164,30867232,7PCV,Disney Treasure,CARIBBEAN,WESTERN D,7,True,True,False,,,
7_western_caribbean_port_canaveral,7-Night Western Caribbean Cruise from Port Canaveral,WT0112,30056771,7PCV,Disney Treasure,CARIBBEAN,WESTERN D,7,True,True,False,,,
7_western_caribbean_port_canaveral,7-Night Western Caribbean Cruise from Port Canaveral,WT0162,30867230,7PCV,Disney Treasure,CARIBBEAN,WESTERN D,7,True,True,False,,,
7_western_caribbean_port_canaveral,7-Night Western Caribbean Cruise from Port Canaveral,WT0114,30056773,7PCV,Disney Treasure,CARIBBEAN,WESTERN D,7,True,True,False,,,
7_western_caribbean_port_canaveral,7-Night Western Caribbean Cruise from Port Canaveral,WT0124,30056783,7PCV,Disney Treasure,CARIBBEAN,WESTERN D,7,True,True,False,,,
7_western_caribbean_port_canaveral,7-Night Western Caribbean Cruise from Port Canaveral,WT0176,30867244,7PCV,Disney Treasure,CARIBBEAN,WESTERN D,7,True,True,False,,,
7_western_caribbean_port_canaveral,7-Night Western Caribbean Cruise from Port Canaveral,WT0138,30469012,7PCV,Disney Treasure,CARIBBEAN,WESTERN D,7,True,True,False,,,
7_western_caribbean_port_canaveral,7-Night Western Caribbean Cruise from Port Canaveral,WT0122,30056781,7PCV,Disney Treasure,CARIBBEAN,WESTERN D,7,True,True,False,,,
7_western_caribbean_port_canaveral,7-Night Western Caribbean Cruise from Port Canaveral,WT0126,30056785,7PCV,Disney Treasure,CARIBBEAN,WESTERN D,7,True,True,False,,,
7_western_caribbean_port_canaveral,7-Night Western Caribbean Cruise from Port Canaveral,WT0120,30056779,7PCV,Disney Treasure,CARIBBEAN,WESTERN D,7,True,True,False,,,
7_western_caribbean_port_canaveral,7-Night Western Caribbean Cruise from Port Canaveral,WT0172,30867240,7PCV,Disney Treasure,CARIBBEAN,WESTERN D,7,True,True,False,,,
7_western_caribbean_port_canaveral,7-Night Western Caribbean Cruise from Port Canaveral,WT0136,30469010,7PCV,Disney Treasure,CARIBBEAN,WESTERN D,7,True,True,False,,,
7_western_caribbean_port_canaveral,7-Night Western Caribbean Cruise from Port Canaveral,WT0134,30469008,7PCV,Disney Treasure,CARIBBEAN,WESTERN D,7,True,True,False,,,
7_western_caribbean_port_canaveral,7-Night Western Caribbean Cruise from Port Canaveral,WT0168,30867236,7PCV,Disney Treasure,CARIBBEAN,WESTERN D,7,True,True,False,,,
7_western_caribbean_port_canaveral,7-Night Western Caribbean Cruise from Port Canaveral,WT0170,30867238,7PCV,Disney Treasure,CARIBBEAN,WESTERN D,7,True,True,False,,,
7_western_caribbean_port_canaveral,7-Night Western Caribbean Cruise from Port Canaveral,WT0166,30867234,7PCV,Disney Treasure,CARIBBEAN,WESTERN D,7,True,True,False,,,
7_western_caribbean_port_canaveral,7-Night Western Caribbean Cruise from Port Canaveral,WT0174,30867242,7PCV,Disney Treasure,CARIBBEAN,WESTERN D,7,True,True,False,,,
7_western_caribbean_port_canaveral,7-Night Western Caribbean Cruise from Port Canaveral,WT0130,30469004,7PCV,Disney Treasure,CARIBBEAN,WESTERN D,7,True,True,False,,,
7_western_caribbean_port_canaveral,7-Night Western Caribbean Cruise from Port Canaveral,WT0132,30469006,7PCV,Disney Treasure,CARIBBEAN,WESTERN D,7,True,True,False,,,
7_western_caribbean_port_canaveral,7-Night Western Caribbean Cruise from Port Canaveral,WT0128,30056787,7PCV,Disney Treasure,CARIBBEAN,WESTERN D,7,True,True,False,,,
7_western_caribbean_port_canaveral,7-Night Western Caribbean Cruise from Port Canaveral,WT0118,30056777,7PCV,Disney Treasure,CARIBBEAN,WESTERN D,7,True,True,False,,,
7_western_caribbean_port_canaveral,7-Night Western Caribbean Cruise from Port Canaveral,WT0106,30056765,7PCV,Disney Treasure,CARIBBEAN,WESTERN D,7,True,True,False,,,
5_bahamian_port_canaveral_merrytime,5-Night Bahamian Cruise from Port Canaveral,DF0921,30866895,5PCV,Disney Fantasy,BAHAMAS,BAHAMAS,5,True,True,False,,,
5_bahamian_port_canaveral_dd,5-Night Bahamian Cruise from Port Canaveral with 2 Stops at Castaway Cay,DF0854,30056331,5PCV,Disney Fantasy,BAHAMAS,BAHAMAS2CC,5,True,True,False,,,
5_bahamian_port_canaveral_dd,5-Night Bahamian Cruise from Port Canaveral with 2 Stops at Castaway Cay,DF0901,30468992,5PCV,Disney Fantasy,BAHAMAS,BAHAMAS2CC,5,True,True,False,,,
5_bahamian_port_canaveral_dd,5-Night Bahamian Cruise from Port Canaveral with 2 Stops at Castaway Cay,DF0869,30056346,5PCV,Disney Fantasy,BAHAMAS,BAHAMAS2CC,5,True,True,False,,,
5_bahamian_port_canaveral_dd,5-Night Bahamian Cruise from Port Canaveral with 2 Stops at Castaway Cay,DF0892,30468914,5PCV,Disney Fantasy,BAHAMAS,BAHAMAS2CC,5,True,True,False,,,
5_bahamian_fort_lauderdale_merrytime,5-Night Bahamian Cruise from Fort Lauderdale,WD0081,30077466,5PEF,Disney Destiny,BAHAMAS,BAHAMAS,5,True,True,False,,,
7_western_caribbean_port_canaveral_merrytime,7-Night Western Caribbean Cruise from Port Canaveral,WT0102,30056761,7PCV,Disney Treasure,CARIBBEAN,WESTERN D,7,True,True,False,,,
7_western_caribbean_port_canaveral_merrytime,7-Night Western Caribbean Cruise from Port Canaveral,WT0100,30056759,7PCV,Disney Treasure,CARIBBEAN,WESTERN D,7,True,True,False,,,
7_western_caribbean_port_canaveral_merrytime,7-Night Western Caribbean Cruise from Port Canaveral,WT0104,30056763,7PCV,Disney Treasure,CARIBBEAN,WESTERN D,7,True,True,False,,,
7_western_caribbean_port_canaveral_merrytime,7-Night Western Caribbean Cruise from Port Canaveral,WT0154,30867222,7PCV,Disney Treasure,CARIBBEAN,WESTERN D,7,True,True,False,,,
7_western_caribbean_port_canaveral_merrytime,7-Night Western Caribbean Cruise from Port Canaveral,WT0152,30867220,7PCV,Disney Treasure,CARIBBEAN,WESTERN D,7,True,True,False,,,
7_western_caribbean_port_canaveral_merrytime,7-Night Western Caribbean Cruise from Port Canaveral,WT0156,30867224,7PCV,Disney Treasure,CARIBBEAN,WESTERN D,7,True,True,False,,,
7_eastern_caribbean_port_canaveral_halloween,7-Night Eastern Caribbean Cruise from Port Canaveral,WT0097,30056756,7PCV,Disney Treasure,CARIBBEAN,EASTERNTT,7,True,True,False,,,
7_eastern_caribbean_port_canaveral_halloween,7-Night Eastern Caribbean Cruise from Port Canaveral,WT0095,30056754,7PCV,Disney Treasure,CARIBBEAN,EASTERNTT,7,True,True,False,,,
7_eastern_caribbean_port_canaveral_halloween,7-Night Eastern Caribbean Cruise from Port Canaveral,WT0145,30469019,7PCV,Disney Treasure,CARIBBEAN,EASTERNTT,7,True,True,False,,,
7_eastern_caribbean_port_canaveral_halloween,7-Night Eastern Caribbean Cruise from Port Canaveral,WT0149,30867217,7PCV,Disney Treasure,CARIBBEAN,EASTERNTT,7,True,True,False,,,
7_eastern_caribbean_port_canaveral_halloween,7-Night Eastern Caribbean Cruise from Port Canaveral,WT0147,30867215,7PCV,Disney Treasure,CARIBBEAN,EASTERNTT,7,True,True,False,,,
5_bahamian_fort_lauderdale,5-Night Bahamian Cruise from Fort Lauderdale,WD0110,30056872,5PEF,Disney Destiny,BAHAMAS,BAHAMAS,5,True,True,False,,,
5_bahamian_fort_lauderdale,5-Night Bahamian Cruise from Fort Lauderdale,WD0087,30056849,5PEF,Disney Destiny,BAHAMAS,BAHAMAS,5,True,True,False,,,
4_bahamian_port_canaveral_merrytime,4-Night Bahamian Cruise from Port Canaveral,WW0540,30062299,4PCV,Disney Wish,BAHAMAS,BAHAMAS,4,True,True,False,,,
5_bermuda_new_york_san_juan_halloween,5-Night Bermuda Cruise from New York ending in San Juan,WW0603,30887049,5NYSJ,Disney Wish,BERMUDA,BERMUDA,5,True,True,False,,,
7_eastern_caribbean_port_canaveral,7-Night Eastern Caribbean Cruise from Port Canaveral,WT0115,30056774,7PCV,Disney Treasure,CARIBBEAN,EASTERNTT,7,True,True,False,,,
7_eastern_caribbean_port_canaveral,7-Night Eastern Caribbean Cruise from Port Canaveral,WT0109,30056768,7PCV,Disney Treasure,CARIBBEAN,EASTERNTT,7,True,True,False,,,
7_eastern_caribbean_port_canaveral,7-Night Eastern Caribbean Cruise from Port Canaveral,WT0099,30056758,7PCV,Disney Treasure,CARIBBEAN,EASTERNTT,7,True,True,False,,,
7_eastern_caribbean_port_canaveral,7-Night Eastern Caribbean Cruise from Port Canaveral,WT0169,30867237,7PCV,Disney Treasure,CARIBBEAN,EASTERNTT,7,True,True,False,,,
6_alaskan_vancouver,6-Night Alaskan Cruise from Vancouver,DM1805,30469158,6VAN,Disney Magic,ALASKA,ALASKA,6,True,True,False,,,
7_bahamian_galveston,7-Night Bahamian Cruise from Galveston,DM1791,30063296,7GLS,Disney Magic,BAHAMAS,BAHAMAS,7,True,True,False,,,
7_bahamian_galveston,7-Night Bahamian Cruise from Galveston,DM1849,30885242,7GLS,Disney Magic,BAHAMAS,BAHAMAS,7,True,True,False,,,
7_bahamian_galveston,7-Night Bahamian Cruise from Galveston,DM1768,30063273,7GLS,Disney Magic,BAHAMAS,BAHAMAS,7,True,True,False,,,
7_eastern_caribbean_fort_lauderdale_merrytime,7-Night Eastern Caribbean Cruise from Fort Lauderdale,DD1528,30063667,7PEF,Disney Dream,CARIBBEAN,EASTERN,7,True,True,False,,,
7_eastern_caribbean_fort_lauderdale,7-Night Eastern Caribbean Cruise from Fort Lauderdale,DF0937,30867076,7PEF,Disney Fantasy,CARIBBEAN,EASTERN,7,True,True,False,,,
7_eastern_caribbean_fort_lauderdale,7-Night Eastern Caribbean Cruise from Fort Lauderdale,DF0929,30867068,7PEF,Disney Fantasy,CARIBBEAN,EASTERN,7,True,True,False,,,
7_eastern_caribbean_port_canaveral,7-Night Eastern Caribbean Cruise from Port Canaveral,WT0111,30056770,7PCV,Disney Treasure,CARIBBEAN,EASTERNTT,7,True,True,False,,,
7_eastern_caribbean_port_canaveral,7-Night Eastern Caribbean Cruise from Port Canaveral,WT0107,30056766,7PCV,Disney Treasure,CARIBBEAN,EASTERNTT,7,True,True,False,,,
7_eastern_caribbean_port_canaveral,7-Night Eastern Caribbean Cruise from Port Canaveral,WT0143,30469017,7PCV,Disney Treasure,CARIBBEAN,EASTERNTT,7,True,True,False,,,
7_eastern_caribbean_port_canaveral,7-Night Eastern Caribbean Cruise from Port Canaveral,WT0141,30469015,7PCV,Disney Treasure,CARIBBEAN,EASTERNTT,7,True,True,False,,,
7_eastern_caribbean_port_canaveral,7-Night Eastern Caribbean Cruise from Port Canaveral,WT0163,30867231,7PCV,Disney Treasure,CARIBBEAN,EASTERNTT,7,True,True,False,,,
7_eastern_caribbean_port_canaveral,7-Night Eastern Caribbean Cruise from Port Canaveral,WT0161,30867229,7PCV,Disney Treasure,CARIBBEAN,EASTERNTT,7,True,True,False,,,
7_eastern_caribbean_port_canaveral,7-Night Eastern Caribbean Cruise from Port Canaveral,WT0151,30867219,7PCV,Disney Treasure,CARIBBEAN,EASTERNTT,7,True,True,False,,,
7_eastern_caribbean_port_canaveral,7-Night Eastern Caribbean Cruise from Port Canaveral,WT0165,30867233,7PCV,Disney Treasure,CARIBBEAN,EASTERNTT,7,True,True,False,,,
7_eastern_caribbean_port_canaveral,7-Night Eastern Caribbean Cruise from Port Canaveral,WT0121,30056780,7PCV,Disney Treasure,CARIBBEAN,EASTERNTT,7,True,True,False,,,
7_eastern_caribbean_port_canaveral,7-Night Eastern Caribbean Cruise from Port Canaveral,WT0125,30056784,7PCV,Disney Treasure,CARIBBEAN,EASTERNTT,7,True,True,False,,,
7_eastern_caribbean_port_canaveral,7-Night Eastern Caribbean Cruise from Port Canaveral,WT0139,30469013,7PCV,Disney Treasure,CARIBBEAN,EASTERNTT,7,True,True,False,,,
7_eastern_caribbean_port_canaveral,7-Night Eastern Caribbean Cruise from Port Canaveral,WT0175,30867243,7PCV,Disney Treasure,CARIBBEAN,EASTERNTT,7,True,True,False,,,
7_eastern_caribbean_port_canaveral,7-Night Eastern Caribbean Cruise from Port Canaveral,WT0123,30056782,7PCV,Disney Treasure,CARIBBEAN,EASTERNTT,7,True,True,False,,,
7_eastern_caribbean_port_canaveral,7-Night Eastern Caribbean Cruise from Port Canaveral,WT0167,30867235,7PCV,Disney Treasure,CARIBBEAN,EASTERNTT,7,True,True,False,,,
7_eastern_caribbean_port_canaveral,7-Night Eastern Caribbean Cruise from Port Canaveral,WT0159,30867227,7PCV,Disney Treasure,CARIBBEAN,EASTERNTT,7,True,True,False,,,
7_eastern_caribbean_port_canaveral,7-Night Eastern Caribbean Cruise from Port Canaveral,WT0127,30056786,7PCV,Disney Treasure,CARIBBEAN,EASTERNTT,7,True,True,False,,,
7_eastern_caribbean_port_canaveral,7-Night Eastern Caribbean Cruise from Port Canaveral,WT0171,30867239,7PCV,Disney Treasure,CARIBBEAN,EASTERNTT,7,True,True,False,,,
7_eastern_caribbean_port_canaveral,7-Night Eastern Caribbean Cruise from Port Canaveral,WT0113,30056772,7PCV,Disney Treasure,CARIBBEAN,EASTERNTT,7,True,True,False,,,
7_eastern_caribbean_port_canaveral,7-Night Eastern Caribbean Cruise from Port Canaveral,WT0119,30056778,7PCV,Disney Treasure,CARIBBEAN,EASTERNTT,7,True,True,False,,,
7_eastern_caribbean_port_canaveral,7-Night Eastern Caribbean Cruise from Port Canaveral,WT0129,30469003,7PCV,Disney Treasure,CARIBBEAN,EASTERNTT,7,True,True,False,,,
7_eastern_caribbean_port_canaveral,7-Night Eastern Caribbean Cruise from Port Canaveral,WT0131,30469005,7PCV,Disney Treasure,CARIBBEAN,EASTERNTT,7,True,True,False,,,
7_eastern_caribbean_port_canaveral,7-Night Eastern Caribbean Cruise from Port Canaveral,WT0133,30469007,7PCV,Disney Treasure,CARIBBEAN,EASTERNTT,7,True,True,False,,,
7_eastern_caribbean_port_canaveral,7-Night Eastern Caribbean Cruise from Port Canaveral,WT0135,30469009,7PCV,Disney Treasure,CARIBBEAN,EASTERNTT,7,True,True,False,,,
7_eastern_caribbean_port_canaveral,7-Night Eastern Caribbean Cruise from Port Canaveral,WT0117,30056776,7PCV,Disney Treasure,CARIBBEAN,EASTERNTT,7,True,True,False,,,
7_eastern_caribbean_port_canaveral,7-Night Eastern Caribbean Cruise from Port Canaveral,WT0173,30867241,7PCV,Disney Treasure,CARIBBEAN,EASTERNTT,7,True,True,False,,,
4_spain_southampton,4-Night Spain Cruise from Southampton,WW0589,30469609,4SOU,Disney Wish,EUROPE,WEST EUROPE A,4,True,True,False,,,
4_spain_southampton,4-Night Spain Cruise from Southampton,WW0593,30469613,4SOU,Disney Wish,EUROPE,WEST EUROPE A,4,True,True,False,,,
4_spain_southampton,4-Night Spain Cruise from Southampton,WW0591,30469611,4SOU,Disney Wish,EUROPE,WEST EUROPE A,4,True,True,False,,,
7_eastern_caribbean_fort_lauderdale_halloween,7-Night Eastern Caribbean Cruise from Fort Lauderdale,WD0073,30056835,7PEF,Disney Destiny,CARIBBEAN,EASTERN,7,True,True,False,,,
7_alaskan_vancouver,7-Night Alaskan Cruise from Vancouver,DW2258,30469572,7VAN,Disney Wonder,ALASKA,ALASKA,7,True,True,False,,,
7_alaskan_vancouver,7-Night Alaskan Cruise from Vancouver,DW2273,30469587,7VAN,Disney Wonder,ALASKA,ALASKA,7,True,True,False,,,
7_alaskan_vancouver,7-Night Alaskan Cruise from Vancouver,DW2275,30469589,7VAN,Disney Wonder,ALASKA,ALASKA,7,True,True,False,,,
7_alaskan_vancouver,7-Night Alaskan Cruise from Vancouver,DW2272,30469586,7VAN,Disney Wonder,ALASKA,ALASKA,7,True,True,False,,,
7_alaskan_vancouver,7-Night Alaskan Cruise from Vancouver,DW2271,30469585,7VAN,Disney Wonder,ALASKA,ALASKA,7,True,True,False,,,
7_alaskan_vancouver,7-Night Alaskan Cruise from Vancouver,DW2259,30469573,7VAN,Disney Wonder,ALASKA,ALASKA,7,True,True,False,,,
7_alaskan_vancouver,7-Night Alaskan Cruise from Vancouver,DW2260,30469574,7VAN,Disney Wonder,ALASKA,ALASKA,7,True,True,False,,,
7_alaskan_vancouver,7-Night Alaskan Cruise from Vancouver,DW2276,30469590,7VAN,Disney Wonder,ALASKA,ALASKA,7,True,True,False,,,
7_alaskan_vancouver,7-Night Alaskan Cruise from Vancouver,DW2274,30469588,7VAN,Disney Wonder,ALASKA,ALASKA,7,True,True,False,,,
7_alaskan_vancouver,7-Night Alaskan Cruise from Vancouver,DW2263,30469577,7VAN,Disney Wonder,ALASKA,ALASKA,7,True,True,False,,,
7_alaskan_vancouver,7-Night Alaskan Cruise from Vancouver,DW2266,30469580,7VAN,Disney Wonder,ALASKA,ALASKA,7,True,True,False,,,
7_alaskan_vancouver,7-Night Alaskan Cruise from Vancouver,DW2261,30469575,7VAN,Disney Wonder,ALASKA,ALASKA,7,True,True,False,,,
7_alaskan_vancouver,7-Night Alaskan Cruise from Vancouver,DW2268,30469582,7VAN,Disney Wonder,ALASKA,ALASKA,7,True,True,False,,,
7_alaskan_vancouver,7-Night Alaskan Cruise from Vancouver,DW2270,30469584,7VAN,Disney Wonder,ALASKA,ALASKA,7,True,True,False,,,
7_alaskan_vancouver,7-Night Alaskan Cruise from Vancouver,DW2269,30469583,7VAN,Disney Wonder,ALASKA,ALASKA,7,True,True,False,,,
7_alaskan_vancouver,7-Night Alaskan Cruise from Vancouver,DW2264,30469578,7VAN,Disney Wonder,ALASKA,ALASKA,7,True,True,False,,,
7_alaskan_vancouver,7-Night Alaskan Cruise from Vancouver,DW2265,30469579,7VAN,Disney Wonder,ALASKA,ALASKA,7,True,True,False,,,
7_alaskan_vancouver,7-Night Alaskan Cruise from Vancouver,DW2262,30469576,7VAN,Disney Wonder,ALASKA,ALASKA,7,True,True,False,,,
7_alaskan_vancouver,7-Night Alaskan Cruise from Vancouver,DW2267,30469581,7VAN,Disney Wonder,ALASKA,ALASKA,7,True,True,False,,,
7_mexican_riviera_san_diego_merrytime,7-Night Mexican Riviera Cruise from San Diego,DW2216,30076952,7SAN,Disney Wonder,MEXICAN RIVIERA,BAJA,7,True,True,False,,,
7_eastern_caribbean_port_canaveral_merrytime,7-Night Eastern Caribbean Cruise from Port Canaveral,WT0103,30056762,7PCV,Disney Treasure,CARIBBEAN,EASTERNTT,7,True,True,False,,,
7_eastern_caribbean_port_canaveral_merrytime,7-Night Eastern Caribbean Cruise from Port Canaveral,WT0101,30056760,7PCV,Disney Treasure,CARIBBEAN,EASTERNTT,7,True,True,False,,,
7_eastern_caribbean_port_canaveral_merrytime,7-Night Eastern Caribbean Cruise from Port Canaveral,WT0155,30867223,7PCV,Disney Treasure,CARIBBEAN,EASTERNTT,7,True,True,False,,,
7_eastern_caribbean_port_canaveral_merrytime,7-Night Eastern Caribbean Cruise from Port Canaveral,WT0105,30056764,7PCV,Disney Treasure,CARIBBEAN,EASTERNTT,7,True,True,False,,,
7_eastern_caribbean_fort_lauderdale,7-Night Eastern Caribbean Cruise from Fort Lauderdale,DF0936,30867075,7PEF,Disney Fantasy,CARIBBEAN,EASTERN,7,True,True,False,,,
7_eastern_caribbean_fort_lauderdale,7-Night Eastern Caribbean Cruise from Fort Lauderdale,DF0941,30867080,7PEF,Disney Fantasy,CARIBBEAN,EASTERN,7,True,True,False,,,
7_eastern_caribbean_fort_lauderdale,7-Night Eastern Caribbean Cruise from Fort Lauderdale,WD0094,30056856,7PEF,Disney Destiny,CARIBBEAN,EASTERN,7,True,True,False,,,
7_eastern_caribbean_fort_lauderdale,7-Night Eastern Caribbean Cruise from Fort Lauderdale,DF0946,30867085,7PEF,Disney Fantasy,CARIBBEAN,EASTERN,7,True,True,False,,,
7_eastern_caribbean_fort_lauderdale_merrytime,7-Night Eastern Caribbean Cruise from Fort Lauderdale,WD0084,30056846,7PEF,Disney Destiny,CARIBBEAN,EASTERN,7,True,True,False,,,
7_bahamian_fort_lauderdale_dd_merrytime,7-Night Bahamian Cruise from Fort Lauderdale with 2 stops at Castaway Cay,WD0083,30056845,7PEF,Disney Destiny,BAHAMAS,BAHAMAS2CC,7,True,True,False,,,
7_southern_caribbean_san_juan,7-Night Southern Caribbean Cruise from San Juan,DF0951,30867090,7SJU,Disney Fantasy,CARIBBEAN,SOUTHERN,7,True,True,False,,,
6_western_caribbean_port_canaveral,6-Night Western Caribbean Cruise from Port Canaveral,WD0167,30860664,6PCV,Disney Destiny,CARIBBEAN,WESTERN,6,True,True,False,,,
7_southern_caribbean_san_juan_merrytime,7-Night Southern Caribbean Cruise from San Juan,DF0925,30867064,7SJU,Disney Fantasy,CARIBBEAN,SOUTHERN,7,True,True,False,,,
6_bahamian_port_canaveral_dd,6-Night Bahamian Cruise from Port Canaveral with 2 Stops at Castaway Cay,WT0160,30867228,6PCV,Disney Treasure,BAHAMAS,BAHAMAS2CC,6,True,True,False,,,
6_bahamian_fort_lauderdale_merrytime,6-Night Bahamian Cruise from Fort Lauderdale,DD1538,30063677,6PEF,Disney Dream,BAHAMAS,BAHAMAS,6,True,True,False,,,
7_eastern_caribbean_fort_lauderdale,7-Night Eastern Caribbean Cruise from Fort Lauderdale,DF0942,30867081,7PEF,Disney Fantasy,CARIBBEAN,EASTERN,7,True,True,False,,,
7_eastern_caribbean_fort_lauderdale,7-Night Eastern Caribbean Cruise from Fort Lauderdale,DF0945,30867084,7PEF,Disney Fantasy,CARIBBEAN,EASTERN,7,True,True,False,,,
7_southern_caribbean_san_juan,7-Night Southern Caribbean Cruise from San Juan,DF0950,30867089,7SJU,Disney Fantasy,CARIBBEAN,SOUTHERN,7,True,True,False,,,
5_bahamian_fort_lauderdale_merrytime,5-Night Bahamian Cruise from Fort Lauderdale,WD0157,30860642,5PEF,Disney Destiny,BAHAMAS,BAHAMAS,5,True,True,False,,,
7_southern_caribbean_san_juan,7-Night Southern Caribbean Cruise from San Juan,WW0604,30887050,7SJU,Disney Wish,CARIBBEAN,SOUTHERN,7,True,True,False,,,
7_eastern_caribbean_fort_lauderdale,7-Night Eastern Caribbean Cruise from Fort Lauderdale,DD1552,30063691,7PEF,Disney Dream,CARIBBEAN,EASTERN,7,True,True,False,,,
6_bahamian_fort_lauderdale_dd_merrytime,6-Night Bahamian Cruise from Fort Lauderdale with 2 Stops at Castaway Cay,DD1630,30888002,6PEF,Disney Dream,BAHAMAS,BAHAMAS2CC,6,True,True,False,,,
14_panama_canal_san_diego_galveston,14-Night Eastbound Panama Canal Cruise from San Diego ending in Galveston,DM1759,30063264,14SAGL,Disney Magic,TRANS PANAMA CANAL,PANAMA CANAL E,14,True,True,False,,,
14_westbound_panama_canal_galveston_san_diego,14-Night Westbound Panama Canal Cruise from Galveston ending in San Diego,DM1850,30885243,14GLSA,Disney Magic,TRANS PANAMA CANAL,PANAMA CANAL W,14,True,True,False,,,
7_bahamian_galveston_merrytime,7-Night Bahamian Cruise from Galveston,DM1825,30885021,7GLS,Disney Magic,BAHAMAS,BAHAMAS,7,True,True,False,,,
5_canada_new_england_new_york_halloween,5-Night Canada & New England Cruise from New York,WW0598,30887044,5NYC,Disney Wish,CANADA,NEW YORK CA,5,True,True,False,,,
5_spain_southampton,5-Night Spain Cruise from Southampton,WW0587,30469604,5SOU,Disney Wish,EUROPE,WEST EUROPE,5,True,True,False,,,
14_panama_canal_san_diego_galveston,14-Night Eastbound Panama Canal Cruise from San Diego ending in Galveston,DM1823,30885019,14SAGL,Disney Magic,TRANS PANAMA CANAL,PANAMA CANAL E,14,True,True,False,,,
8_alaska_vancouver,8-Night Alaskan Cruise from Vancouver,DM1804,30469157,8VAN,Disney Magic,ALASKA,ALASKA,8,True,True,False,,,
6_bermuda_canada_new_york_halloween,6-Night Bermuda & Canada Cruise from New York,WW0599,30887045,6NYC,Disney Wish,CANADA,NEW YORK CA,6,True,True,False,,,
5_spain_southampton,5-Night Spain Cruise from Southampton,WW0588,30469605,5SOU,Disney Wish,EUROPE,WEST EUROPE,5,True,True,False,,,
7_mexican_riviera_san_diego_merrytime,7-Night Mexican Riviera Cruise from San Diego,DW2299,30867339,7SAN,Disney Wonder,MEXICAN RIVIERA,BAJA,7,True,True,False,,,
7_western_caribbean_fort_lauderdale,7-Night Western Caribbean Cruise from Fort Lauderdale,WD0131,30469031,7PEF,Disney Destiny,CARIBBEAN,WESTERN,7,True,True,False,,,
7_eastern_caribbean_fort_lauderdale,7-Night Eastern Caribbean Cruise from Fort Lauderdale,WD0095,30056857,7PEF,Disney Destiny,CARIBBEAN,EASTERN,7,True,True,False,,,
5_bahamian_fort_lauderdale_merrytime,5-Night Bahamian Cruise from Fort Lauderdale,WD0086,30056848,5PEF,Disney Destiny,BAHAMAS,BAHAMAS,5,True,True,False,,,
8_eastern_caribbean_fort_lauderdale,8-Night Eastern Caribbean Cruise from Fort Lauderdale,DF0948,30867087,8PEF,Disney Fantasy,CARIBBEAN,EASTERN,8,True,True,False,,,
7_mexican_riviera,7-Night Mexican Riviera Cruise from San Diego,DW2300,30867340,7SAN,Disney Wonder,MEXICAN RIVIERA,BAJA,7,True,True,False,,,
5_bermuda_new_york_halloween,5-Night Bermuda Cruise from New York,WW0601,30887047,5NYC,Disney Wish,BERMUDA,BERMUDA,5,True,True,False,,,
5_bermuda_new_york_halloween,5-Night Bermuda Cruise from New York,WW0600,30887046,5NYC,Disney Wish,BERMUDA,BERMUDA,5,True,True,False,,,
7_eastern_caribbean_port_canaveral,7-Night Eastern Caribbean Cruise from Port Canaveral,WT0137,30469011,7PCV,Disney Treasure,CARIBBEAN,EASTERN,7,True,True,False,,,
7_western_caribbean_fort_lauderdale,7-Night Western Caribbean Cruise from Fort Lauderdale,WD0123,30469023,7PEF,Disney Destiny,CARIBBEAN,WESTERN,7,True,True,False,,,
14_westbound_panama_canal_galveston_san_diego,14-Night Westbound Panama Canal Cruise from Galveston ending in San Diego,DM1792,30063297,14GLSA,Disney Magic,TRANS PANAMA CANAL,PANAMA CANAL W,14,True,True,False,,,
6_western_europe_barcelona_southampton,6-Night Western Europe Cruise from Barcelona ending in Southampton,WW0584,30469601,6BCSO,Disney Wish,EUROPE,WEST EUROPE,6,True,True,False,,,
7_eastern_caribbean_fort_lauderdale_merrytime,7-Night Eastern Caribbean Cruise from Fort Lauderdale,DF0928,30867067,7PEF,Disney Fantasy,CARIBBEAN,EASTERNTT,7,True,True,False,,,
7_mediterranean_barcelona,7-Night Mediterranean Cruise from Barcelona,WW0577,30469594,7BCN,Disney Wish,EUROPE,MED,7,True,True,False,,,
7_mediterranean_barcelona,7-Night Mediterranean Cruise from Barcelona,WW0583,30469600,7BCN,Disney Wish,EUROPE,MED,7,True,True,False,,,
7_mediterranean_barcelona,7-Night Mediterranean Cruise from Barcelona,WW0582,30469599,7BCN,Disney Wish,EUROPE,MED,7,True,True,False,,,
7_british_isles_southampton,7-Night British Isles Cruise from Southampton,WW0594,30469614,7SOU,Disney Wish,EUROPE,BRITISH ISLES,7,True,True,False,,,
8_bermuda_fort_lauderdale,8-Night Bermuda Cruise from Fort Lauderdale,DF0944,30867083,8PEF,Disney Fantasy,BERMUDA,BERMUDA,8,True,True,False,,,
7_eastern_caribbean_fort_lauderdale,7-Night Eastern Caribbean Cruise from Fort Lauderdale,WD0132,30469032,7PEF,Disney Destiny,CARIBBEAN,EASTERN,7,True,True,False,,,
7_eastern_caribbean_fort_lauderdale,7-Night Eastern Caribbean Cruise from Fort Lauderdale,WD0124,30469024,7PEF,Disney Destiny,CARIBBEAN,EASTERN,7,True,True,False,,,
7_eastern_caribbean_port_canaveral_merrytime,7-Night Eastern Caribbean Cruise from Port Canaveral,WT0153,30867221,7PCV,Disney Treasure,CARIBBEAN,EASTERNTT,7,True,True,False,,,
7_northern_europe_southampton,7-Night Northern Europe Cruise from Southampton,WW0595,30469615,7SOU,Disney Wish,EUROPE,NORTH EUROPE,7,True,True,False,,,
7_western_caribbean_port_canaveral_merrytime,7-Night Western Caribbean Cruise from Port Canaveral,WD0164,30860661,7PCV,Disney Destiny,CARIBBEAN,WESTERN,7,True,True,False,,,
8_mediterranean_greek_isles_civitavecchia,8-Night Mediterranean Cruise with Greek Isles from Civitavecchia (Rome),WW0580,30469597,8CVV,Disney Wish,EUROPE,MED,8,True,True,False,,,
7_southern_caribbean_san_juan,7-Night Southern Caribbean Cruise from San Juan,DD1567,30063708,7SJU,Disney Dream,CARIBBEAN,SOUTHERN,7,True,True,False,,,
9_mediterranean_greek_isles_barcelona_civitavecchia,9-Night Mediterranean with Greek Isles Cruise from Barcelona ending in Civitavecchia (Rome),WW0578,30469595,9BCCV,Disney Wish,EUROPE,MED,9,True,True,False,,,
7_norwegian_fjords_southampton,7-Night Norwegian Fjords Cruise from Southampton,WW0585,30469602,7SOU,Disney Wish,EUROPE,NOR FJORDS,7,True,True,False,,,
7_norwegian_fjords_southampton,7-Night Norwegian Fjords Cruise from Southampton,WW0586,30469603,7SOU,Disney Wish,EUROPE,NOR FJORDS,7,True,True,False,,,
7_western_caribbean_port_canaveral,7-Night Western Caribbean Cruise from Port Canaveral,WT0158,30867226,7PCV,Disney Treasure,CARIBBEAN,WESTERN D,7,True,True,False,,,
8_eastern_caribbean_port_canaveral_merrytime,8-Night Eastern Caribbean Cruise from Port Canaveral,WT0157,30867225,8PCV,Disney Treasure,CARIBBEAN,EASTERNTT,8,True,True,False,,,
8_adriatic_sea_greece_civitavecchia,8-Night Adriatic Sea and Greece Cruise from Civitavecchia (Rome),WW0579,30469596,8CVV,Disney Wish,EUROPE,MEDH,8,True,True,False,,,
10_mediterranean_greek_isles_civitavecchia_barcelona,10-Night Mediterranean with Greek Isles Cruise from Civitavecchia (Rome) ending in Barcelona,WW0581,30469598,10CVBC,Disney Wish,EUROPE,MED,10,True,True,False,,,
10_southern_caribbean_port_canaveral,10-Night Southern Caribbean Cruise from Port Canaveral,DF0895,30468986,10PCV,Disney Fantasy,CARIBBEAN,SOUTHERN,10,True,True,False,,,
4_bermuda_new_york,4-Night Bermuda Cruise from New York,WW0597,30887043,4NYC,Disney Wish,BERMUDA,BERMUDA,4,True,True,False,,,
