api_page,product_id,product_name,itinerary_id,itinerary_name,ports_of_call,booking_dates_count,holiday_cruise,sailing_id,package_id,package_code,ship,destination,geo_area,number_of_nights,available,has_availability,blocked_from_booking,sailing_date,sailing_end_date,departure_port,arrival_port
1,3_singapore,3-Night Cruise from Singapore,,,,64,No,DA0100,30027549,3SIN,Disney Adventure,SINGAPORE,SINGAPORE,3,True,True,False,2026-11-30,2026-12-03,Singapore,Singapore
1,3_singapore,3-Night Cruise from Singapore,,,,64,No,DA0094,30027543,3SIN,Disney Adventure,SINGAPORE,SINGAPORE,3,True,True,False,2026-11-09,2026-11-12,Singapore,Singapore
1,3_singapore,3-Night Cruise from Singapore,,,,64,No,DA0164,30468955,3SIN,Disney Adventure,SINGAPORE,SINGAPORE,3,True,True,False,2027-05-24,2027-05-27,Singapore,Singapore
1,3_singapore,3-Night Cruise from Singapore,,,,64,No,DA0160,30468951,3SIN,Disney Adventure,SINGAPORE,SINGAPORE,3,True,True,False,2027-05-10,2027-05-13,Singapore,Singapore
1,3_singapore,3-Night Cruise from Singapore,,,,64,No,DA0154,30468945,3SIN,Disney Adventure,SINGAPORE,SINGAPORE,3,True,True,False,2027-04-19,2027-04-22,Singapore,Singapore
1,3_singapore,3-Night Cruise from Singapore,,,,64,No,DA0150,30468941,3SIN,Disney Adventure,SINGAPORE,SINGAPORE,3,True,True,False,2027-04-05,2027-04-08,Singapore,Singapore
1,3_singapore,3-Night Cruise from Singapore,,,,64,No,DA0152,30468943,3SIN,Disney Adventure,SINGAPORE,SINGAPORE,3,True,True,False,2027-04-12,2027-04-15,Singapore,Singapore
1,3_singapore,3-Night Cruise from Singapore,,,,64,No,DA0148,30468939,3SIN,Disney Adventure,SINGAPORE,SINGAPORE,3,True,True,False,2027-03-29,2027-04-01,Singapore,Singapore
1,3_singapore,3-Night Cruise from Singapore,,,,64,No,DA0096,30027545,3SIN,Disney Adventure,SINGAPORE,SINGAPORE,3,True,True,False,2026-11-16,2026-11-19,Singapore,Singapore
1,3_singapore,3-Night Cruise from Singapore,,,,64,No,DA0146,30468937,3SIN,Disney Adventure,SINGAPORE,SINGAPORE,3,True,True,False,2027-03-22,2027-03-25,Singapore,Singapore
1,3_singapore,3-Night Cruise from Singapore,,,,64,No,DA0212,30884313,3SIN,Disney Adventure,SINGAPORE,SINGAPORE,3,True,True,False,2027-11-08,2027-11-11,Singapore,Singapore
1,3_singapore,3-Night Cruise from Singapore,,,,64,No,DA0214,30884315,3SIN,Disney Adventure,SINGAPORE,SINGAPORE,3,True,True,False,2027-11-15,2027-11-18,Singapore,Singapore
1,3_singapore,3-Night Cruise from Singapore,,,,64,No,DA0210,30884311,3SIN,Disney Adventure,SINGAPORE,SINGAPORE,3,True,True,False,2027-11-01,2027-11-04,Singapore,Singapore
1,3_singapore,3-Night Cruise from Singapore,,,,64,No,DA0206,30884307,3SIN,Disney Adventure,SINGAPORE,SINGAPORE,3,True,True,False,2027-10-18,2027-10-21,Singapore,Singapore
1,3_singapore,3-Night Cruise from Singapore,,,,64,No,DA0208,30884309,3SIN,Disney Adventure,SINGAPORE,SINGAPORE,3,True,True,False,2027-10-25,2027-10-28,Singapore,Singapore
1,3_singapore,3-Night Cruise from Singapore,,,,64,No,DA0204,30884305,3SIN,Disney Adventure,SINGAPORE,SINGAPORE,3,True,True,False,2027-10-11,2027-10-14,Singapore,Singapore
1,3_singapore,3-Night Cruise from Singapore,,,,64,No,DA0198,30884299,3SIN,Disney Adventure,SINGAPORE,SINGAPORE,3,True,True,False,2027-09-20,2027-09-23,Singapore,Singapore
1,3_singapore,3-Night Cruise from Singapore,,,,64,No,DA0196,30884297,3SIN,Disney Adventure,SINGAPORE,SINGAPORE,3,True,True,False,2027-09-13,2027-09-16,Singapore,Singapore
1,3_singapore,3-Night Cruise from Singapore,,,,64,No,DA0092,30027541,3SIN,Disney Adventure,SINGAPORE,SINGAPORE,3,True,True,False,2026-11-02,2026-11-05,Singapore,Singapore
1,3_singapore,3-Night Cruise from Singapore,,,,64,No,DA0162,30468953,3SIN,Disney Adventure,SINGAPORE,SINGAPORE,3,True,True,False,2027-05-17,2027-05-20,Singapore,Singapore
1,3_singapore,3-Night Cruise from Singapore,,,,64,No,DA0190,30468981,3SIN,Disney Adventure,SINGAPORE,SINGAPORE,3,True,True,False,2027-08-23,2027-08-26,Singapore,Singapore
1,3_singapore,3-Night Cruise from Singapore,,,,64,No,DA0192,30468983,3SIN,Disney Adventure,SINGAPORE,SINGAPORE,3,True,True,False,2027-08-30,2027-09-02,Singapore,Singapore
1,3_singapore,3-Night Cruise from Singapore,,,,64,No,DA0124,30468915,3SIN,Disney Adventure,SINGAPORE,SINGAPORE,3,True,True,False,2027-01-04,2027-01-07,Singapore,Singapore
1,3_singapore,3-Night Cruise from Singapore,,,,64,No,DA0174,30468965,3SIN,Disney Adventure,SINGAPORE,SINGAPORE,3,True,True,False,2027-06-28,2027-07-01,Singapore,Singapore
1,3_singapore,3-Night Cruise from Singapore,,,,64,No,DA0216,30884317,3SIN,Disney Adventure,SINGAPORE,SINGAPORE,3,True,True,False,2027-11-22,2027-11-25,Singapore,Singapore
1,3_singapore,3-Night Cruise from Singapore,,,,64,No,DA0200,30884301,3SIN,Disney Adventure,SINGAPORE,SINGAPORE,3,True,True,False,2027-09-27,2027-09-30,Singapore,Singapore
1,3_singapore,3-Night Cruise from Singapore,,,,64,No,DA0194,30884295,3SIN,Disney Adventure,SINGAPORE,SINGAPORE,3,True,True,False,2027-09-06,2027-09-09,Singapore,Singapore
1,3_singapore,3-Night Cruise from Singapore,,,,64,No,DA0144,30468935,3SIN,Disney Adventure,SINGAPORE,SINGAPORE,3,True,True,False,2027-03-15,2027-03-18,Singapore,Singapore
1,3_singapore,3-Night Cruise from Singapore,,,,64,No,DA0104,30027553,3SIN,Disney Adventure,SINGAPORE,SINGAPORE,3,True,True,False,2026-12-14,2026-12-17,Singapore,Singapore
1,3_singapore,3-Night Cruise from Singapore,,,,64,No,DA0180,30468971,3SIN,Disney Adventure,SINGAPORE,SINGAPORE,3,True,True,False,2027-07-19,2027-07-22,Singapore,Singapore
1,3_singapore,3-Night Cruise from Singapore,,,,64,No,DA0186,30468977,3SIN,Disney Adventure,SINGAPORE,SINGAPORE,3,True,True,False,2027-08-09,2027-08-12,Singapore,Singapore
1,3_singapore,3-Night Cruise from Singapore,,,,64,No,DA0188,30468979,3SIN,Disney Adventure,SINGAPORE,SINGAPORE,3,True,True,False,2027-08-16,2027-08-19,Singapore,Singapore
1,3_singapore,3-Night Cruise from Singapore,,,,64,No,DA0182,30468973,3SIN,Disney Adventure,SINGAPORE,SINGAPORE,3,True,True,False,2027-07-26,2027-07-29,Singapore,Singapore
1,3_singapore,3-Night Cruise from Singapore,,,,64,No,DA0184,30468975,3SIN,Disney Adventure,SINGAPORE,SINGAPORE,3,True,True,False,2027-08-02,2027-08-05,Singapore,Singapore
1,3_singapore,3-Night Cruise from Singapore,,,,64,No,DA0170,30468961,3SIN,Disney Adventure,SINGAPORE,SINGAPORE,3,True,True,False,2027-06-14,2027-06-17,Singapore,Singapore
1,3_singapore,3-Night Cruise from Singapore,,,,64,No,DA0176,30468967,3SIN,Disney Adventure,SINGAPORE,SINGAPORE,3,True,True,False,2027-07-05,2027-07-08,Singapore,Singapore
1,3_singapore,3-Night Cruise from Singapore,,,,64,No,DA0178,30468969,3SIN,Disney Adventure,SINGAPORE,SINGAPORE,3,True,True,False,2027-07-12,2027-07-15,Singapore,Singapore
1,3_singapore,3-Night Cruise from Singapore,,,,64,No,DA0168,30468959,3SIN,Disney Adventure,SINGAPORE,SINGAPORE,3,True,True,False,2027-06-07,2027-06-10,Singapore,Singapore
1,3_singapore,3-Night Cruise from Singapore,,,,64,No,DA0166,30468957,3SIN,Disney Adventure,SINGAPORE,SINGAPORE,3,True,True,False,2027-05-31,2027-06-03,Singapore,Singapore
1,3_singapore,3-Night Cruise from Singapore,,,,64,No,DA0130,30468921,3SIN,Disney Adventure,SINGAPORE,SINGAPORE,3,True,True,False,2027-01-25,2027-01-28,Singapore,Singapore
1,3_singapore,3-Night Cruise from Singapore,,,,64,No,DA0172,30468963,3SIN,Disney Adventure,SINGAPORE,SINGAPORE,3,True,True,False,2027-06-21,2027-06-24,Singapore,Singapore
1,3_singapore,3-Night Cruise from Singapore,,,,64,No,DA0158,30468949,3SIN,Disney Adventure,SINGAPORE,SINGAPORE,3,True,True,False,2027-05-03,2027-05-06,Singapore,Singapore
1,3_singapore,3-Night Cruise from Singapore,,,,64,No,DA0156,30468947,3SIN,Disney Adventure,SINGAPORE,SINGAPORE,3,True,True,False,2027-04-26,2027-04-29,Singapore,Singapore
1,3_singapore,3-Night Cruise from Singapore,,,,64,No,DA0202,30884303,3SIN,Disney Adventure,SINGAPORE,SINGAPORE,3,True,True,False,2027-10-04,2027-10-07,Singapore,Singapore
1,3_singapore,3-Night Cruise from Singapore,,,,64,No,DA0218,30884319,3SIN,Disney Adventure,SINGAPORE,SINGAPORE,3,True,True,False,2027-11-29,2027-12-02,Singapore,Singapore
1,3_singapore,3-Night Cruise from Singapore,,,,64,No,DA0140,30468931,3SIN,Disney Adventure,SINGAPORE,SINGAPORE,3,True,True,False,2027-03-01,2027-03-04,Singapore,Singapore
1,3_singapore,3-Night Cruise from Singapore,,,,64,No,DA0220,30884321,3SIN,Disney Adventure,SINGAPORE,SINGAPORE,3,True,True,False,2027-12-06,2027-12-09,Singapore,Singapore
1,3_singapore,3-Night Cruise from Singapore,,,,64,No,DA0132,30468923,3SIN,Disney Adventure,SINGAPORE,SINGAPORE,3,True,True,False,2027-02-01,2027-02-04,Singapore,Singapore
1,3_singapore,3-Night Cruise from Singapore,,,,64,No,DA0126,30468917,3SIN,Disney Adventure,SINGAPORE,SINGAPORE,3,True,True,False,2027-01-11,2027-01-14,Singapore,Singapore
1,3_singapore,3-Night Cruise from Singapore,,,,64,No,DA0142,30468933,3SIN,Disney Adventure,SINGAPORE,SINGAPORE,3,True,True,False,2027-03-08,2027-03-11,Singapore,Singapore
1,3_singapore,3-Night Cruise from Singapore,,,,64,No,DA0098,30027547,3SIN,Disney Adventure,SINGAPORE,SINGAPORE,3,True,True,False,2026-11-23,2026-11-26,Singapore,Singapore
1,3_singapore,3-Night Cruise from Singapore,,,,64,No,DA0138,30468929,3SIN,Disney Adventure,SINGAPORE,SINGAPORE,3,True,True,False,2027-02-22,2027-02-25,Singapore,Singapore
1,3_singapore,3-Night Cruise from Singapore,,,,64,No,DA0222,30884323,3SIN,Disney Adventure,SINGAPORE,SINGAPORE,3,True,True,False,2027-12-13,2027-12-16,Singapore,Singapore
1,3_singapore,3-Night Cruise from Singapore,,,,64,No,DA0128,30468919,3SIN,Disney Adventure,SINGAPORE,SINGAPORE,3,True,True,False,2027-01-18,2027-01-21,Singapore,Singapore
1,3_singapore,3-Night Cruise from Singapore,,,,64,No,DA0136,30468927,3SIN,Disney Adventure,SINGAPORE,SINGAPORE,3,True,True,False,2027-02-15,2027-02-18,Singapore,Singapore
1,3_singapore,3-Night Cruise from Singapore,,,,64,No,DA0224,30884325,3SIN,Disney Adventure,SINGAPORE,SINGAPORE,3,True,True,False,2027-12-20,2027-12-23,Singapore,Singapore
1,3_singapore,3-Night Cruise from Singapore,,,,64,No,DA0226,30884327,3SIN,Disney Adventure,SINGAPORE,SINGAPORE,3,True,True,False,2027-12-27,2027-12-30,Singapore,Singapore
1,3_singapore,3-Night Cruise from Singapore,,,,64,No,DA0090,30027539,3SIN,Disney Adventure,SINGAPORE,SINGAPORE,3,True,True,False,2026-10-26,2026-10-29,Singapore,Singapore
1,3_singapore,3-Night Cruise from Singapore,,,,64,No,DA0134,30468925,3SIN,Disney Adventure,SINGAPORE,SINGAPORE,3,True,True,False,2027-02-08,2027-02-11,Singapore,Singapore
1,3_singapore,3-Night Cruise from Singapore,,,,64,No,DA0102,30027551,3SIN,Disney Adventure,SINGAPORE,SINGAPORE,3,True,True,False,2026-12-07,2026-12-10,Singapore,Singapore
1,3_singapore,3-Night Cruise from Singapore,,,,64,No,DA0088,30027537,3SIN,Disney Adventure,SINGAPORE,SINGAPORE,3,True,True,False,2026-10-19,2026-10-22,Singapore,Singapore
1,3_singapore,3-Night Cruise from Singapore,,,,64,No,DA0086,30027535,3SIN,Disney Adventure,SINGAPORE,SINGAPORE,3,True,True,False,2026-10-12,2026-10-15,Singapore,Singapore
1,3_singapore,3-Night Cruise from Singapore,,,,64,No,DA0108,30027557,3SIN,Disney Adventure,SINGAPORE,SINGAPORE,3,True,True,False,2026-12-28,2026-12-31,Singapore,Singapore
1,3_singapore,3-Night Cruise from Singapore,,,,64,No,DA0106,30027555,3SIN,Disney Adventure,SINGAPORE,SINGAPORE,3,True,True,False,2026-12-21,2026-12-24,Singapore,Singapore
1,4_singapore,4-Night Cruise from Singapore,,,,38,No,DA0095,30027544,4SIN,Disney Adventure,SINGAPORE,SINGAPORE,4,True,True,False,2026-11-12,2026-11-16,Singapore,Singapore
1,4_singapore,4-Night Cruise from Singapore,,,,38,No,DA0097,30027546,4SIN,Disney Adventure,SINGAPORE,SINGAPORE,4,True,True,False,2026-11-19,2026-11-23,Singapore,Singapore
1,4_singapore,4-Night Cruise from Singapore,,,,38,No,DA0089,30027538,4SIN,Disney Adventure,SINGAPORE,SINGAPORE,4,True,True,False,2026-10-22,2026-10-26,Singapore,Singapore
1,4_singapore,4-Night Cruise from Singapore,,,,38,No,DA0125,30468916,4SIN,Disney Adventure,SINGAPORE,SINGAPORE,4,True,True,False,2027-01-07,2027-01-11,Singapore,Singapore
1,4_singapore,4-Night Cruise from Singapore,,,,38,No,DA0127,30468918,4SIN,Disney Adventure,SINGAPORE,SINGAPORE,4,True,True,False,2027-01-14,2027-01-18,Singapore,Singapore
1,4_singapore,4-Night Cruise from Singapore,,,,38,No,DA0153,30468944,4SIN,Disney Adventure,SINGAPORE,SINGAPORE,4,True,True,False,2027-04-15,2027-04-19,Singapore,Singapore
1,4_singapore,4-Night Cruise from Singapore,,,,38,No,DA0155,30468946,4SIN,Disney Adventure,SINGAPORE,SINGAPORE,4,True,True,False,2027-04-22,2027-04-26,Singapore,Singapore
1,4_singapore,4-Night Cruise from Singapore,,,,38,No,DA0149,30468940,4SIN,Disney Adventure,SINGAPORE,SINGAPORE,4,True,True,False,2027-04-01,2027-04-05,Singapore,Singapore
1,4_singapore,4-Night Cruise from Singapore,,,,38,No,DA0091,30027540,4SIN,Disney Adventure,SINGAPORE,SINGAPORE,4,True,True,False,2026-10-29,2026-11-02,Singapore,Singapore
1,4_singapore,4-Night Cruise from Singapore,,,,38,No,DA0101,30027550,4SIN,Disney Adventure,SINGAPORE,SINGAPORE,4,True,True,False,2026-12-03,2026-12-07,Singapore,Singapore
1,4_singapore,4-Night Cruise from Singapore,,,,38,No,DA0093,30027542,4SIN,Disney Adventure,SINGAPORE,SINGAPORE,4,True,True,False,2026-11-05,2026-11-09,Singapore,Singapore
1,4_singapore,4-Night Cruise from Singapore,,,,38,No,DA0197,30884298,4SIN,Disney Adventure,SINGAPORE,SINGAPORE,4,True,True,False,2027-09-16,2027-09-20,Singapore,Singapore
1,4_singapore,4-Night Cruise from Singapore,,,,38,No,DA0199,30884300,4SIN,Disney Adventure,SINGAPORE,SINGAPORE,4,True,True,False,2027-09-23,2027-09-27,Singapore,Singapore
1,4_singapore,4-Night Cruise from Singapore,,,,38,No,DA0193,30848259,4SIN,Disney Adventure,SINGAPORE,SINGAPORE,4,True,True,False,2027-09-02,2027-09-06,Singapore,Singapore
1,4_singapore,4-Night Cruise from Singapore,,,,38,No,DA0195,30884296,4SIN,Disney Adventure,SINGAPORE,SINGAPORE,4,True,True,False,2027-09-09,2027-09-13,Singapore,Singapore
1,4_singapore,4-Night Cruise from Singapore,,,,38,No,DA0099,30027548,4SIN,Disney Adventure,SINGAPORE,SINGAPORE,4,True,True,False,2026-11-26,2026-11-30,Singapore,Singapore
1,4_singapore,4-Night Cruise from Singapore,,,,38,No,DA0087,30027536,4SIN,Disney Adventure,SINGAPORE,SINGAPORE,4,True,True,False,2026-10-15,2026-10-19,Singapore,Singapore
1,4_singapore,4-Night Cruise from Singapore,,,,38,No,DA0085,30027534,4SIN,Disney Adventure,SINGAPORE,SINGAPORE,4,True,True,False,2026-10-08,2026-10-12,Singapore,Singapore
1,4_singapore,4-Night Cruise from Singapore,,,,38,No,DA0103,30027552,4SIN,Disney Adventure,SINGAPORE,SINGAPORE,4,True,True,False,2026-12-10,2026-12-14,Singapore,Singapore
1,4_singapore,4-Night Cruise from Singapore,,,,38,No,DA0191,30468982,4SIN,Disney Adventure,SINGAPORE,SINGAPORE,4,True,True,False,2027-08-26,2027-08-30,Singapore,Singapore
1,4_singapore,4-Night Cruise from Singapore,,,,38,No,DA0175,30468966,4SIN,Disney Adventure,SINGAPORE,SINGAPORE,4,True,True,False,2027-07-01,2027-07-05,Singapore,Singapore
1,4_singapore,4-Night Cruise from Singapore,,,,38,No,DA0181,30468972,4SIN,Disney Adventure,SINGAPORE,SINGAPORE,4,True,True,False,2027-07-22,2027-07-26,Singapore,Singapore
1,4_singapore,4-Night Cruise from Singapore,,,,38,No,DA0187,30468978,4SIN,Disney Adventure,SINGAPORE,SINGAPORE,4,True,True,False,2027-08-12,2027-08-16,Singapore,Singapore
1,4_singapore,4-Night Cruise from Singapore,,,,38,No,DA0189,30468980,4SIN,Disney Adventure,SINGAPORE,SINGAPORE,4,True,True,False,2027-08-19,2027-08-23,Singapore,Singapore
1,4_singapore,4-Night Cruise from Singapore,,,,38,No,DA0167,30468958,4SIN,Disney Adventure,SINGAPORE,SINGAPORE,4,True,True,False,2027-06-03,2027-06-07,Singapore,Singapore
1,4_singapore,4-Night Cruise from Singapore,,,,38,No,DA0183,30468974,4SIN,Disney Adventure,SINGAPORE,SINGAPORE,4,True,True,False,2027-07-29,2027-08-02,Singapore,Singapore
1,4_singapore,4-Night Cruise from Singapore,,,,38,No,DA0185,30468976,4SIN,Disney Adventure,SINGAPORE,SINGAPORE,4,True,True,False,2027-08-05,2027-08-09,Singapore,Singapore
1,4_singapore,4-Night Cruise from Singapore,,,,38,No,DA0179,30468970,4SIN,Disney Adventure,SINGAPORE,SINGAPORE,4,True,True,False,2027-07-15,2027-07-19,Singapore,Singapore
1,4_singapore,4-Night Cruise from Singapore,,,,38,No,DA0177,30468968,4SIN,Disney Adventure,SINGAPORE,SINGAPORE,4,True,True,False,2027-07-08,2027-07-12,Singapore,Singapore
1,4_singapore,4-Night Cruise from Singapore,,,,38,No,DA0171,30468962,4SIN,Disney Adventure,SINGAPORE,SINGAPORE,4,True,True,False,2027-06-17,2027-06-21,Singapore,Singapore
1,4_singapore,4-Night Cruise from Singapore,,,,38,No,DA0173,30468964,4SIN,Disney Adventure,SINGAPORE,SINGAPORE,4,True,True,False,2027-06-24,2027-06-28,Singapore,Singapore
1,4_singapore,4-Night Cruise from Singapore,,,,38,No,DA0169,30468960,4SIN,Disney Adventure,SINGAPORE,SINGAPORE,4,True,True,False,2027-06-10,2027-06-14,Singapore,Singapore
1,4_singapore,4-Night Cruise from Singapore,,,,38,No,DA0201,30884302,4SIN,Disney Adventure,SINGAPORE,SINGAPORE,4,True,True,False,2027-09-30,2027-10-04,Singapore,Singapore
1,4_singapore,4-Night Cruise from Singapore,,,,38,No,DA0139,30468930,4SIN,Disney Adventure,SINGAPORE,SINGAPORE,4,True,True,False,2027-02-25,2027-03-01,Singapore,Singapore
1,4_singapore,4-Night Cruise from Singapore,,,,38,No,DA0105,30027554,4SIN,Disney Adventure,SINGAPORE,SINGAPORE,4,True,True,False,2026-12-17,2026-12-21,Singapore,Singapore
1,4_singapore,4-Night Cruise from Singapore,,,,38,No,DA0227,30884328,4SIN,Disney Adventure,SINGAPORE,SINGAPORE,4,True,True,False,2027-12-30,2028-01-03,Singapore,Singapore
1,4_singapore,4-Night Cruise from Singapore,,,,38,No,DA0133,30468924,4SIN,Disney Adventure,SINGAPORE,SINGAPORE,4,True,True,False,2027-02-04,2027-02-08,Singapore,Singapore
1,4_singapore,4-Night Cruise from Singapore,,,,38,No,DA0107,30027556,4SIN,Disney Adventure,SINGAPORE,SINGAPORE,4,True,True,False,2026-12-24,2026-12-28,Singapore,Singapore
1,4_langkawi_singapore,4-Night Langkawi Cruise from Singapore,LAN,,"Langkawi, Malaysia",27,No,DA0137,30468928,4SIN,Disney Adventure,SINGAPORE,SINGAPORE B,4,True,True,False,2027-02-18,2027-02-22,Singapore,Singapore
1,4_langkawi_singapore,4-Night Langkawi Cruise from Singapore,LAN,,"Langkawi, Malaysia",27,No,DA0165,30468956,4SIN,Disney Adventure,SINGAPORE,SINGAPORE B,4,True,True,False,2027-05-27,2027-05-31,Singapore,Singapore
1,4_langkawi_singapore,4-Night Langkawi Cruise from Singapore,LAN,,"Langkawi, Malaysia",27,No,DA0143,30468934,4SIN,Disney Adventure,SINGAPORE,SINGAPORE B,4,True,True,False,2027-03-11,2027-03-15,Singapore,Singapore
1,4_langkawi_singapore,4-Night Langkawi Cruise from Singapore,LAN,,"Langkawi, Malaysia",27,No,DA0163,30468954,4SIN,Disney Adventure,SINGAPORE,SINGAPORE B,4,True,True,False,2027-05-20,2027-05-24,Singapore,Singapore
1,4_langkawi_singapore,4-Night Langkawi Cruise from Singapore,LAN,,"Langkawi, Malaysia",27,No,DA0159,30468950,4SIN,Disney Adventure,SINGAPORE,SINGAPORE B,4,True,True,False,2027-05-06,2027-05-10,Singapore,Singapore
1,4_langkawi_singapore,4-Night Langkawi Cruise from Singapore,LAN,,"Langkawi, Malaysia",27,No,DA0151,30468942,4SIN,Disney Adventure,SINGAPORE,SINGAPORE B,4,True,True,False,2027-04-08,2027-04-12,Singapore,Singapore
1,4_langkawi_singapore,4-Night Langkawi Cruise from Singapore,LAN,,"Langkawi, Malaysia",27,No,DA0213,30884314,4SIN,Disney Adventure,SINGAPORE,SINGAPORE B,4,True,True,False,2027-11-11,2027-11-15,Singapore,Singapore
1,4_langkawi_singapore,4-Night Langkawi Cruise from Singapore,LAN,,"Langkawi, Malaysia",27,No,DA0215,30884316,4SIN,Disney Adventure,SINGAPORE,SINGAPORE B,4,True,True,False,2027-11-18,2027-11-22,Singapore,Singapore
1,4_langkawi_singapore,4-Night Langkawi Cruise from Singapore,LAN,,"Langkawi, Malaysia",27,No,DA0211,30884312,4SIN,Disney Adventure,SINGAPORE,SINGAPORE B,4,True,True,False,2027-11-04,2027-11-08,Singapore,Singapore
1,4_langkawi_singapore,4-Night Langkawi Cruise from Singapore,LAN,,"Langkawi, Malaysia",27,No,DA0205,30884306,4SIN,Disney Adventure,SINGAPORE,SINGAPORE B,4,True,True,False,2027-10-14,2027-10-18,Singapore,Singapore
1,4_langkawi_singapore,4-Night Langkawi Cruise from Singapore,LAN,,"Langkawi, Malaysia",27,No,DA0207,30884308,4SIN,Disney Adventure,SINGAPORE,SINGAPORE B,4,True,True,False,2027-10-21,2027-10-25,Singapore,Singapore
1,4_langkawi_singapore,4-Night Langkawi Cruise from Singapore,LAN,,"Langkawi, Malaysia",27,No,DA0203,30884304,4SIN,Disney Adventure,SINGAPORE,SINGAPORE B,4,True,True,False,2027-10-07,2027-10-11,Singapore,Singapore
1,4_langkawi_singapore,4-Night Langkawi Cruise from Singapore,LAN,,"Langkawi, Malaysia",27,No,DA0209,30884310,4SIN,Disney Adventure,SINGAPORE,SINGAPORE B,4,True,True,False,2027-10-28,2027-11-01,Singapore,Singapore
1,4_langkawi_singapore,4-Night Langkawi Cruise from Singapore,LAN,,"Langkawi, Malaysia",27,No,DA0161,30468952,4SIN,Disney Adventure,SINGAPORE,SINGAPORE B,4,True,True,False,2027-05-13,2027-05-17,Singapore,Singapore
1,4_langkawi_singapore,4-Night Langkawi Cruise from Singapore,LAN,,"Langkawi, Malaysia",27,No,DA0217,30884318,4SIN,Disney Adventure,SINGAPORE,SINGAPORE B,4,True,True,False,2027-11-25,2027-11-29,Singapore,Singapore
1,4_langkawi_singapore,4-Night Langkawi Cruise from Singapore,LAN,,"Langkawi, Malaysia",27,No,DA0145,30468936,4SIN,Disney Adventure,SINGAPORE,SINGAPORE B,4,True,True,False,2027-03-18,2027-03-22,Singapore,Singapore
1,4_langkawi_singapore,4-Night Langkawi Cruise from Singapore,LAN,,"Langkawi, Malaysia",27,No,DA0135,30468926,4SIN,Disney Adventure,SINGAPORE,SINGAPORE B,4,True,True,False,2027-02-11,2027-02-15,Singapore,Singapore
1,4_langkawi_singapore,4-Night Langkawi Cruise from Singapore,LAN,,"Langkawi, Malaysia",27,No,DA0131,30468922,4SIN,Disney Adventure,SINGAPORE,SINGAPORE B,4,True,True,False,2027-01-28,2027-02-01,Singapore,Singapore
1,4_langkawi_singapore,4-Night Langkawi Cruise from Singapore,LAN,,"Langkawi, Malaysia",27,No,DA0147,30468938,4SIN,Disney Adventure,SINGAPORE,SINGAPORE B,4,True,True,False,2027-03-25,2027-03-29,Singapore,Singapore
1,4_langkawi_singapore,4-Night Langkawi Cruise from Singapore,LAN,,"Langkawi, Malaysia",27,No,DA0219,30884320,4SIN,Disney Adventure,SINGAPORE,SINGAPORE B,4,True,True,False,2027-12-02,2027-12-06,Singapore,Singapore
1,4_langkawi_singapore,4-Night Langkawi Cruise from Singapore,LAN,,"Langkawi, Malaysia",27,No,DA0221,30884322,4SIN,Disney Adventure,SINGAPORE,SINGAPORE B,4,True,True,False,2027-12-09,2027-12-13,Singapore,Singapore
1,4_langkawi_singapore,4-Night Langkawi Cruise from Singapore,LAN,,"Langkawi, Malaysia",27,No,DA0141,30468932,4SIN,Disney Adventure,SINGAPORE,SINGAPORE B,4,True,True,False,2027-03-04,2027-03-08,Singapore,Singapore
1,4_langkawi_singapore,4-Night Langkawi Cruise from Singapore,LAN,,"Langkawi, Malaysia",27,No,DA0223,30884324,4SIN,Disney Adventure,SINGAPORE,SINGAPORE B,4,True,True,False,2027-12-16,2027-12-20,Singapore,Singapore
1,4_langkawi_singapore,4-Night Langkawi Cruise from Singapore,LAN,,"Langkawi, Malaysia",27,No,DA0129,30468920,4SIN,Disney Adventure,SINGAPORE,SINGAPORE B,4,True,True,False,2027-01-21,2027-01-25,Singapore,Singapore
1,4_langkawi_singapore,4-Night Langkawi Cruise from Singapore,LAN,,"Langkawi, Malaysia",27,No,DA0157,30468948,4SIN,Disney Adventure,SINGAPORE,SINGAPORE B,4,True,True,False,2027-04-29,2027-05-03,Singapore,Singapore
1,4_langkawi_singapore,4-Night Langkawi Cruise from Singapore,LAN,,"Langkawi, Malaysia",27,No,DA0225,30884326,4SIN,Disney Adventure,SINGAPORE,SINGAPORE B,4,True,True,False,2027-12-23,2027-12-27,Singapore,Singapore
1,4_langkawi_singapore,4-Night Langkawi Cruise from Singapore,LAN,,"Langkawi, Malaysia",27,No,DA0109,30027558,4SIN,Disney Adventure,SINGAPORE,SINGAPORE B,4,True,True,False,2026-12-31,2027-01-04,Singapore,Singapore
1,3_baja_san_diego,3-Night Baja Cruise from San Diego,ESE,,"Ensenada, Mexico",21,No,DW2239,30076975,3SAN,Disney Wonder,MEXICAN RIVIERA,BAJA,3,True,True,False,2027-02-26,2027-03-01,San Diego,San Diego
1,3_baja_san_diego,3-Night Baja Cruise from San Diego,ESE,,"Ensenada, Mexico",21,No,DW2237,30076973,3SAN,Disney Wonder,MEXICAN RIVIERA,BAJA,3,True,True,False,2027-02-19,2027-02-22,San Diego,San Diego
1,3_baja_san_diego,3-Night Baja Cruise from San Diego,ESE,,"Ensenada, Mexico",21,No,DW2230,30076966,3SAN,Disney Wonder,MEXICAN RIVIERA,BAJA,3,True,True,False,2027-01-22,2027-01-25,San Diego,San Diego
1,3_baja_san_diego,3-Night Baja Cruise from San Diego,ESE,,"Ensenada, Mexico",21,No,DW2211,30076947,3SAN,Disney Wonder,MEXICAN RIVIERA,BAJA,3,True,True,False,2026-11-02,2026-11-05,San Diego,San Diego
1,3_baja_san_diego,3-Night Baja Cruise from San Diego,ESE,,"Ensenada, Mexico",21,No,DW2308,30867348,3SAN,Disney Wonder,MEXICAN RIVIERA,BAJA,3,True,True,False,2028-02-01,2028-02-04,San Diego,San Diego
1,3_baja_san_diego,3-Night Baja Cruise from San Diego,ESE,,"Ensenada, Mexico",21,No,DW2318,30867358,3SAN,Disney Wonder,MEXICAN RIVIERA,BAJA,3,True,True,False,2028-03-13,2028-03-16,San Diego,San Diego
1,3_baja_san_diego,3-Night Baja Cruise from San Diego,ESE,,"Ensenada, Mexico",21,No,DW2226,30076962,3SAN,Disney Wonder,MEXICAN RIVIERA,BAJA,3,True,True,False,2027-01-07,2027-01-10,San Diego,San Diego
1,3_baja_san_diego,3-Night Baja Cruise from San Diego,ESE,,"Ensenada, Mexico",21,No,DW2302,30867342,3SAN,Disney Wonder,MEXICAN RIVIERA,BAJA,3,True,True,False,2028-01-07,2028-01-10,San Diego,San Diego
1,3_baja_san_diego,3-Night Baja Cruise from San Diego,ESE,,"Ensenada, Mexico",21,No,DW2314,30867354,3SAN,Disney Wonder,MEXICAN RIVIERA,BAJA,3,True,True,False,2028-02-25,2028-02-28,San Diego,San Diego
1,3_baja_san_diego,3-Night Baja Cruise from San Diego,ESE,,"Ensenada, Mexico",21,No,DW2241,30076977,3SAN,Disney Wonder,MEXICAN RIVIERA,BAJA,3,True,True,False,2027-03-05,2027-03-08,San Diego,San Diego
1,3_baja_san_diego,3-Night Baja Cruise from San Diego,ESE,,"Ensenada, Mexico",21,No,DW2329,30867369,3SAN,Disney Wonder,MEXICAN RIVIERA,BAJA,3,True,True,False,2028-04-21,2028-04-24,San Diego,San Diego
1,3_baja_san_diego,3-Night Baja Cruise from San Diego,ESE,,"Ensenada, Mexico",21,No,DW2316,30867356,3SAN,Disney Wonder,MEXICAN RIVIERA,BAJA,3,True,True,False,2028-03-03,2028-03-06,San Diego,San Diego
1,3_baja_san_diego,3-Night Baja Cruise from San Diego,ESE,,"Ensenada, Mexico",21,No,DW2304,30867344,3SAN,Disney Wonder,MEXICAN RIVIERA,BAJA,3,True,True,False,2028-01-14,2028-01-17,San Diego,San Diego
1,3_baja_san_diego,3-Night Baja Cruise from San Diego,ESE,,"Ensenada, Mexico",21,No,DW2309,30867349,3SAN,Disney Wonder,MEXICAN RIVIERA,BAJA,3,True,True,False,2028-02-04,2028-02-07,San Diego,San Diego
1,3_baja_san_diego,3-Night Baja Cruise from San Diego,ESE,,"Ensenada, Mexico",21,No,DW2311,30867351,3SAN,Disney Wonder,MEXICAN RIVIERA,BAJA,3,True,True,False,2028-02-11,2028-02-14,San Diego,San Diego
1,3_baja_san_diego,3-Night Baja Cruise from San Diego,ESE,,"Ensenada, Mexico",21,No,DW2244,30076980,3SAN,Disney Wonder,MEXICAN RIVIERA,BAJA,3,True,True,False,2027-03-19,2027-03-22,San Diego,San Diego
1,3_baja_san_diego,3-Night Baja Cruise from San Diego,ESE,,"Ensenada, Mexico",21,No,DW2235,30076971,3SAN,Disney Wonder,MEXICAN RIVIERA,BAJA,3,True,True,False,2027-02-12,2027-02-15,San Diego,San Diego
1,3_baja_san_diego,3-Night Baja Cruise from San Diego,ESE,,"Ensenada, Mexico",21,No,DW2326,30867366,3SAN,Disney Wonder,MEXICAN RIVIERA,BAJA,3,True,True,False,2028-04-10,2028-04-13,San Diego,San Diego
1,3_baja_san_diego,3-Night Baja Cruise from San Diego,ESE,,"Ensenada, Mexico",21,No,DW2323,30867363,3SAN,Disney Wonder,MEXICAN RIVIERA,BAJA,3,True,True,False,2028-03-31,2028-04-03,San Diego,San Diego
1,3_baja_san_diego,3-Night Baja Cruise from San Diego,ESE,,"Ensenada, Mexico",21,No,DW2321,30867361,3SAN,Disney Wonder,MEXICAN RIVIERA,BAJA,3,True,True,False,2028-03-24,2028-03-27,San Diego,San Diego
1,3_baja_san_diego,3-Night Baja Cruise from San Diego,ESE,,"Ensenada, Mexico",21,No,DW2325,30867365,3SAN,Disney Wonder,MEXICAN RIVIERA,BAJA,3,True,True,False,2028-04-07,2028-04-10,San Diego,San Diego
1,4_baja_san_diego,4-Night Baja Cruise from San Diego,ESE,,"Ensenada, Mexico",9,No,DW2231,30076967,4SAN,Disney Wonder,MEXICAN RIVIERA,BAJA,4,True,True,False,2027-01-25,2027-01-29,San Diego,San Diego
1,4_baja_san_diego,4-Night Baja Cruise from San Diego,ESE,,"Ensenada, Mexico",9,No,DW2238,30076974,4SAN,Disney Wonder,MEXICAN RIVIERA,BAJA,4,True,True,False,2027-02-22,2027-02-26,San Diego,San Diego
1,4_baja_san_diego,4-Night Baja Cruise from San Diego,ESE,,"Ensenada, Mexico",9,No,DW2225,30076961,4SAN,Disney Wonder,MEXICAN RIVIERA,BAJA,4,True,True,False,2027-01-03,2027-01-07,San Diego,San Diego
1,4_baja_san_diego,4-Night Baja Cruise from San Diego,ESE,,"Ensenada, Mexico",9,No,DW2242,30076978,4SAN,Disney Wonder,MEXICAN RIVIERA,BAJA,4,True,True,False,2027-03-08,2027-03-12,San Diego,San Diego
1,4_baja_san_diego,4-Night Baja Cruise from San Diego,ESE,,"Ensenada, Mexico",9,No,DW2289,30867329,4SAN,Disney Wonder,MEXICAN RIVIERA,BAJA,4,True,True,False,2027-11-04,2027-11-08,San Diego,San Diego
1,4_baja_san_diego,4-Night Baja Cruise from San Diego,ESE,,"Ensenada, Mexico",9,No,DW2252,30076988,4SAN,Disney Wonder,MEXICAN RIVIERA,BAJA,4,True,True,False,2027-04-19,2027-04-23,San Diego,San Diego
1,4_baja_san_diego,4-Night Baja Cruise from San Diego,ESE,,"Ensenada, Mexico",9,No,DW2310,30867350,4SAN,Disney Wonder,MEXICAN RIVIERA,BAJA,4,True,True,False,2028-02-07,2028-02-11,San Diego,San Diego
1,4_baja_san_diego,4-Night Baja Cruise from San Diego,ESE,,"Ensenada, Mexico",9,No,DW2245,30076981,4SAN,Disney Wonder,MEXICAN RIVIERA,BAJA,4,True,True,False,2027-03-22,2027-03-26,San Diego,San Diego
1,4_baja_san_diego,4-Night Baja Cruise from San Diego,ESE,,"Ensenada, Mexico",9,No,DW2247,30076983,4SAN,Disney Wonder,MEXICAN RIVIERA,BAJA,4,True,True,False,2027-03-29,2027-04-02,San Diego,San Diego
2,3_baja_san_diego_merrytime,3-Night Baja Cruise from San Diego,ESE,,"Ensenada, Mexico",4,Yes,DW2221,30076957,3SAN,Disney Wonder,MEXICAN RIVIERA,BAJA,3,True,True,False,2026-12-15,2026-12-18,San Diego,San Diego
2,3_baja_san_diego_merrytime,3-Night Baja Cruise from San Diego,ESE,,"Ensenada, Mexico",4,Yes,DW2214,30076950,3SAN,Disney Wonder,MEXICAN RIVIERA,BAJA,3,True,True,False,2026-11-13,2026-11-16,San Diego,San Diego
2,3_baja_san_diego_merrytime,3-Night Baja Cruise from San Diego,ESE,,"Ensenada, Mexico",4,Yes,DW2291,30867331,3SAN,Disney Wonder,MEXICAN RIVIERA,BAJA,3,True,True,False,2027-11-12,2027-11-15,San Diego,San Diego
2,3_baja_san_diego_merrytime,3-Night Baja Cruise from San Diego,ESE,,"Ensenada, Mexico",4,Yes,DW2218,30076954,3SAN,Disney Wonder,MEXICAN RIVIERA,BAJA,3,True,True,False,2026-12-04,2026-12-07,San Diego,San Diego
2,3_baja_san_diego,3-Night Baja Cruise from San Diego,"CKI,ESE",,"Catalina Island, California, Ensenada, Mexico",3,No,DW2232,30076968,3SAN,Disney Wonder,MEXICAN RIVIERA,BAJA,3,True,True,False,2027-01-29,2027-02-01,San Diego,San Diego
2,3_baja_san_diego,3-Night Baja Cruise from San Diego,"CKI,ESE",,"Catalina Island, California, Ensenada, Mexico",3,No,DW2228,30076964,3SAN,Disney Wonder,MEXICAN RIVIERA,BAJA,3,True,True,False,2027-01-15,2027-01-18,San Diego,San Diego
2,3_baja_san_diego,3-Night Baja Cruise from San Diego,"CKI,ESE",,"Catalina Island, California, Ensenada, Mexico",3,No,DW2246,30076982,3SAN,Disney Wonder,MEXICAN RIVIERA,BAJA,3,True,True,False,2027-03-26,2027-03-29,San Diego,San Diego
2,4_baja_san_diego,4-Night Baja Cruise from San Diego,"CKI,ESE",,"Catalina Island, California, Ensenada, Mexico",18,No,DW2229,30076965,4SAN,Disney Wonder,MEXICAN RIVIERA,BAJA,4,True,True,False,2027-01-18,2027-01-22,San Diego,San Diego
2,4_baja_san_diego,4-Night Baja Cruise from San Diego,"CKI,ESE",,"Catalina Island, California, Ensenada, Mexico",18,No,DW2233,30076969,4SAN,Disney Wonder,MEXICAN RIVIERA,BAJA,4,True,True,False,2027-02-01,2027-02-05,San Diego,San Diego
2,4_baja_san_diego,4-Night Baja Cruise from San Diego,"CKI,ESE",,"Catalina Island, California, Ensenada, Mexico",18,No,DW2212,30076948,4SAN,Disney Wonder,MEXICAN RIVIERA,BAJA,4,True,True,False,2026-11-05,2026-11-09,San Diego,San Diego
2,4_baja_san_diego,4-Night Baja Cruise from San Diego,"CKI,ESE",,"Catalina Island, California, Ensenada, Mexico",18,No,DW2306,30867346,4SAN,Disney Wonder,MEXICAN RIVIERA,BAJA,4,True,True,False,2028-01-24,2028-01-28,San Diego,San Diego
2,4_baja_san_diego,4-Night Baja Cruise from San Diego,"CKI,ESE",,"Catalina Island, California, Ensenada, Mexico",18,No,DW2303,30867343,4SAN,Disney Wonder,MEXICAN RIVIERA,BAJA,4,True,True,False,2028-01-10,2028-01-14,San Diego,San Diego
2,4_baja_san_diego,4-Night Baja Cruise from San Diego,"CKI,ESE",,"Catalina Island, California, Ensenada, Mexico",18,No,DW2240,30076976,4SAN,Disney Wonder,MEXICAN RIVIERA,BAJA,4,True,True,False,2027-03-01,2027-03-05,San Diego,San Diego
2,4_baja_san_diego,4-Night Baja Cruise from San Diego,"CKI,ESE",,"Catalina Island, California, Ensenada, Mexico",18,No,DW2330,30867370,4SAN,Disney Wonder,MEXICAN RIVIERA,BAJA,4,True,True,False,2028-04-24,2028-04-28,San Diego,San Diego
2,4_baja_san_diego,4-Night Baja Cruise from San Diego,"CKI,ESE",,"Catalina Island, California, Ensenada, Mexico",18,No,DW2315,30867355,4SAN,Disney Wonder,MEXICAN RIVIERA,BAJA,4,True,True,False,2028-02-28,2028-03-03,San Diego,San Diego
2,4_baja_san_diego,4-Night Baja Cruise from San Diego,"CKI,ESE",,"Catalina Island, California, Ensenada, Mexico",18,No,DW2290,30867330,4SAN,Disney Wonder,MEXICAN RIVIERA,BAJA,4,True,True,False,2027-11-08,2027-11-12,San Diego,San Diego
2,4_baja_san_diego,4-Night Baja Cruise from San Diego,"CKI,ESE",,"Catalina Island, California, Ensenada, Mexico",18,No,DW2324,30867364,4SAN,Disney Wonder,MEXICAN RIVIERA,BAJA,4,True,True,False,2028-04-03,2028-04-07,San Diego,San Diego
2,4_baja_san_diego,4-Night Baja Cruise from San Diego,"CKI,ESE",,"Catalina Island, California, Ensenada, Mexico",18,No,DW2307,30867347,4SAN,Disney Wonder,MEXICAN RIVIERA,BAJA,4,True,True,False,2028-01-28,2028-02-01,San Diego,San Diego
2,4_baja_san_diego,4-Night Baja Cruise from San Diego,"CKI,ESE",,"Catalina Island, California, Ensenada, Mexico",18,No,DW2313,30867353,4SAN,Disney Wonder,MEXICAN RIVIERA,BAJA,4,True,True,False,2028-02-21,2028-02-25,San Diego,San Diego
2,4_baja_san_diego,4-Night Baja Cruise from San Diego,"CKI,ESE",,"Catalina Island, California, Ensenada, Mexico",18,No,DW2236,30076972,4SAN,Disney Wonder,MEXICAN RIVIERA,BAJA,4,True,True,False,2027-02-15,2027-02-19,San Diego,San Diego
2,4_baja_san_diego,4-Night Baja Cruise from San Diego,"CKI,ESE",,"Catalina Island, California, Ensenada, Mexico",18,No,DW2319,30867359,4SAN,Disney Wonder,MEXICAN RIVIERA,BAJA,4,True,True,False,2028-03-16,2028-03-20,San Diego,San Diego
2,4_baja_san_diego,4-Night Baja Cruise from San Diego,"CKI,ESE",,"Catalina Island, California, Ensenada, Mexico",18,No,DW2327,30867367,4SAN,Disney Wonder,MEXICAN RIVIERA,BAJA,4,True,True,False,2028-04-13,2028-04-17,San Diego,San Diego
2,4_baja_san_diego,4-Night Baja Cruise from San Diego,"CKI,ESE",,"Catalina Island, California, Ensenada, Mexico",18,No,DW2328,30867368,4SAN,Disney Wonder,MEXICAN RIVIERA,BAJA,4,True,True,False,2028-04-17,2028-04-21,San Diego,San Diego
2,4_baja_san_diego,4-Night Baja Cruise from San Diego,"CKI,ESE",,"Catalina Island, California, Ensenada, Mexico",18,No,DW2320,30867360,4SAN,Disney Wonder,MEXICAN RIVIERA,BAJA,4,True,True,False,2028-03-20,2028-03-24,San Diego,San Diego
2,4_baja_san_diego,4-Night Baja Cruise from San Diego,"CKI,ESE",,"Catalina Island, California, Ensenada, Mexico",18,No,DW2322,30867362,4SAN,Disney Wonder,MEXICAN RIVIERA,BAJA,4,True,True,False,2028-03-27,2028-03-31,San Diego,San Diego
2,3_bahamian_fort_lauderdale,3-Night Bahamian Cruise from Fort Lauderdale,LPT,,Disney Lookout Cay at Lighthouse Point,3,No,DD1526,30063665,3PEF,Disney Dream,BAHAMAS,BAHAMAS,3,True,True,False,2026-11-06,2026-11-09,Fort Lauderdale,Fort Lauderdale
2,3_bahamian_fort_lauderdale,3-Night Bahamian Cruise from Fort Lauderdale,LPT,,Disney Lookout Cay at Lighthouse Point,3,No,DD1654,30888267,3PEF,Disney Dream,BAHAMAS,BAHAMAS,3,True,True,False,2028-02-18,2028-02-21,Fort Lauderdale,Fort Lauderdale
2,3_bahamian_fort_lauderdale,3-Night Bahamian Cruise from Fort Lauderdale,LPT,,Disney Lookout Cay at Lighthouse Point,3,No,DD1668,30888332,3PEF,Disney Dream,BAHAMAS,BAHAMAS,3,True,True,False,2028-04-07,2028-04-10,Fort Lauderdale,Fort Lauderdale
2,4_baja_san_diego_merrytime,4-Night Baja Cruise from San Diego,ESE,,"Ensenada, Mexico",1,Yes,DW2213,30076949,4SAN,Disney Wonder,MEXICAN RIVIERA,BAJA,4,True,True,False,2026-11-09,2026-11-13,San Diego,San Diego
3,3_bahamian_fort_lauderdale_merrytime,3-Night Bahamian Cruise from Fort Lauderdale,"LPT,NAS",,"Disney Lookout Cay at Lighthouse Point, Nassau, Bahamas",9,Yes,DD1535,30063674,3PEF,Disney Dream,BAHAMAS,BAHAMAS,3,True,True,False,2026-12-11,2026-12-14,Fort Lauderdale,Fort Lauderdale
3,3_bahamian_fort_lauderdale_merrytime,3-Night Bahamian Cruise from Fort Lauderdale,"LPT,NAS",,"Disney Lookout Cay at Lighthouse Point, Nassau, Bahamas",9,Yes,DD1533,30063672,3PEF,Disney Dream,BAHAMAS,BAHAMAS,3,True,True,False,2026-12-04,2026-12-07,Fort Lauderdale,Fort Lauderdale
3,3_bahamian_fort_lauderdale_merrytime,3-Night Bahamian Cruise from Fort Lauderdale,"LPT,NAS",,"Disney Lookout Cay at Lighthouse Point, Nassau, Bahamas",9,Yes,DD1529,30063668,3PEF,Disney Dream,BAHAMAS,BAHAMAS,3,True,True,False,2026-11-20,2026-11-23,Fort Lauderdale,Fort Lauderdale
3,3_bahamian_fort_lauderdale_merrytime,3-Night Bahamian Cruise from Fort Lauderdale,"LPT,NAS",,"Disney Lookout Cay at Lighthouse Point, Nassau, Bahamas",9,Yes,DD1531,30063670,3PEF,Disney Dream,BAHAMAS,BAHAMAS,3,True,True,False,2026-11-27,2026-11-30,Fort Lauderdale,Fort Lauderdale
3,3_bahamian_fort_lauderdale_merrytime,3-Night Bahamian Cruise from Fort Lauderdale,"LPT,NAS",,"Disney Lookout Cay at Lighthouse Point, Nassau, Bahamas",9,Yes,DD1537,30063676,3PEF,Disney Dream,BAHAMAS,BAHAMAS,3,True,True,False,2026-12-18,2026-12-21,Fort Lauderdale,Fort Lauderdale
3,3_bahamian_fort_lauderdale_merrytime,3-Night Bahamian Cruise from Fort Lauderdale,"LPT,NAS",,"Disney Lookout Cay at Lighthouse Point, Nassau, Bahamas",9,Yes,DD1634,30888006,3PEF,Disney Dream,BAHAMAS,BAHAMAS,3,True,True,False,2027-12-10,2027-12-13,Fort Lauderdale,Fort Lauderdale
3,3_bahamian_fort_lauderdale_merrytime,3-Night Bahamian Cruise from Fort Lauderdale,"LPT,NAS",,"Disney Lookout Cay at Lighthouse Point, Nassau, Bahamas",9,Yes,DD1632,30888004,3PEF,Disney Dream,BAHAMAS,BAHAMAS,3,True,True,False,2027-12-03,2027-12-06,Fort Lauderdale,Fort Lauderdale
3,3_bahamian_fort_lauderdale_merrytime,3-Night Bahamian Cruise from Fort Lauderdale,"LPT,NAS",,"Disney Lookout Cay at Lighthouse Point, Nassau, Bahamas",9,Yes,DD1629,30888001,3PEF,Disney Dream,BAHAMAS,BAHAMAS,3,True,True,False,2027-11-19,2027-11-22,Fort Lauderdale,Fort Lauderdale
3,3_bahamian_fort_lauderdale_merrytime,3-Night Bahamian Cruise from Fort Lauderdale,"LPT,NAS",,"Disney Lookout Cay at Lighthouse Point, Nassau, Bahamas",9,Yes,DD1636,30888008,3PEF,Disney Dream,BAHAMAS,BAHAMAS,3,True,True,False,2027-12-17,2027-12-20,Fort Lauderdale,Fort Lauderdale
3,4_baja_san_diego_merrytime,4-Night Baja Cruise from San Diego,"CKI,ESE",,"Catalina Island, California, Ensenada, Mexico",6,Yes,DW2219,30076955,4SAN,Disney Wonder,MEXICAN RIVIERA,BAJA,4,True,True,False,2026-12-07,2026-12-11,San Diego,San Diego
3,4_baja_san_diego_merrytime,4-Night Baja Cruise from San Diego,"CKI,ESE",,"Catalina Island, California, Ensenada, Mexico",6,Yes,DW2292,30867332,4SAN,Disney Wonder,MEXICAN RIVIERA,BAJA,4,True,True,False,2027-11-15,2027-11-19,San Diego,San Diego
3,4_baja_san_diego_merrytime,4-Night Baja Cruise from San Diego,"CKI,ESE",,"Catalina Island, California, Ensenada, Mexico",6,Yes,DW2298,30867338,4SAN,Disney Wonder,MEXICAN RIVIERA,BAJA,4,True,True,False,2027-12-15,2027-12-19,San Diego,San Diego
3,4_baja_san_diego_merrytime,4-Night Baja Cruise from San Diego,"CKI,ESE",,"Catalina Island, California, Ensenada, Mexico",6,Yes,DW2220,30076956,4SAN,Disney Wonder,MEXICAN RIVIERA,BAJA,4,True,True,False,2026-12-11,2026-12-15,San Diego,San Diego
3,4_baja_san_diego_merrytime,4-Night Baja Cruise from San Diego,"CKI,ESE",,"Catalina Island, California, Ensenada, Mexico",6,Yes,DW2293,30867333,4SAN,Disney Wonder,MEXICAN RIVIERA,BAJA,4,True,True,False,2027-11-19,2027-11-23,San Diego,San Diego
3,4_baja_san_diego_merrytime,4-Night Baja Cruise from San Diego,"CKI,ESE",,"Catalina Island, California, Ensenada, Mexico",6,Yes,DW2222,30076958,4SAN,Disney Wonder,MEXICAN RIVIERA,BAJA,4,True,True,False,2026-12-18,2026-12-22,San Diego,San Diego
3,4_baja_san_diego_halloween,4-Night Baja Cruise from San Diego,ESE,,"Ensenada, Mexico",1,Yes,DW2208,30076944,4SAN,Disney Wonder,MEXICAN RIVIERA,BAJA,4,True,True,False,2026-10-18,2026-10-22,San Diego,San Diego
3,3_baja_san_diego_halloween,3-Night Baja Cruise from San Diego,ESE,,"Ensenada, Mexico",8,Yes,DM1755,30063262,3SAN,Disney Magic,MEXICAN RIVIERA,BAJA,3,True,True,False,2026-10-16,2026-10-19,San Diego,San Diego
3,3_baja_san_diego_halloween,3-Night Baja Cruise from San Diego,ESE,,"Ensenada, Mexico",8,Yes,DM1816,30884973,3SAN,Disney Magic,MEXICAN RIVIERA,BAJA,3,True,True,False,2027-09-30,2027-10-03,San Diego,San Diego
3,3_baja_san_diego_halloween,3-Night Baja Cruise from San Diego,ESE,,"Ensenada, Mexico",8,Yes,DW2280,30867320,3SAN,Disney Wonder,MEXICAN RIVIERA,BAJA,3,True,True,False,2027-10-01,2027-10-04,San Diego,San Diego
3,3_baja_san_diego_halloween,3-Night Baja Cruise from San Diego,ESE,,"Ensenada, Mexico",8,Yes,DW2284,30867324,3SAN,Disney Wonder,MEXICAN RIVIERA,BAJA,3,True,True,False,2027-10-15,2027-10-18,San Diego,San Diego
3,3_baja_san_diego_halloween,3-Night Baja Cruise from San Diego,ESE,,"Ensenada, Mexico",8,Yes,DW2282,30867322,3SAN,Disney Wonder,MEXICAN RIVIERA,BAJA,3,True,True,False,2027-10-08,2027-10-11,San Diego,San Diego
3,3_baja_san_diego_halloween,3-Night Baja Cruise from San Diego,ESE,,"Ensenada, Mexico",8,Yes,DM1820,30884977,3SAN,Disney Magic,MEXICAN RIVIERA,BAJA,3,True,True,False,2027-10-21,2027-10-24,San Diego,San Diego
3,3_baja_san_diego_halloween,3-Night Baja Cruise from San Diego,ESE,,"Ensenada, Mexico",8,Yes,DW2206,30076942,3SAN,Disney Wonder,MEXICAN RIVIERA,BAJA,3,True,True,False,2026-10-10,2026-10-13,San Diego,San Diego
3,3_baja_san_diego_halloween,3-Night Baja Cruise from San Diego,ESE,,"Ensenada, Mexico",8,Yes,DM1753,30063260,3SAN,Disney Magic,MEXICAN RIVIERA,BAJA,3,True,True,False,2026-10-09,2026-10-12,San Diego,San Diego
3,4_pacific_coast_san_diego_vancouver,4-Night Pacific Coast Cruise from San Diego ending in Vancouver,VAN,,"Vancouver (British Columbia), Canada",3,No,DW2332,30867372,4SAVA,Disney Wonder,CALIFORNIA COAST,ALASKA N A,4,True,True,False,2028-05-04,2028-05-08,San Diego,Vancouver
3,4_pacific_coast_san_diego_vancouver,4-Night Pacific Coast Cruise from San Diego ending in Vancouver,VAN,,"Vancouver (British Columbia), Canada",3,No,DW2255,30076991,4SAVA,Disney Wonder,CALIFORNIA COAST,ALASKA N A,4,True,True,False,2027-05-06,2027-05-10,San Diego,Vancouver
3,4_pacific_coast_san_diego_vancouver,4-Night Pacific Coast Cruise from San Diego ending in Vancouver,VAN,,"Vancouver (British Columbia), Canada",3,No,DM1793,30076792,4SAVA,Disney Magic,CALIFORNIA COAST,ALASKA N A,4,True,True,False,2027-05-09,2027-05-13,San Diego,Vancouver
4,3_bahamian_fort_lauderdale,3-Night Bahamian Cruise from Fort Lauderdale,"LPT,NAS",,"Disney Lookout Cay at Lighthouse Point, Nassau, Bahamas",26,No,DD1541,30063680,3PEF,Disney Dream,BAHAMAS,BAHAMAS,3,True,True,False,2027-01-08,2027-01-11,Fort Lauderdale,Fort Lauderdale
4,3_bahamian_fort_lauderdale,3-Night Bahamian Cruise from Fort Lauderdale,"LPT,NAS",,"Disney Lookout Cay at Lighthouse Point, Nassau, Bahamas",26,No,DD1546,30063685,3PEF,Disney Dream,BAHAMAS,BAHAMAS,3,True,True,False,2027-01-29,2027-02-01,Fort Lauderdale,Fort Lauderdale
4,3_bahamian_fort_lauderdale,3-Night Bahamian Cruise from Fort Lauderdale,"LPT,NAS",,"Disney Lookout Cay at Lighthouse Point, Nassau, Bahamas",26,No,DD1642,30888146,3PEF,Disney Dream,BAHAMAS,BAHAMAS,3,True,True,False,2028-01-07,2028-01-10,Fort Lauderdale,Fort Lauderdale
4,3_bahamian_fort_lauderdale,3-Night Bahamian Cruise from Fort Lauderdale,"LPT,NAS",,"Disney Lookout Cay at Lighthouse Point, Nassau, Bahamas",26,No,DD1652,30888265,3PEF,Disney Dream,BAHAMAS,BAHAMAS,3,True,True,False,2028-02-11,2028-02-14,Fort Lauderdale,Fort Lauderdale
4,3_bahamian_fort_lauderdale,3-Night Bahamian Cruise from Fort Lauderdale,"LPT,NAS",,"Disney Lookout Cay at Lighthouse Point, Nassau, Bahamas",26,No,DD1650,30888263,3PEF,Disney Dream,BAHAMAS,BAHAMAS,3,True,True,False,2028-02-04,2028-02-07,Fort Lauderdale,Fort Lauderdale
4,3_bahamian_fort_lauderdale,3-Night Bahamian Cruise from Fort Lauderdale,"LPT,NAS",,"Disney Lookout Cay at Lighthouse Point, Nassau, Bahamas",26,No,DD1648,30888152,3PEF,Disney Dream,BAHAMAS,BAHAMAS,3,True,True,False,2028-01-28,2028-01-31,Fort Lauderdale,Fort Lauderdale
4,3_bahamian_fort_lauderdale,3-Night Bahamian Cruise from Fort Lauderdale,"LPT,NAS",,"Disney Lookout Cay at Lighthouse Point, Nassau, Bahamas",26,No,DD1646,30888150,3PEF,Disney Dream,BAHAMAS,BAHAMAS,3,True,True,False,2028-01-21,2028-01-24,Fort Lauderdale,Fort Lauderdale
4,3_bahamian_fort_lauderdale,3-Night Bahamian Cruise from Fort Lauderdale,"LPT,NAS",,"Disney Lookout Cay at Lighthouse Point, Nassau, Bahamas",26,No,DD1656,30888269,3PEF,Disney Dream,BAHAMAS,BAHAMAS,3,True,True,False,2028-02-25,2028-02-28,Fort Lauderdale,Fort Lauderdale
4,3_bahamian_fort_lauderdale,3-Night Bahamian Cruise from Fort Lauderdale,"LPT,NAS",,"Disney Lookout Cay at Lighthouse Point, Nassau, Bahamas",26,No,DD1553,30063692,3PEF,Disney Dream,BAHAMAS,BAHAMAS,3,True,True,False,2027-02-26,2027-03-01,Fort Lauderdale,Fort Lauderdale
4,3_bahamian_fort_lauderdale,3-Night Bahamian Cruise from Fort Lauderdale,"LPT,NAS",,"Disney Lookout Cay at Lighthouse Point, Nassau, Bahamas",26,No,DD1548,30063687,3PEF,Disney Dream,BAHAMAS,BAHAMAS,3,True,True,False,2027-02-05,2027-02-08,Fort Lauderdale,Fort Lauderdale
4,3_bahamian_fort_lauderdale,3-Night Bahamian Cruise from Fort Lauderdale,"LPT,NAS",,"Disney Lookout Cay at Lighthouse Point, Nassau, Bahamas",26,No,DD1644,30888148,3PEF,Disney Dream,BAHAMAS,BAHAMAS,3,True,True,False,2028-01-14,2028-01-17,Fort Lauderdale,Fort Lauderdale
4,3_bahamian_fort_lauderdale,3-Night Bahamian Cruise from Fort Lauderdale,"LPT,NAS",,"Disney Lookout Cay at Lighthouse Point, Nassau, Bahamas",26,No,DD1658,30888271,3PEF,Disney Dream,BAHAMAS,BAHAMAS,3,True,True,False,2028-03-03,2028-03-06,Fort Lauderdale,Fort Lauderdale
4,3_bahamian_fort_lauderdale,3-Night Bahamian Cruise from Fort Lauderdale,"LPT,NAS",,"Disney Lookout Cay at Lighthouse Point, Nassau, Bahamas",26,No,DD1543,30063682,3PEF,Disney Dream,BAHAMAS,BAHAMAS,3,True,True,False,2027-01-15,2027-01-18,Fort Lauderdale,Fort Lauderdale
4,3_bahamian_fort_lauderdale,3-Night Bahamian Cruise from Fort Lauderdale,"LPT,NAS",,"Disney Lookout Cay at Lighthouse Point, Nassau, Bahamas",26,No,DD1666,30888330,3PEF,Disney Dream,BAHAMAS,BAHAMAS,3,True,True,False,2028-03-31,2028-04-03,Fort Lauderdale,Fort Lauderdale
4,3_bahamian_fort_lauderdale,3-Night Bahamian Cruise from Fort Lauderdale,"LPT,NAS",,"Disney Lookout Cay at Lighthouse Point, Nassau, Bahamas",26,No,DD1664,30888328,3PEF,Disney Dream,BAHAMAS,BAHAMAS,3,True,True,False,2028-03-24,2028-03-27,Fort Lauderdale,Fort Lauderdale
4,3_bahamian_fort_lauderdale,3-Night Bahamian Cruise from Fort Lauderdale,"LPT,NAS",,"Disney Lookout Cay at Lighthouse Point, Nassau, Bahamas",26,No,DD1565,30063704,3PEF,Disney Dream,BAHAMAS,BAHAMAS,3,True,True,False,2027-04-09,2027-04-12,Fort Lauderdale,Fort Lauderdale
4,3_bahamian_fort_lauderdale,3-Night Bahamian Cruise from Fort Lauderdale,"LPT,NAS",,"Disney Lookout Cay at Lighthouse Point, Nassau, Bahamas",26,No,DD1555,30063694,3PEF,Disney Dream,BAHAMAS,BAHAMAS,3,True,True,False,2027-03-05,2027-03-08,Fort Lauderdale,Fort Lauderdale
4,3_bahamian_fort_lauderdale,3-Night Bahamian Cruise from Fort Lauderdale,"LPT,NAS",,"Disney Lookout Cay at Lighthouse Point, Nassau, Bahamas",26,No,DD1563,30063702,3PEF,Disney Dream,BAHAMAS,BAHAMAS,3,True,True,False,2027-04-02,2027-04-05,Fort Lauderdale,Fort Lauderdale
4,3_bahamian_fort_lauderdale,3-Night Bahamian Cruise from Fort Lauderdale,"LPT,NAS",,"Disney Lookout Cay at Lighthouse Point, Nassau, Bahamas",26,No,DD1660,30888324,3PEF,Disney Dream,BAHAMAS,BAHAMAS,3,True,True,False,2028-03-10,2028-03-13,Fort Lauderdale,Fort Lauderdale
4,3_bahamian_fort_lauderdale,3-Night Bahamian Cruise from Fort Lauderdale,"LPT,NAS",,"Disney Lookout Cay at Lighthouse Point, Nassau, Bahamas",26,No,DD1557,30063696,3PEF,Disney Dream,BAHAMAS,BAHAMAS,3,True,True,False,2027-03-12,2027-03-15,Fort Lauderdale,Fort Lauderdale
4,3_bahamian_fort_lauderdale,3-Night Bahamian Cruise from Fort Lauderdale,"LPT,NAS",,"Disney Lookout Cay at Lighthouse Point, Nassau, Bahamas",26,No,WD0136,30469036,3PEF,Disney Destiny,BAHAMAS,BAHAMAS,3,True,True,False,2027-08-27,2027-08-30,Fort Lauderdale,Fort Lauderdale
4,3_bahamian_fort_lauderdale,3-Night Bahamian Cruise from Fort Lauderdale,"LPT,NAS",,"Disney Lookout Cay at Lighthouse Point, Nassau, Bahamas",26,No,DD1662,30888326,3PEF,Disney Dream,BAHAMAS,BAHAMAS,3,True,True,False,2028-03-17,2028-03-20,Fort Lauderdale,Fort Lauderdale
4,3_bahamian_fort_lauderdale,3-Night Bahamian Cruise from Fort Lauderdale,"LPT,NAS",,"Disney Lookout Cay at Lighthouse Point, Nassau, Bahamas",26,No,DD1550,30063689,3PEF,Disney Dream,BAHAMAS,BAHAMAS,3,True,True,False,2027-02-12,2027-02-15,Fort Lauderdale,Fort Lauderdale
4,3_bahamian_fort_lauderdale,3-Night Bahamian Cruise from Fort Lauderdale,"LPT,NAS",,"Disney Lookout Cay at Lighthouse Point, Nassau, Bahamas",26,No,DD1559,30063698,3PEF,Disney Dream,BAHAMAS,BAHAMAS,3,True,True,False,2027-03-19,2027-03-22,Fort Lauderdale,Fort Lauderdale
4,3_bahamian_fort_lauderdale,3-Night Bahamian Cruise from Fort Lauderdale,"LPT,NAS",,"Disney Lookout Cay at Lighthouse Point, Nassau, Bahamas",26,No,DD1670,30888334,3PEF,Disney Dream,BAHAMAS,BAHAMAS,3,True,True,False,2028-04-14,2028-04-17,Fort Lauderdale,Fort Lauderdale
4,3_bahamian_fort_lauderdale,3-Night Bahamian Cruise from Fort Lauderdale,"LPT,NAS",,"Disney Lookout Cay at Lighthouse Point, Nassau, Bahamas",26,No,DD1561,30063700,3PEF,Disney Dream,BAHAMAS,BAHAMAS,3,True,True,False,2027-03-26,2027-03-29,Fort Lauderdale,Fort Lauderdale
4,4_pacific_coast_vancouver_san_diego,4-Night Pacific Coast Cruise from Vancouver ending in San Diego,SAN,,"San Diego, California",2,No,DW2278,30867318,4VASA,Disney Wonder,CALIFORNIA COAST,ALASKA S A,4,True,True,False,2027-09-20,2027-09-24,Vancouver,San Diego
4,4_pacific_coast_vancouver_san_diego,4-Night Pacific Coast Cruise from Vancouver ending in San Diego,SAN,,"San Diego, California",2,No,DM1813,30884970,4VASA,Disney Magic,CALIFORNIA COAST,ALASKA S A,4,True,True,False,2027-09-16,2027-09-20,Vancouver,San Diego
4,4_western_caribbean_galveston_merrytime,4-Night Western Caribbean Cruise from Galveston,PGO,,"Progreso, Mexico",5,Yes,DM1765,30063270,4GLS,Disney Magic,CARIBBEAN,WESTERN,4,True,True,False,2026-12-13,2026-12-17,Galveston,Galveston
4,4_western_caribbean_galveston_merrytime,4-Night Western Caribbean Cruise from Galveston,PGO,,"Progreso, Mexico",5,Yes,DM1764,30063269,4GLS,Disney Magic,CARIBBEAN,WESTERN,4,True,True,False,2026-12-09,2026-12-13,Galveston,Galveston
4,4_western_caribbean_galveston_merrytime,4-Night Western Caribbean Cruise from Galveston,PGO,,"Progreso, Mexico",5,Yes,DM1826,30885022,4GLS,Disney Magic,CARIBBEAN,WESTERN,4,True,True,False,2027-11-29,2027-12-03,Galveston,Galveston
4,4_western_caribbean_galveston_merrytime,4-Night Western Caribbean Cruise from Galveston,PGO,,"Progreso, Mexico",5,Yes,DM1829,30885025,4GLS,Disney Magic,CARIBBEAN,WESTERN,4,True,True,False,2027-12-13,2027-12-17,Galveston,Galveston
4,4_western_caribbean_galveston_merrytime,4-Night Western Caribbean Cruise from Galveston,PGO,,"Progreso, Mexico",5,Yes,DM1761,30063266,4GLS,Disney Magic,CARIBBEAN,WESTERN,4,True,True,False,2026-11-25,2026-11-29,Galveston,Galveston
4,5_mexican_riviera_san_diego_halloween,5-Night Mexican Riviera Cruise from San Diego,"CSL,ESE",,"Cabo San Lucas, Mexico, Ensenada, Mexico",4,Yes,DW2209,30076945,5SAN,Disney Wonder,MEXICAN RIVIERA,BAJA,5,True,True,False,2026-10-22,2026-10-27,San Diego,San Diego
4,5_mexican_riviera_san_diego_halloween,5-Night Mexican Riviera Cruise from San Diego,"CSL,ESE",,"Cabo San Lucas, Mexico, Ensenada, Mexico",4,Yes,DM1756,30063387,5SAN,Disney Magic,MEXICAN RIVIERA,BAJA,5,True,True,False,2026-10-19,2026-10-24,San Diego,San Diego
4,5_mexican_riviera_san_diego_halloween,5-Night Mexican Riviera Cruise from San Diego,"CSL,ESE",,"Cabo San Lucas, Mexico, Ensenada, Mexico",4,Yes,DW2287,30867327,5SAN,Disney Wonder,MEXICAN RIVIERA,BAJA,5,True,True,False,2027-10-26,2027-10-31,San Diego,San Diego
4,5_mexican_riviera_san_diego_halloween,5-Night Mexican Riviera Cruise from San Diego,"CSL,ESE",,"Cabo San Lucas, Mexico, Ensenada, Mexico",4,Yes,DM1819,30884976,5SAN,Disney Magic,MEXICAN RIVIERA,BAJA,5,True,True,False,2027-10-16,2027-10-21,San Diego,San Diego
4,3_bahamian_port_canaveral,3-Night Bahamian Cruise from Port Canaveral,"GOC,NAS",,"Nassau, Bahamas, Disney Castaway Cay",56,No,WW0526,30062285,3PCV,Disney Wish,BAHAMAS,BAHAMAS,3,True,True,False,2026-11-06,2026-11-09,Port Canaveral,Port Canaveral
4,3_bahamian_port_canaveral,3-Night Bahamian Cruise from Port Canaveral,"GOC,NAS",,"Nassau, Bahamas, Disney Castaway Cay",56,No,DF0851,30056328,3PCV,Disney Fantasy,BAHAMAS,BAHAMAS,3,True,True,False,2027-01-03,2027-01-06,Port Canaveral,Port Canaveral
4,3_bahamian_port_canaveral,3-Night Bahamian Cruise from Port Canaveral,"GOC,NAS",,"Nassau, Bahamas, Disney Castaway Cay",56,No,WW0550,30062309,3PCV,Disney Wish,BAHAMAS,BAHAMAS,3,True,True,False,2027-01-29,2027-02-01,Port Canaveral,Port Canaveral
4,3_bahamian_port_canaveral,3-Night Bahamian Cruise from Port Canaveral,"GOC,NAS",,"Nassau, Bahamas, Disney Castaway Cay",56,No,WW0544,30062303,3PCV,Disney Wish,BAHAMAS,BAHAMAS,3,True,True,False,2027-01-08,2027-01-11,Port Canaveral,Port Canaveral
4,3_bahamian_port_canaveral,3-Night Bahamian Cruise from Port Canaveral,"GOC,NAS",,"Nassau, Bahamas, Disney Castaway Cay",56,No,WW0548,30062307,3PCV,Disney Wish,BAHAMAS,BAHAMAS,3,True,True,False,2027-01-22,2027-01-25,Port Canaveral,Port Canaveral
4,3_bahamian_port_canaveral,3-Night Bahamian Cruise from Port Canaveral,"GOC,NAS",,"Nassau, Bahamas, Disney Castaway Cay",56,No,WW0556,30062315,3PCV,Disney Wish,BAHAMAS,BAHAMAS,3,True,True,False,2027-02-19,2027-02-22,Port Canaveral,Port Canaveral
4,3_bahamian_port_canaveral,3-Night Bahamian Cruise from Port Canaveral,"GOC,NAS",,"Nassau, Bahamas, Disney Castaway Cay",56,No,WW0558,30062317,3PCV,Disney Wish,BAHAMAS,BAHAMAS,3,True,True,False,2027-02-26,2027-03-01,Port Canaveral,Port Canaveral
4,3_bahamian_port_canaveral,3-Night Bahamian Cruise from Port Canaveral,"GOC,NAS",,"Nassau, Bahamas, Disney Castaway Cay",56,No,DD1604,30468011,3PCV,Disney Dream,BAHAMAS,BAHAMAS,3,True,True,False,2027-08-27,2027-08-30,Port Canaveral,Port Canaveral
4,3_bahamian_port_canaveral,3-Night Bahamian Cruise from Port Canaveral,"GOC,NAS",,"Nassau, Bahamas, Disney Castaway Cay",56,No,DD1569,30063711,3PCV,Disney Dream,BAHAMAS,BAHAMAS,3,True,True,False,2027-04-27,2027-04-30,Port Canaveral,Port Canaveral
4,3_bahamian_port_canaveral,3-Night Bahamian Cruise from Port Canaveral,"GOC,NAS",,"Nassau, Bahamas, Disney Castaway Cay",56,No,DD1570,30063712,3PCV,Disney Dream,BAHAMAS,BAHAMAS,3,True,True,False,2027-04-30,2027-05-03,Port Canaveral,Port Canaveral
4,3_bahamian_port_canaveral,3-Night Bahamian Cruise from Port Canaveral,"GOC,NAS",,"Nassau, Bahamas, Disney Castaway Cay",56,No,DD1602,30468009,3PCV,Disney Dream,BAHAMAS,BAHAMAS,3,True,True,False,2027-08-20,2027-08-23,Port Canaveral,Port Canaveral
4,3_bahamian_port_canaveral,3-Night Bahamian Cruise from Port Canaveral,"GOC,NAS",,"Nassau, Bahamas, Disney Castaway Cay",56,No,WW0552,30062311,3PCV,Disney Wish,BAHAMAS,BAHAMAS,3,True,True,False,2027-02-05,2027-02-08,Port Canaveral,Port Canaveral
4,3_bahamian_port_canaveral,3-Night Bahamian Cruise from Port Canaveral,"GOC,NAS",,"Nassau, Bahamas, Disney Castaway Cay",56,No,WW0625,30887071,3PCV,Disney Wish,BAHAMAS,BAHAMAS,3,True,True,False,2028-01-21,2028-01-24,Port Canaveral,Port Canaveral
4,3_bahamian_port_canaveral,3-Night Bahamian Cruise from Port Canaveral,"GOC,NAS",,"Nassau, Bahamas, Disney Castaway Cay",56,No,DD1572,30063714,3PCV,Disney Dream,BAHAMAS,BAHAMAS,3,True,True,False,2027-05-07,2027-05-10,Port Canaveral,Port Canaveral
4,3_bahamian_port_canaveral,3-Night Bahamian Cruise from Port Canaveral,"GOC,NAS",,"Nassau, Bahamas, Disney Castaway Cay",56,No,WW0629,30887075,3PCV,Disney Wish,BAHAMAS,BAHAMAS,3,True,True,False,2028-02-04,2028-02-07,Port Canaveral,Port Canaveral
4,3_bahamian_port_canaveral,3-Night Bahamian Cruise from Port Canaveral,"GOC,NAS",,"Nassau, Bahamas, Disney Castaway Cay",56,No,DD1600,30468007,3PCV,Disney Dream,BAHAMAS,BAHAMAS,3,True,True,False,2027-08-13,2027-08-16,Port Canaveral,Port Canaveral
4,3_bahamian_port_canaveral,3-Night Bahamian Cruise from Port Canaveral,"GOC,NAS",,"Nassau, Bahamas, Disney Castaway Cay",56,No,DD1574,30063716,3PCV,Disney Dream,BAHAMAS,BAHAMAS,3,True,True,False,2027-05-14,2027-05-17,Port Canaveral,Port Canaveral
4,3_bahamian_port_canaveral,3-Night Bahamian Cruise from Port Canaveral,"GOC,NAS",,"Nassau, Bahamas, Disney Castaway Cay",56,No,WW0573,30062332,3PCV,Disney Wish,BAHAMAS,BAHAMAS,3,True,True,False,2027-04-19,2027-04-22,Port Canaveral,Port Canaveral
4,3_bahamian_port_canaveral,3-Night Bahamian Cruise from Port Canaveral,"GOC,NAS",,"Nassau, Bahamas, Disney Castaway Cay",56,No,WW0572,30062331,3PCV,Disney Wish,BAHAMAS,BAHAMAS,3,True,True,False,2027-04-16,2027-04-19,Port Canaveral,Port Canaveral
4,3_bahamian_port_canaveral,3-Night Bahamian Cruise from Port Canaveral,"GOC,NAS",,"Nassau, Bahamas, Disney Castaway Cay",56,No,WW0635,30887081,3PCV,Disney Wish,BAHAMAS,BAHAMAS,3,True,True,False,2028-02-25,2028-02-28,Port Canaveral,Port Canaveral
4,3_bahamian_port_canaveral,3-Night Bahamian Cruise from Port Canaveral,"GOC,NAS",,"Nassau, Bahamas, Disney Castaway Cay",56,No,WW0621,30887067,3PCV,Disney Wish,BAHAMAS,BAHAMAS,3,True,True,False,2028-01-07,2028-01-10,Port Canaveral,Port Canaveral
4,3_bahamian_port_canaveral,3-Night Bahamian Cruise from Port Canaveral,"GOC,NAS",,"Nassau, Bahamas, Disney Castaway Cay",56,No,DD1624,30887996,3PCV,Disney Dream,BAHAMAS,BAHAMAS,3,True,True,False,2027-11-05,2027-11-08,Port Canaveral,Port Canaveral
4,3_bahamian_port_canaveral,3-Night Bahamian Cruise from Port Canaveral,"GOC,NAS",,"Nassau, Bahamas, Disney Castaway Cay",56,No,DD1606,30468013,3PCV,Disney Dream,BAHAMAS,BAHAMAS,3,True,True,False,2027-09-03,2027-09-06,Port Canaveral,Port Canaveral
4,3_bahamian_port_canaveral,3-Night Bahamian Cruise from Port Canaveral,"GOC,NAS",,"Nassau, Bahamas, Disney Castaway Cay",56,No,WW0606,30887052,3PCV,Disney Wish,BAHAMAS,BAHAMAS,3,True,True,False,2027-11-16,2027-11-19,Port Canaveral,Port Canaveral
4,3_bahamian_port_canaveral,3-Night Bahamian Cruise from Port Canaveral,"GOC,NAS",,"Nassau, Bahamas, Disney Castaway Cay",56,No,WW0570,30062329,3PCV,Disney Wish,BAHAMAS,BAHAMAS,3,True,True,False,2027-04-09,2027-04-12,Port Canaveral,Port Canaveral
4,3_bahamian_port_canaveral,3-Night Bahamian Cruise from Port Canaveral,"GOC,NAS",,"Nassau, Bahamas, Disney Castaway Cay",56,No,WW0631,30887077,3PCV,Disney Wish,BAHAMAS,BAHAMAS,3,True,True,False,2028-02-11,2028-02-14,Port Canaveral,Port Canaveral
4,3_bahamian_port_canaveral,3-Night Bahamian Cruise from Port Canaveral,"GOC,NAS",,"Nassau, Bahamas, Disney Castaway Cay",56,No,WW0560,30062319,3PCV,Disney Wish,BAHAMAS,BAHAMAS,3,True,True,False,2027-03-05,2027-03-08,Port Canaveral,Port Canaveral
4,3_bahamian_port_canaveral,3-Night Bahamian Cruise from Port Canaveral,"GOC,NAS",,"Nassau, Bahamas, Disney Castaway Cay",56,No,WW0653,30887099,3PCV,Disney Wish,BAHAMAS,BAHAMAS,3,True,True,False,2028-04-28,2028-05-01,Port Canaveral,Port Canaveral
4,3_bahamian_port_canaveral,3-Night Bahamian Cruise from Port Canaveral,"GOC,NAS",,"Nassau, Bahamas, Disney Castaway Cay",56,No,WW0574,30062333,3PCV,Disney Wish,BAHAMAS,BAHAMAS,3,True,True,False,2027-04-22,2027-04-25,Port Canaveral,Port Canaveral
4,3_bahamian_port_canaveral,3-Night Bahamian Cruise from Port Canaveral,"GOC,NAS",,"Nassau, Bahamas, Disney Castaway Cay",56,No,WW0633,30887079,3PCV,Disney Wish,BAHAMAS,BAHAMAS,3,True,True,False,2028-02-18,2028-02-21,Port Canaveral,Port Canaveral
4,3_bahamian_port_canaveral,3-Night Bahamian Cruise from Port Canaveral,"GOC,NAS",,"Nassau, Bahamas, Disney Castaway Cay",56,No,WW0655,30887101,3PCV,Disney Wish,BAHAMAS,BAHAMAS,3,True,True,False,2028-05-05,2028-05-08,Port Canaveral,Port Canaveral
4,3_bahamian_port_canaveral,3-Night Bahamian Cruise from Port Canaveral,"GOC,NAS",,"Nassau, Bahamas, Disney Castaway Cay",56,No,WW0651,30887097,3PCV,Disney Wish,BAHAMAS,BAHAMAS,3,True,True,False,2028-04-21,2028-04-24,Port Canaveral,Port Canaveral
4,3_bahamian_port_canaveral,3-Night Bahamian Cruise from Port Canaveral,"GOC,NAS",,"Nassau, Bahamas, Disney Castaway Cay",56,No,WW0623,30887069,3PCV,Disney Wish,BAHAMAS,BAHAMAS,3,True,True,False,2028-01-14,2028-01-17,Port Canaveral,Port Canaveral
4,3_bahamian_port_canaveral,3-Night Bahamian Cruise from Port Canaveral,"GOC,NAS",,"Nassau, Bahamas, Disney Castaway Cay",56,No,WW0568,30062327,3PCV,Disney Wish,BAHAMAS,BAHAMAS,3,True,True,False,2027-04-02,2027-04-05,Port Canaveral,Port Canaveral
4,3_bahamian_port_canaveral,3-Night Bahamian Cruise from Port Canaveral,"GOC,NAS",,"Nassau, Bahamas, Disney Castaway Cay",56,No,WW0562,30062321,3PCV,Disney Wish,BAHAMAS,BAHAMAS,3,True,True,False,2027-03-12,2027-03-15,Port Canaveral,Port Canaveral
4,3_bahamian_port_canaveral,3-Night Bahamian Cruise from Port Canaveral,"GOC,NAS",,"Nassau, Bahamas, Disney Castaway Cay",56,No,WW0546,30062305,3PCV,Disney Wish,BAHAMAS,BAHAMAS,3,True,True,False,2027-01-15,2027-01-18,Port Canaveral,Port Canaveral
4,3_bahamian_port_canaveral,3-Night Bahamian Cruise from Port Canaveral,"GOC,NAS",,"Nassau, Bahamas, Disney Castaway Cay",56,No,WW0564,30062323,3PCV,Disney Wish,BAHAMAS,BAHAMAS,3,True,True,False,2027-03-19,2027-03-22,Port Canaveral,Port Canaveral
4,3_bahamian_port_canaveral,3-Night Bahamian Cruise from Port Canaveral,"GOC,NAS",,"Nassau, Bahamas, Disney Castaway Cay",56,No,WW0637,30887083,3PCV,Disney Wish,BAHAMAS,BAHAMAS,3,True,True,False,2028-03-03,2028-03-06,Port Canaveral,Port Canaveral
4,3_bahamian_port_canaveral,3-Night Bahamian Cruise from Port Canaveral,"GOC,NAS",,"Nassau, Bahamas, Disney Castaway Cay",56,No,WW0554,30062313,3PCV,Disney Wish,BAHAMAS,BAHAMAS,3,True,True,False,2027-02-12,2027-02-15,Port Canaveral,Port Canaveral
4,3_bahamian_port_canaveral,3-Night Bahamian Cruise from Port Canaveral,"GOC,NAS",,"Nassau, Bahamas, Disney Castaway Cay",56,No,DD1576,30063718,3PCV,Disney Dream,BAHAMAS,BAHAMAS,3,True,True,False,2027-05-21,2027-05-24,Port Canaveral,Port Canaveral
4,3_bahamian_port_canaveral,3-Night Bahamian Cruise from Port Canaveral,"GOC,NAS",,"Nassau, Bahamas, Disney Castaway Cay",56,No,WW0645,30887091,3PCV,Disney Wish,BAHAMAS,BAHAMAS,3,True,True,False,2028-03-31,2028-04-03,Port Canaveral,Port Canaveral
4,3_bahamian_port_canaveral,3-Night Bahamian Cruise from Port Canaveral,"GOC,NAS",,"Nassau, Bahamas, Disney Castaway Cay",56,No,DD1580,30467987,3PCV,Disney Dream,BAHAMAS,BAHAMAS,3,True,True,False,2027-06-04,2027-06-07,Port Canaveral,Port Canaveral
4,3_bahamian_port_canaveral,3-Night Bahamian Cruise from Port Canaveral,"GOC,NAS",,"Nassau, Bahamas, Disney Castaway Cay",56,No,DD1582,30467989,3PCV,Disney Dream,BAHAMAS,BAHAMAS,3,True,True,False,2027-06-11,2027-06-14,Port Canaveral,Port Canaveral
4,3_bahamian_port_canaveral,3-Night Bahamian Cruise from Port Canaveral,"GOC,NAS",,"Nassau, Bahamas, Disney Castaway Cay",56,No,WW0639,30887085,3PCV,Disney Wish,BAHAMAS,BAHAMAS,3,True,True,False,2028-03-10,2028-03-13,Port Canaveral,Port Canaveral
4,3_bahamian_port_canaveral,3-Night Bahamian Cruise from Port Canaveral,"GOC,NAS",,"Nassau, Bahamas, Disney Castaway Cay",56,No,WW0641,30887087,3PCV,Disney Wish,BAHAMAS,BAHAMAS,3,True,True,False,2028-03-17,2028-03-20,Port Canaveral,Port Canaveral
4,3_bahamian_port_canaveral,3-Night Bahamian Cruise from Port Canaveral,"GOC,NAS",,"Nassau, Bahamas, Disney Castaway Cay",56,No,DD1596,30468003,3PCV,Disney Dream,BAHAMAS,BAHAMAS,3,True,True,False,2027-07-30,2027-08-02,Port Canaveral,Port Canaveral
4,3_bahamian_port_canaveral,3-Night Bahamian Cruise from Port Canaveral,"GOC,NAS",,"Nassau, Bahamas, Disney Castaway Cay",56,No,DD1584,30467991,3PCV,Disney Dream,BAHAMAS,BAHAMAS,3,True,True,False,2027-06-18,2027-06-21,Port Canaveral,Port Canaveral
4,3_bahamian_port_canaveral,3-Night Bahamian Cruise from Port Canaveral,"GOC,NAS",,"Nassau, Bahamas, Disney Castaway Cay",56,No,DD1592,30467999,3PCV,Disney Dream,BAHAMAS,BAHAMAS,3,True,True,False,2027-07-16,2027-07-19,Port Canaveral,Port Canaveral
4,3_bahamian_port_canaveral,3-Night Bahamian Cruise from Port Canaveral,"GOC,NAS",,"Nassau, Bahamas, Disney Castaway Cay",56,No,DD1594,30468001,3PCV,Disney Dream,BAHAMAS,BAHAMAS,3,True,True,False,2027-07-23,2027-07-26,Port Canaveral,Port Canaveral
4,3_bahamian_port_canaveral,3-Night Bahamian Cruise from Port Canaveral,"GOC,NAS",,"Nassau, Bahamas, Disney Castaway Cay",56,No,DD1590,30467997,3PCV,Disney Dream,BAHAMAS,BAHAMAS,3,True,True,False,2027-07-09,2027-07-12,Port Canaveral,Port Canaveral
4,3_bahamian_port_canaveral,3-Night Bahamian Cruise from Port Canaveral,"GOC,NAS",,"Nassau, Bahamas, Disney Castaway Cay",56,No,DD1578,30063720,3PCV,Disney Dream,BAHAMAS,BAHAMAS,3,True,True,False,2027-05-28,2027-05-31,Port Canaveral,Port Canaveral
4,3_bahamian_port_canaveral,3-Night Bahamian Cruise from Port Canaveral,"GOC,NAS",,"Nassau, Bahamas, Disney Castaway Cay",56,No,WW0647,30887093,3PCV,Disney Wish,BAHAMAS,BAHAMAS,3,True,True,False,2028-04-07,2028-04-10,Port Canaveral,Port Canaveral
4,3_bahamian_port_canaveral,3-Night Bahamian Cruise from Port Canaveral,"GOC,NAS",,"Nassau, Bahamas, Disney Castaway Cay",56,No,DD1588,30467995,3PCV,Disney Dream,BAHAMAS,BAHAMAS,3,True,True,False,2027-07-02,2027-07-05,Port Canaveral,Port Canaveral
4,3_bahamian_port_canaveral,3-Night Bahamian Cruise from Port Canaveral,"GOC,NAS",,"Nassau, Bahamas, Disney Castaway Cay",56,No,WW0566,30062325,3PCV,Disney Wish,BAHAMAS,BAHAMAS,3,True,True,False,2027-03-26,2027-03-29,Port Canaveral,Port Canaveral
4,3_bahamian_port_canaveral,3-Night Bahamian Cruise from Port Canaveral,"GOC,NAS",,"Nassau, Bahamas, Disney Castaway Cay",56,No,WW0649,30887095,3PCV,Disney Wish,BAHAMAS,BAHAMAS,3,True,True,False,2028-04-14,2028-04-17,Port Canaveral,Port Canaveral
4,3_bahamian_port_canaveral,3-Night Bahamian Cruise from Port Canaveral,"GOC,NAS",,"Nassau, Bahamas, Disney Castaway Cay",56,No,WW0541,30062300,3PCV,Disney Wish,BAHAMAS,BAHAMAS,3,True,True,False,2026-12-28,2026-12-31,Port Canaveral,Port Canaveral
5,4_bahamian_fort_lauderdale_halloween,4-Night Bahamian Cruise from Fort Lauderdale,"LPT,NAS",,"Nassau, Bahamas, Disney Lookout Cay at Lighthouse Point",4,Yes,DD1523,30063662,4PEF,Disney Dream,BAHAMAS,BAHAMAS,4,True,True,False,2026-10-26,2026-10-30,Fort Lauderdale,Fort Lauderdale
5,4_bahamian_fort_lauderdale_halloween,4-Night Bahamian Cruise from Fort Lauderdale,"LPT,NAS",,"Nassau, Bahamas, Disney Lookout Cay at Lighthouse Point",4,Yes,WD0145,30853262,4PEF,Disney Destiny,BAHAMAS,BAHAMAS,4,True,True,False,2027-09-30,2027-10-04,Fort Lauderdale,Fort Lauderdale
5,4_bahamian_fort_lauderdale_halloween,4-Night Bahamian Cruise from Fort Lauderdale,"LPT,NAS",,"Nassau, Bahamas, Disney Lookout Cay at Lighthouse Point",4,Yes,WD0151,30853268,4PEF,Disney Destiny,BAHAMAS,BAHAMAS,4,True,True,False,2027-10-28,2027-11-01,Fort Lauderdale,Fort Lauderdale
5,4_bahamian_fort_lauderdale_halloween,4-Night Bahamian Cruise from Fort Lauderdale,"LPT,NAS",,"Nassau, Bahamas, Disney Lookout Cay at Lighthouse Point",4,Yes,WD0148,30853265,4PEF,Disney Destiny,BAHAMAS,BAHAMAS,4,True,True,False,2027-10-14,2027-10-18,Fort Lauderdale,Fort Lauderdale
5,4_western_caribbean_galveston,4-Night Western Caribbean Cruise from Galveston,PGO,,"Progreso, Mexico",13,No,DM1833,30885063,4GLS,Disney Magic,CARIBBEAN,WESTERN,4,True,True,False,2028-01-03,2028-01-07,Galveston,Galveston
5,4_western_caribbean_galveston,4-Night Western Caribbean Cruise from Galveston,PGO,,"Progreso, Mexico",13,No,DM1771,30063276,4GLS,Disney Magic,CARIBBEAN,WESTERN,4,True,True,False,2027-01-11,2027-01-15,Galveston,Galveston
5,4_western_caribbean_galveston,4-Night Western Caribbean Cruise from Galveston,PGO,,"Progreso, Mexico",13,No,DM1835,30885065,4GLS,Disney Magic,CARIBBEAN,WESTERN,4,True,True,False,2028-01-12,2028-01-16,Galveston,Galveston
5,4_western_caribbean_galveston,4-Night Western Caribbean Cruise from Galveston,PGO,,"Progreso, Mexico",13,No,DM1839,30885069,4GLS,Disney Magic,CARIBBEAN,WESTERN,4,True,True,False,2028-02-02,2028-02-06,Galveston,Galveston
5,4_western_caribbean_galveston,4-Night Western Caribbean Cruise from Galveston,PGO,,"Progreso, Mexico",13,No,DM1843,30885236,4GLS,Disney Magic,CARIBBEAN,WESTERN,4,True,True,False,2028-02-21,2028-02-25,Galveston,Galveston
5,4_western_caribbean_galveston,4-Night Western Caribbean Cruise from Galveston,PGO,,"Progreso, Mexico",13,No,DM1770,30063275,4GLS,Disney Magic,CARIBBEAN,WESTERN,4,True,True,False,2027-01-07,2027-01-11,Galveston,Galveston
5,4_western_caribbean_galveston,4-Night Western Caribbean Cruise from Galveston,PGO,,"Progreso, Mexico",13,No,DM1769,30063274,4GLS,Disney Magic,CARIBBEAN,WESTERN,4,True,True,False,2027-01-03,2027-01-07,Galveston,Galveston
5,4_western_caribbean_galveston,4-Night Western Caribbean Cruise from Galveston,PGO,,"Progreso, Mexico",13,No,DM1790,30063295,4GLS,Disney Magic,CARIBBEAN,WESTERN,4,True,True,False,2027-04-14,2027-04-18,Galveston,Galveston
5,4_western_caribbean_galveston,4-Night Western Caribbean Cruise from Galveston,PGO,,"Progreso, Mexico",13,No,DM1787,30063292,4GLS,Disney Magic,CARIBBEAN,WESTERN,4,True,True,False,2027-03-31,2027-04-04,Galveston,Galveston
5,4_western_caribbean_galveston,4-Night Western Caribbean Cruise from Galveston,PGO,,"Progreso, Mexico",13,No,DM1784,30063289,4GLS,Disney Magic,CARIBBEAN,WESTERN,4,True,True,False,2027-03-17,2027-03-21,Galveston,Galveston
5,4_western_caribbean_galveston,4-Night Western Caribbean Cruise from Galveston,PGO,,"Progreso, Mexico",13,No,DM1848,30885241,4GLS,Disney Magic,CARIBBEAN,WESTERN,4,True,True,False,2028-03-15,2028-03-19,Galveston,Galveston
5,4_western_caribbean_galveston,4-Night Western Caribbean Cruise from Galveston,PGO,,"Progreso, Mexico",13,No,DM1846,30885239,4GLS,Disney Magic,CARIBBEAN,WESTERN,4,True,True,False,2028-03-06,2028-03-10,Galveston,Galveston
5,4_western_caribbean_galveston,4-Night Western Caribbean Cruise from Galveston,PGO,,"Progreso, Mexico",13,No,DM1824,30885020,4GLS,Disney Magic,CARIBBEAN,WESTERN,4,True,True,False,2027-11-18,2027-11-22,Galveston,Galveston
5,4_bahamian_fort_lauderdale_halloween,4-Night Bahamian Cruise from Fort Lauderdale,"GOC,LPT",,"Disney Lookout Cay at Lighthouse Point, Disney Castaway Cay",2,Yes,DD1521,30063660,4PEF,Disney Dream,BAHAMAS,BAHAMAS,4,True,True,False,2026-10-19,2026-10-23,Fort Lauderdale,Fort Lauderdale
5,4_bahamian_fort_lauderdale_halloween,4-Night Bahamian Cruise from Fort Lauderdale,"GOC,LPT",,"Disney Lookout Cay at Lighthouse Point, Disney Castaway Cay",2,Yes,WD0141,30853258,4PEF,Disney Destiny,BAHAMAS,BAHAMAS,4,True,True,False,2027-09-13,2027-09-17,Fort Lauderdale,Fort Lauderdale
5,3_bahamian_fort_lauderdale_halloween,3-Night Bahamian Cruise from Fort Lauderdale,"LPT,NAS",,"Disney Lookout Cay at Lighthouse Point, Nassau, Bahamas",4,Yes,DD1520,30063659,3PEF,Disney Dream,BAHAMAS,BAHAMAS,3,True,True,False,2026-10-16,2026-10-19,Fort Lauderdale,Fort Lauderdale
5,3_bahamian_fort_lauderdale_halloween,3-Night Bahamian Cruise from Fort Lauderdale,"LPT,NAS",,"Disney Lookout Cay at Lighthouse Point, Nassau, Bahamas",4,Yes,DD1522,30063661,3PEF,Disney Dream,BAHAMAS,BAHAMAS,3,True,True,False,2026-10-23,2026-10-26,Fort Lauderdale,Fort Lauderdale
5,3_bahamian_fort_lauderdale_halloween,3-Night Bahamian Cruise from Fort Lauderdale,"LPT,NAS",,"Disney Lookout Cay at Lighthouse Point, Nassau, Bahamas",4,Yes,WD0140,30853257,3PEF,Disney Destiny,BAHAMAS,BAHAMAS,3,True,True,False,2027-09-10,2027-09-13,Fort Lauderdale,Fort Lauderdale
5,3_bahamian_fort_lauderdale_halloween,3-Night Bahamian Cruise from Fort Lauderdale,"LPT,NAS",,"Disney Lookout Cay at Lighthouse Point, Nassau, Bahamas",4,Yes,WD0142,30853259,3PEF,Disney Destiny,BAHAMAS,BAHAMAS,3,True,True,False,2027-09-17,2027-09-20,Fort Lauderdale,Fort Lauderdale
5,4_bahamian_fort_lauderdale_merrytime,4-Night Bahamian Cruise from Fort Lauderdale,"GOC,LPT",,"Disney Lookout Cay at Lighthouse Point, Disney Castaway Cay",8,Yes,DD1532,30063671,4PEF,Disney Dream,BAHAMAS,BAHAMAS,4,True,True,False,2026-11-30,2026-12-04,Fort Lauderdale,Fort Lauderdale
5,4_bahamian_fort_lauderdale_merrytime,4-Night Bahamian Cruise from Fort Lauderdale,"GOC,LPT",,"Disney Lookout Cay at Lighthouse Point, Disney Castaway Cay",8,Yes,DD1534,30063673,4PEF,Disney Dream,BAHAMAS,BAHAMAS,4,True,True,False,2026-12-07,2026-12-11,Fort Lauderdale,Fort Lauderdale
5,4_bahamian_fort_lauderdale_merrytime,4-Night Bahamian Cruise from Fort Lauderdale,"GOC,LPT",,"Disney Lookout Cay at Lighthouse Point, Disney Castaway Cay",8,Yes,DD1536,30063675,4PEF,Disney Dream,BAHAMAS,BAHAMAS,4,True,True,False,2026-12-14,2026-12-18,Fort Lauderdale,Fort Lauderdale
5,4_bahamian_fort_lauderdale_merrytime,4-Night Bahamian Cruise from Fort Lauderdale,"GOC,LPT",,"Disney Lookout Cay at Lighthouse Point, Disney Castaway Cay",8,Yes,DD1633,30888005,4PEF,Disney Dream,BAHAMAS,BAHAMAS,4,True,True,False,2027-12-06,2027-12-10,Fort Lauderdale,Fort Lauderdale
5,4_bahamian_fort_lauderdale_merrytime,4-Night Bahamian Cruise from Fort Lauderdale,"GOC,LPT",,"Disney Lookout Cay at Lighthouse Point, Disney Castaway Cay",8,Yes,WD0080,30077465,4PEF,Disney Destiny,BAHAMAS,BAHAMAS,4,True,True,False,2026-11-21,2026-11-25,Fort Lauderdale,Fort Lauderdale
5,4_bahamian_fort_lauderdale_merrytime,4-Night Bahamian Cruise from Fort Lauderdale,"GOC,LPT",,"Disney Lookout Cay at Lighthouse Point, Disney Castaway Cay",8,Yes,WD0156,30860641,4PEF,Disney Destiny,BAHAMAS,BAHAMAS,4,True,True,False,2027-11-20,2027-11-24,Fort Lauderdale,Fort Lauderdale
5,4_bahamian_fort_lauderdale_merrytime,4-Night Bahamian Cruise from Fort Lauderdale,"GOC,LPT",,"Disney Lookout Cay at Lighthouse Point, Disney Castaway Cay",8,Yes,DD1637,30888009,4PEF,Disney Dream,BAHAMAS,BAHAMAS,4,True,True,False,2027-12-20,2027-12-24,Fort Lauderdale,Fort Lauderdale
5,4_bahamian_fort_lauderdale_merrytime,4-Night Bahamian Cruise from Fort Lauderdale,"GOC,LPT",,"Disney Lookout Cay at Lighthouse Point, Disney Castaway Cay",8,Yes,WD0085,30056847,4PEF,Disney Destiny,BAHAMAS,BAHAMAS,4,True,True,False,2026-12-19,2026-12-23,Fort Lauderdale,Fort Lauderdale
6,4_bahamian_fort_lauderdale,4-Night Bahamian Cruise from Fort Lauderdale,"LPT,NAS",,"Disney Lookout Cay at Lighthouse Point, Nassau, Bahamas",22,No,DD1527,30063666,4PEF,Disney Dream,BAHAMAS,BAHAMAS,4,True,True,False,2026-11-09,2026-11-13,Fort Lauderdale,Fort Lauderdale
6,4_bahamian_fort_lauderdale,4-Night Bahamian Cruise from Fort Lauderdale,"LPT,NAS",,"Disney Lookout Cay at Lighthouse Point, Nassau, Bahamas",22,No,DD1649,30888262,4PEF,Disney Dream,BAHAMAS,BAHAMAS,4,True,True,False,2028-01-31,2028-02-04,Fort Lauderdale,Fort Lauderdale
6,4_bahamian_fort_lauderdale,4-Night Bahamian Cruise from Fort Lauderdale,"LPT,NAS",,"Disney Lookout Cay at Lighthouse Point, Nassau, Bahamas",22,No,DD1647,30888151,4PEF,Disney Dream,BAHAMAS,BAHAMAS,4,True,True,False,2028-01-24,2028-01-28,Fort Lauderdale,Fort Lauderdale
6,4_bahamian_fort_lauderdale,4-Night Bahamian Cruise from Fort Lauderdale,"LPT,NAS",,"Disney Lookout Cay at Lighthouse Point, Nassau, Bahamas",22,No,DD1544,30063683,4PEF,Disney Dream,BAHAMAS,BAHAMAS,4,True,True,False,2027-01-18,2027-01-22,Fort Lauderdale,Fort Lauderdale
6,4_bahamian_fort_lauderdale,4-Night Bahamian Cruise from Fort Lauderdale,"LPT,NAS",,"Disney Lookout Cay at Lighthouse Point, Nassau, Bahamas",22,No,DF0931,30867070,4PEF,Disney Fantasy,BAHAMAS,BAHAMAS,4,True,True,False,2028-01-08,2028-01-12,Fort Lauderdale,Fort Lauderdale
6,4_bahamian_fort_lauderdale,4-Night Bahamian Cruise from Fort Lauderdale,"LPT,NAS",,"Disney Lookout Cay at Lighthouse Point, Nassau, Bahamas",22,No,DD1645,30888149,4PEF,Disney Dream,BAHAMAS,BAHAMAS,4,True,True,False,2028-01-17,2028-01-21,Fort Lauderdale,Fort Lauderdale
6,4_bahamian_fort_lauderdale,4-Night Bahamian Cruise from Fort Lauderdale,"LPT,NAS",,"Disney Lookout Cay at Lighthouse Point, Nassau, Bahamas",22,No,DD1643,30888147,4PEF,Disney Dream,BAHAMAS,BAHAMAS,4,True,True,False,2028-01-10,2028-01-14,Fort Lauderdale,Fort Lauderdale
6,4_bahamian_fort_lauderdale,4-Night Bahamian Cruise from Fort Lauderdale,"LPT,NAS",,"Disney Lookout Cay at Lighthouse Point, Nassau, Bahamas",22,No,DF0934,30867073,4PEF,Disney Fantasy,BAHAMAS,BAHAMAS,4,True,True,False,2028-01-22,2028-01-26,Fort Lauderdale,Fort Lauderdale
6,4_bahamian_fort_lauderdale,4-Night Bahamian Cruise from Fort Lauderdale,"LPT,NAS",,"Disney Lookout Cay at Lighthouse Point, Nassau, Bahamas",22,No,DD1641,30888145,4PEF,Disney Dream,BAHAMAS,BAHAMAS,4,True,True,False,2028-01-03,2028-01-07,Fort Lauderdale,Fort Lauderdale
6,4_bahamian_fort_lauderdale,4-Night Bahamian Cruise from Fort Lauderdale,"LPT,NAS",,"Disney Lookout Cay at Lighthouse Point, Nassau, Bahamas",22,No,DD1554,30063693,4PEF,Disney Dream,BAHAMAS,BAHAMAS,4,True,True,False,2027-03-01,2027-03-05,Fort Lauderdale,Fort Lauderdale
6,4_bahamian_fort_lauderdale,4-Night Bahamian Cruise from Fort Lauderdale,"LPT,NAS",,"Disney Lookout Cay at Lighthouse Point, Nassau, Bahamas",22,No,WD0112,30056874,4PEF,Disney Destiny,BAHAMAS,BAHAMAS,4,True,True,False,2027-04-29,2027-05-03,Fort Lauderdale,Fort Lauderdale
6,4_bahamian_fort_lauderdale,4-Night Bahamian Cruise from Fort Lauderdale,"LPT,NAS",,"Disney Lookout Cay at Lighthouse Point, Nassau, Bahamas",22,No,DD1655,30888268,4PEF,Disney Dream,BAHAMAS,BAHAMAS,4,True,True,False,2028-02-21,2028-02-25,Fort Lauderdale,Fort Lauderdale
6,4_bahamian_fort_lauderdale,4-Night Bahamian Cruise from Fort Lauderdale,"LPT,NAS",,"Disney Lookout Cay at Lighthouse Point, Nassau, Bahamas",22,No,WD0109,30056871,4PEF,Disney Destiny,BAHAMAS,BAHAMAS,4,True,True,False,2027-04-15,2027-04-19,Fort Lauderdale,Fort Lauderdale
6,4_bahamian_fort_lauderdale,4-Night Bahamian Cruise from Fort Lauderdale,"LPT,NAS",,"Disney Lookout Cay at Lighthouse Point, Nassau, Bahamas",22,No,DF0939,30867078,4PEF,Disney Fantasy,BAHAMAS,BAHAMAS,4,True,True,False,2028-02-19,2028-02-23,Fort Lauderdale,Fort Lauderdale
6,4_bahamian_fort_lauderdale,4-Night Bahamian Cruise from Fort Lauderdale,"LPT,NAS",,"Disney Lookout Cay at Lighthouse Point, Nassau, Bahamas",22,No,WD0115,30056877,4PEF,Disney Destiny,BAHAMAS,BAHAMAS,4,True,True,False,2027-05-13,2027-05-17,Fort Lauderdale,Fort Lauderdale
6,4_bahamian_fort_lauderdale,4-Night Bahamian Cruise from Fort Lauderdale,"LPT,NAS",,"Disney Lookout Cay at Lighthouse Point, Nassau, Bahamas",22,No,DD1665,30888329,4PEF,Disney Dream,BAHAMAS,BAHAMAS,4,True,True,False,2028-03-27,2028-03-31,Fort Lauderdale,Fort Lauderdale
6,4_bahamian_fort_lauderdale,4-Night Bahamian Cruise from Fort Lauderdale,"LPT,NAS",,"Disney Lookout Cay at Lighthouse Point, Nassau, Bahamas",22,No,DD1663,30888327,4PEF,Disney Dream,BAHAMAS,BAHAMAS,4,True,True,False,2028-03-20,2028-03-24,Fort Lauderdale,Fort Lauderdale
6,4_bahamian_fort_lauderdale,4-Night Bahamian Cruise from Fort Lauderdale,"LPT,NAS",,"Disney Lookout Cay at Lighthouse Point, Nassau, Bahamas",22,No,DD1551,30063690,4PEF,Disney Dream,BAHAMAS,BAHAMAS,4,True,True,False,2027-02-15,2027-02-19,Fort Lauderdale,Fort Lauderdale
6,4_bahamian_fort_lauderdale,4-Night Bahamian Cruise from Fort Lauderdale,"LPT,NAS",,"Disney Lookout Cay at Lighthouse Point, Nassau, Bahamas",22,No,DD1558,30063697,4PEF,Disney Dream,BAHAMAS,BAHAMAS,4,True,True,False,2027-03-15,2027-03-19,Fort Lauderdale,Fort Lauderdale
6,4_bahamian_fort_lauderdale,4-Night Bahamian Cruise from Fort Lauderdale,"LPT,NAS",,"Disney Lookout Cay at Lighthouse Point, Nassau, Bahamas",22,No,DD1669,30888333,4PEF,Disney Dream,BAHAMAS,BAHAMAS,4,True,True,False,2028-04-10,2028-04-14,Fort Lauderdale,Fort Lauderdale
6,4_bahamian_fort_lauderdale,4-Night Bahamian Cruise from Fort Lauderdale,"LPT,NAS",,"Disney Lookout Cay at Lighthouse Point, Nassau, Bahamas",22,No,DD1562,30063701,4PEF,Disney Dream,BAHAMAS,BAHAMAS,4,True,True,False,2027-03-29,2027-04-02,Fort Lauderdale,Fort Lauderdale
6,4_bahamian_fort_lauderdale,4-Night Bahamian Cruise from Fort Lauderdale,"LPT,NAS",,"Disney Lookout Cay at Lighthouse Point, Nassau, Bahamas",22,No,DD1640,30888144,4PEF,Disney Dream,BAHAMAS,BAHAMAS,4,True,True,False,2027-12-30,2028-01-03,Fort Lauderdale,Fort Lauderdale
6,5_mexican_riviera_san_diego_merrytime,5-Night Mexican Riviera Cruise from San Diego,"CSL,ESE",,"Cabo San Lucas, Mexico, Ensenada, Mexico",2,Yes,DW2217,30076953,5SAN,Disney Wonder,MEXICAN RIVIERA,BAJA,5,True,True,False,2026-11-29,2026-12-04,San Diego,San Diego
6,5_mexican_riviera_san_diego_merrytime,5-Night Mexican Riviera Cruise from San Diego,"CSL,ESE",,"Cabo San Lucas, Mexico, Ensenada, Mexico",2,Yes,DW2294,30867334,5SAN,Disney Wonder,MEXICAN RIVIERA,BAJA,5,True,True,False,2027-11-23,2027-11-28,San Diego,San Diego
6,3_bahamian_port_canaveral_merrytime,3-Night Bahamian Cruise from Port Canaveral,"GOC,NAS",,"Nassau, Bahamas, Disney Castaway Cay",13,Yes,WW0536,30062295,3PCV,Disney Wish,BAHAMAS,BAHAMAS,3,True,True,False,2026-12-11,2026-12-14,Port Canaveral,Port Canaveral
6,3_bahamian_port_canaveral_merrytime,3-Night Bahamian Cruise from Port Canaveral,"GOC,NAS",,"Nassau, Bahamas, Disney Castaway Cay",13,Yes,WW0534,30062293,3PCV,Disney Wish,BAHAMAS,BAHAMAS,3,True,True,False,2026-12-04,2026-12-07,Port Canaveral,Port Canaveral
6,3_bahamian_port_canaveral_merrytime,3-Night Bahamian Cruise from Port Canaveral,"GOC,NAS",,"Nassau, Bahamas, Disney Castaway Cay",13,Yes,WW0528,30062287,3PCV,Disney Wish,BAHAMAS,BAHAMAS,3,True,True,False,2026-11-13,2026-11-16,Port Canaveral,Port Canaveral
6,3_bahamian_port_canaveral_merrytime,3-Night Bahamian Cruise from Port Canaveral,"GOC,NAS",,"Nassau, Bahamas, Disney Castaway Cay",13,Yes,WW0530,30062289,3PCV,Disney Wish,BAHAMAS,BAHAMAS,3,True,True,False,2026-11-20,2026-11-23,Port Canaveral,Port Canaveral
6,3_bahamian_port_canaveral_merrytime,3-Night Bahamian Cruise from Port Canaveral,"GOC,NAS",,"Nassau, Bahamas, Disney Castaway Cay",13,Yes,DD1627,30887999,3PCV,Disney Dream,BAHAMAS,BAHAMAS,3,True,True,False,2027-11-15,2027-11-18,Port Canaveral,Port Canaveral
6,3_bahamian_port_canaveral_merrytime,3-Night Bahamian Cruise from Port Canaveral,"GOC,NAS",,"Nassau, Bahamas, Disney Castaway Cay",13,Yes,WW0532,30062291,3PCV,Disney Wish,BAHAMAS,BAHAMAS,3,True,True,False,2026-11-27,2026-11-30,Port Canaveral,Port Canaveral
6,3_bahamian_port_canaveral_merrytime,3-Night Bahamian Cruise from Port Canaveral,"GOC,NAS",,"Nassau, Bahamas, Disney Castaway Cay",13,Yes,DD1626,30887998,3PCV,Disney Dream,BAHAMAS,BAHAMAS,3,True,True,False,2027-11-12,2027-11-15,Port Canaveral,Port Canaveral
6,3_bahamian_port_canaveral_merrytime,3-Night Bahamian Cruise from Port Canaveral,"GOC,NAS",,"Nassau, Bahamas, Disney Castaway Cay",13,Yes,WW0613,30887059,3PCV,Disney Wish,BAHAMAS,BAHAMAS,3,True,True,False,2027-12-10,2027-12-13,Port Canaveral,Port Canaveral
6,3_bahamian_port_canaveral_merrytime,3-Night Bahamian Cruise from Port Canaveral,"GOC,NAS",,"Nassau, Bahamas, Disney Castaway Cay",13,Yes,WW0538,30062297,3PCV,Disney Wish,BAHAMAS,BAHAMAS,3,True,True,False,2026-12-18,2026-12-21,Port Canaveral,Port Canaveral
6,3_bahamian_port_canaveral_merrytime,3-Night Bahamian Cruise from Port Canaveral,"GOC,NAS",,"Nassau, Bahamas, Disney Castaway Cay",13,Yes,WW0611,30887057,3PCV,Disney Wish,BAHAMAS,BAHAMAS,3,True,True,False,2027-12-03,2027-12-06,Port Canaveral,Port Canaveral
6,3_bahamian_port_canaveral_merrytime,3-Night Bahamian Cruise from Port Canaveral,"GOC,NAS",,"Nassau, Bahamas, Disney Castaway Cay",13,Yes,WW0607,30887053,3PCV,Disney Wish,BAHAMAS,BAHAMAS,3,True,True,False,2027-11-19,2027-11-22,Port Canaveral,Port Canaveral
6,3_bahamian_port_canaveral_merrytime,3-Night Bahamian Cruise from Port Canaveral,"GOC,NAS",,"Nassau, Bahamas, Disney Castaway Cay",13,Yes,WW0609,30887055,3PCV,Disney Wish,BAHAMAS,BAHAMAS,3,True,True,False,2027-11-26,2027-11-29,Port Canaveral,Port Canaveral
6,3_bahamian_port_canaveral_merrytime,3-Night Bahamian Cruise from Port Canaveral,"GOC,NAS",,"Nassau, Bahamas, Disney Castaway Cay",13,Yes,WW0615,30887061,3PCV,Disney Wish,BAHAMAS,BAHAMAS,3,True,True,False,2027-12-17,2027-12-20,Port Canaveral,Port Canaveral
6,4_bahamian_fort_lauderdale,4-Night Bahamian Cruise from Fort Lauderdale,"GOC,LPT",,"Disney Castaway Cay, Disney Lookout Cay at Lighthouse Point",15,No,DD1525,30063664,4PEF,Disney Dream,BAHAMAS,BAHAMAS,4,True,True,False,2026-11-02,2026-11-06,Fort Lauderdale,Fort Lauderdale
6,4_bahamian_fort_lauderdale,4-Night Bahamian Cruise from Fort Lauderdale,"GOC,LPT",,"Disney Castaway Cay, Disney Lookout Cay at Lighthouse Point",15,No,DF0932,30867071,4PEF,Disney Fantasy,BAHAMAS,BAHAMAS,4,True,True,False,2028-01-12,2028-01-16,Fort Lauderdale,Fort Lauderdale
6,4_bahamian_fort_lauderdale,4-Night Bahamian Cruise from Fort Lauderdale,"GOC,LPT",,"Disney Castaway Cay, Disney Lookout Cay at Lighthouse Point",15,No,DF0935,30867074,4PEF,Disney Fantasy,BAHAMAS,BAHAMAS,4,True,True,False,2028-01-26,2028-01-30,Fort Lauderdale,Fort Lauderdale
6,4_bahamian_fort_lauderdale,4-Night Bahamian Cruise from Fort Lauderdale,"GOC,LPT",,"Disney Castaway Cay, Disney Lookout Cay at Lighthouse Point",15,No,DD1547,30063686,4PEF,Disney Dream,BAHAMAS,BAHAMAS,4,True,True,False,2027-02-01,2027-02-05,Fort Lauderdale,Fort Lauderdale
6,4_bahamian_fort_lauderdale,4-Night Bahamian Cruise from Fort Lauderdale,"GOC,LPT",,"Disney Castaway Cay, Disney Lookout Cay at Lighthouse Point",15,No,DD1657,30888270,4PEF,Disney Dream,BAHAMAS,BAHAMAS,4,True,True,False,2028-02-28,2028-03-03,Fort Lauderdale,Fort Lauderdale
6,4_bahamian_fort_lauderdale,4-Night Bahamian Cruise from Fort Lauderdale,"GOC,LPT",,"Disney Castaway Cay, Disney Lookout Cay at Lighthouse Point",15,No,DD1542,30063681,4PEF,Disney Dream,BAHAMAS,BAHAMAS,4,True,True,False,2027-01-11,2027-01-15,Fort Lauderdale,Fort Lauderdale
6,4_bahamian_fort_lauderdale,4-Night Bahamian Cruise from Fort Lauderdale,"GOC,LPT",,"Disney Castaway Cay, Disney Lookout Cay at Lighthouse Point",15,No,WD0137,30469037,4PEF,Disney Destiny,BAHAMAS,BAHAMAS,4,True,True,False,2027-08-30,2027-09-03,Fort Lauderdale,Fort Lauderdale
6,4_bahamian_fort_lauderdale,4-Night Bahamian Cruise from Fort Lauderdale,"GOC,LPT",,"Disney Castaway Cay, Disney Lookout Cay at Lighthouse Point",15,No,DD1549,30063688,4PEF,Disney Dream,BAHAMAS,BAHAMAS,4,True,True,False,2027-02-08,2027-02-12,Fort Lauderdale,Fort Lauderdale
6,4_bahamian_fort_lauderdale,4-Night Bahamian Cruise from Fort Lauderdale,"GOC,LPT",,"Disney Castaway Cay, Disney Lookout Cay at Lighthouse Point",15,No,WD0135,30469035,4PEF,Disney Destiny,BAHAMAS,BAHAMAS,4,True,True,False,2027-08-23,2027-08-27,Fort Lauderdale,Fort Lauderdale
6,4_bahamian_fort_lauderdale,4-Night Bahamian Cruise from Fort Lauderdale,"GOC,LPT",,"Disney Castaway Cay, Disney Lookout Cay at Lighthouse Point",15,No,DF0940,30867079,4PEF,Disney Fantasy,BAHAMAS,BAHAMAS,4,True,True,False,2028-02-23,2028-02-27,Fort Lauderdale,Fort Lauderdale
6,4_bahamian_fort_lauderdale,4-Night Bahamian Cruise from Fort Lauderdale,"GOC,LPT",,"Disney Castaway Cay, Disney Lookout Cay at Lighthouse Point",15,No,WD0139,30469039,4PEF,Disney Destiny,BAHAMAS,BAHAMAS,4,True,True,False,2027-09-06,2027-09-10,Fort Lauderdale,Fort Lauderdale
6,4_bahamian_fort_lauderdale,4-Night Bahamian Cruise from Fort Lauderdale,"GOC,LPT",,"Disney Castaway Cay, Disney Lookout Cay at Lighthouse Point",15,No,DD1556,30063695,4PEF,Disney Dream,BAHAMAS,BAHAMAS,4,True,True,False,2027-03-08,2027-03-12,Fort Lauderdale,Fort Lauderdale
6,4_bahamian_fort_lauderdale,4-Night Bahamian Cruise from Fort Lauderdale,"GOC,LPT",,"Disney Castaway Cay, Disney Lookout Cay at Lighthouse Point",15,No,DD1564,30063703,4PEF,Disney Dream,BAHAMAS,BAHAMAS,4,True,True,False,2027-04-05,2027-04-09,Fort Lauderdale,Fort Lauderdale
6,4_bahamian_fort_lauderdale,4-Night Bahamian Cruise from Fort Lauderdale,"GOC,LPT",,"Disney Castaway Cay, Disney Lookout Cay at Lighthouse Point",15,No,DD1661,30888325,4PEF,Disney Dream,BAHAMAS,BAHAMAS,4,True,True,False,2028-03-13,2028-03-17,Fort Lauderdale,Fort Lauderdale
6,4_bahamian_fort_lauderdale,4-Night Bahamian Cruise from Fort Lauderdale,"GOC,LPT",,"Disney Castaway Cay, Disney Lookout Cay at Lighthouse Point",15,No,DD1560,30063699,4PEF,Disney Dream,BAHAMAS,BAHAMAS,4,True,True,False,2027-03-22,2027-03-26,Fort Lauderdale,Fort Lauderdale
6,4_baja_san_diego_halloween,4-Night Baja Cruise from San Diego,"CKI,ESE",,"Catalina Island, California, Ensenada, Mexico",5,Yes,DW2281,30867321,4SAN,Disney Wonder,MEXICAN RIVIERA,BAJA,4,True,True,False,2027-10-04,2027-10-08,San Diego,San Diego
6,4_baja_san_diego_halloween,4-Night Baja Cruise from San Diego,"CKI,ESE",,"Catalina Island, California, Ensenada, Mexico",5,Yes,DW2285,30867325,4SAN,Disney Wonder,MEXICAN RIVIERA,BAJA,4,True,True,False,2027-10-18,2027-10-22,San Diego,San Diego
6,4_baja_san_diego_halloween,4-Night Baja Cruise from San Diego,"CKI,ESE",,"Catalina Island, California, Ensenada, Mexico",5,Yes,DW2288,30867328,4SAN,Disney Wonder,MEXICAN RIVIERA,BAJA,4,True,True,False,2027-10-31,2027-11-04,San Diego,San Diego
6,4_baja_san_diego_halloween,4-Night Baja Cruise from San Diego,"CKI,ESE",,"Catalina Island, California, Ensenada, Mexico",5,Yes,DW2283,30867323,4SAN,Disney Wonder,MEXICAN RIVIERA,BAJA,4,True,True,False,2027-10-11,2027-10-15,San Diego,San Diego
6,4_baja_san_diego_halloween,4-Night Baja Cruise from San Diego,"CKI,ESE",,"Catalina Island, California, Ensenada, Mexico",5,Yes,DW2286,30867326,4SAN,Disney Wonder,MEXICAN RIVIERA,BAJA,4,True,True,False,2027-10-22,2027-10-26,San Diego,San Diego
7,3_bahamian_port_canaveral_halloween,3-Night Bahamian Cruise from Port Canaveral,"GOC,NAS",,"Nassau, Bahamas, Disney Castaway Cay",12,Yes,DD1608,30887980,3PCV,Disney Dream,BAHAMAS,BAHAMAS,3,True,True,False,2027-09-10,2027-09-13,Port Canaveral,Port Canaveral
7,3_bahamian_port_canaveral_halloween,3-Night Bahamian Cruise from Port Canaveral,"GOC,NAS",,"Nassau, Bahamas, Disney Castaway Cay",12,Yes,DD1610,30887982,3PCV,Disney Dream,BAHAMAS,BAHAMAS,3,True,True,False,2027-09-17,2027-09-20,Port Canaveral,Port Canaveral
7,3_bahamian_port_canaveral_halloween,3-Night Bahamian Cruise from Port Canaveral,"GOC,NAS",,"Nassau, Bahamas, Disney Castaway Cay",12,Yes,DD1612,30887984,3PCV,Disney Dream,BAHAMAS,BAHAMAS,3,True,True,False,2027-09-24,2027-09-27,Port Canaveral,Port Canaveral
7,3_bahamian_port_canaveral_halloween,3-Night Bahamian Cruise from Port Canaveral,"GOC,NAS",,"Nassau, Bahamas, Disney Castaway Cay",12,Yes,DD1614,30887986,3PCV,Disney Dream,BAHAMAS,BAHAMAS,3,True,True,False,2027-10-01,2027-10-04,Port Canaveral,Port Canaveral
7,3_bahamian_port_canaveral_halloween,3-Night Bahamian Cruise from Port Canaveral,"GOC,NAS",,"Nassau, Bahamas, Disney Castaway Cay",12,Yes,DD1618,30887990,3PCV,Disney Dream,BAHAMAS,BAHAMAS,3,True,True,False,2027-10-15,2027-10-18,Port Canaveral,Port Canaveral
7,3_bahamian_port_canaveral_halloween,3-Night Bahamian Cruise from Port Canaveral,"GOC,NAS",,"Nassau, Bahamas, Disney Castaway Cay",12,Yes,DD1620,30887992,3PCV,Disney Dream,BAHAMAS,BAHAMAS,3,True,True,False,2027-10-22,2027-10-25,Port Canaveral,Port Canaveral
7,3_bahamian_port_canaveral_halloween,3-Night Bahamian Cruise from Port Canaveral,"GOC,NAS",,"Nassau, Bahamas, Disney Castaway Cay",12,Yes,DD1622,30887994,3PCV,Disney Dream,BAHAMAS,BAHAMAS,3,True,True,False,2027-10-29,2027-11-01,Port Canaveral,Port Canaveral
7,3_bahamian_port_canaveral_halloween,3-Night Bahamian Cruise from Port Canaveral,"GOC,NAS",,"Nassau, Bahamas, Disney Castaway Cay",12,Yes,WW0524,30062283,3PCV,Disney Wish,BAHAMAS,BAHAMAS,3,True,True,False,2026-10-30,2026-11-02,Port Canaveral,Port Canaveral
7,3_bahamian_port_canaveral_halloween,3-Night Bahamian Cruise from Port Canaveral,"GOC,NAS",,"Nassau, Bahamas, Disney Castaway Cay",12,Yes,DD1616,30887988,3PCV,Disney Dream,BAHAMAS,BAHAMAS,3,True,True,False,2027-10-08,2027-10-11,Port Canaveral,Port Canaveral
7,3_bahamian_port_canaveral_halloween,3-Night Bahamian Cruise from Port Canaveral,"GOC,NAS",,"Nassau, Bahamas, Disney Castaway Cay",12,Yes,WW0522,30062281,3PCV,Disney Wish,BAHAMAS,BAHAMAS,3,True,True,False,2026-10-23,2026-10-26,Port Canaveral,Port Canaveral
7,3_bahamian_port_canaveral_halloween,3-Night Bahamian Cruise from Port Canaveral,"GOC,NAS",,"Nassau, Bahamas, Disney Castaway Cay",12,Yes,WW0520,30062279,3PCV,Disney Wish,BAHAMAS,BAHAMAS,3,True,True,False,2026-10-16,2026-10-19,Port Canaveral,Port Canaveral
7,3_bahamian_port_canaveral_halloween,3-Night Bahamian Cruise from Port Canaveral,"GOC,NAS",,"Nassau, Bahamas, Disney Castaway Cay",12,Yes,WW0518,30062277,3PCV,Disney Wish,BAHAMAS,BAHAMAS,3,True,True,False,2026-10-09,2026-10-12,Port Canaveral,Port Canaveral
7,6_mexican_riviera_san_diego_merrytime,6-Night Mexican Riviera Cruise from San Diego,"CSL,ESE",,"Ensenada, Mexico, Cabo San Lucas, Mexico",1,Yes,DW2215,30076951,6SAN,Disney Wonder,MEXICAN RIVIERA,BAJA,6,True,True,False,2026-11-16,2026-11-22,San Diego,San Diego
7,4_bahamian_port_canaveral_halloween,4-Night Bahamian Cruise from Port Canaveral,"GOC,LPT",,"Disney Castaway Cay, Disney Lookout Cay at Lighthouse Point",15,Yes,DF0836,30056313,4PCV,Disney Fantasy,BAHAMAS,BAHAMAS,4,True,True,False,2026-10-28,2026-11-01,Port Canaveral,Port Canaveral
7,4_bahamian_port_canaveral_halloween,4-Night Bahamian Cruise from Port Canaveral,"GOC,LPT",,"Disney Castaway Cay, Disney Lookout Cay at Lighthouse Point",15,Yes,WW0523,30062282,4PCV,Disney Wish,BAHAMAS,BAHAMAS,4,True,True,False,2026-10-26,2026-10-30,Port Canaveral,Port Canaveral
7,4_bahamian_port_canaveral_halloween,4-Night Bahamian Cruise from Port Canaveral,"GOC,LPT",,"Disney Castaway Cay, Disney Lookout Cay at Lighthouse Point",15,Yes,DF0908,30866882,4PCV,Disney Fantasy,BAHAMAS,BAHAMAS,4,True,True,False,2027-09-15,2027-09-19,Port Canaveral,Port Canaveral
7,4_bahamian_port_canaveral_halloween,4-Night Bahamian Cruise from Port Canaveral,"GOC,LPT",,"Disney Castaway Cay, Disney Lookout Cay at Lighthouse Point",15,Yes,DF0917,30866891,4PCV,Disney Fantasy,BAHAMAS,BAHAMAS,4,True,True,False,2027-10-27,2027-10-31,Port Canaveral,Port Canaveral
7,4_bahamian_port_canaveral_halloween,4-Night Bahamian Cruise from Port Canaveral,"GOC,LPT",,"Disney Castaway Cay, Disney Lookout Cay at Lighthouse Point",15,Yes,DF0911,30866885,4PCV,Disney Fantasy,BAHAMAS,BAHAMAS,4,True,True,False,2027-09-29,2027-10-03,Port Canaveral,Port Canaveral
7,4_bahamian_port_canaveral_halloween,4-Night Bahamian Cruise from Port Canaveral,"GOC,LPT",,"Disney Castaway Cay, Disney Lookout Cay at Lighthouse Point",15,Yes,DD1609,30887981,4PCV,Disney Dream,BAHAMAS,BAHAMAS,4,True,True,False,2027-09-13,2027-09-17,Port Canaveral,Port Canaveral
7,4_bahamian_port_canaveral_halloween,4-Night Bahamian Cruise from Port Canaveral,"GOC,LPT",,"Disney Castaway Cay, Disney Lookout Cay at Lighthouse Point",15,Yes,DD1611,30887983,4PCV,Disney Dream,BAHAMAS,BAHAMAS,4,True,True,False,2027-09-20,2027-09-24,Port Canaveral,Port Canaveral
7,4_bahamian_port_canaveral_halloween,4-Night Bahamian Cruise from Port Canaveral,"GOC,LPT",,"Disney Castaway Cay, Disney Lookout Cay at Lighthouse Point",15,Yes,DD1613,30887985,4PCV,Disney Dream,BAHAMAS,BAHAMAS,4,True,True,False,2027-09-27,2027-10-01,Port Canaveral,Port Canaveral
7,4_bahamian_port_canaveral_halloween,4-Night Bahamian Cruise from Port Canaveral,"GOC,LPT",,"Disney Castaway Cay, Disney Lookout Cay at Lighthouse Point",15,Yes,DF0914,30866888,4PCV,Disney Fantasy,BAHAMAS,BAHAMAS,4,True,True,False,2027-10-13,2027-10-17,Port Canaveral,Port Canaveral
7,4_bahamian_port_canaveral_halloween,4-Night Bahamian Cruise from Port Canaveral,"GOC,LPT",,"Disney Castaway Cay, Disney Lookout Cay at Lighthouse Point",15,Yes,DD1615,30887987,4PCV,Disney Dream,BAHAMAS,BAHAMAS,4,True,True,False,2027-10-04,2027-10-08,Port Canaveral,Port Canaveral
7,4_bahamian_port_canaveral_halloween,4-Night Bahamian Cruise from Port Canaveral,"GOC,LPT",,"Disney Castaway Cay, Disney Lookout Cay at Lighthouse Point",15,Yes,DD1619,30887991,4PCV,Disney Dream,BAHAMAS,BAHAMAS,4,True,True,False,2027-10-18,2027-10-22,Port Canaveral,Port Canaveral
7,4_bahamian_port_canaveral_halloween,4-Night Bahamian Cruise from Port Canaveral,"GOC,LPT",,"Disney Castaway Cay, Disney Lookout Cay at Lighthouse Point",15,Yes,DD1621,30887993,4PCV,Disney Dream,BAHAMAS,BAHAMAS,4,True,True,False,2027-10-25,2027-10-29,Port Canaveral,Port Canaveral
7,4_bahamian_port_canaveral_halloween,4-Night Bahamian Cruise from Port Canaveral,"GOC,LPT",,"Disney Castaway Cay, Disney Lookout Cay at Lighthouse Point",15,Yes,DD1617,30887989,4PCV,Disney Dream,BAHAMAS,BAHAMAS,4,True,True,False,2027-10-11,2027-10-15,Port Canaveral,Port Canaveral
7,4_bahamian_port_canaveral_halloween,4-Night Bahamian Cruise from Port Canaveral,"GOC,LPT",,"Disney Castaway Cay, Disney Lookout Cay at Lighthouse Point",15,Yes,DF0833,30056310,4PCV,Disney Fantasy,BAHAMAS,BAHAMAS,4,True,True,False,2026-10-14,2026-10-18,Port Canaveral,Port Canaveral
7,4_bahamian_port_canaveral_halloween,4-Night Bahamian Cruise from Port Canaveral,"GOC,LPT",,"Disney Castaway Cay, Disney Lookout Cay at Lighthouse Point",15,Yes,WW0519,30062278,4PCV,Disney Wish,BAHAMAS,BAHAMAS,4,True,True,False,2026-10-12,2026-10-16,Port Canaveral,Port Canaveral
7,5_western_caribbean_galveston_merrytime,5-Night Western Caribbean Cruise from Galveston,"CZM,PGO",,"Cozumel, Mexico, Progreso, Mexico",9,Yes,DM1763,30063268,5GLS,Disney Magic,CARIBBEAN,WESTERN,5,True,True,False,2026-12-04,2026-12-09,Galveston,Galveston
7,5_western_caribbean_galveston_merrytime,5-Night Western Caribbean Cruise from Galveston,"CZM,PGO",,"Cozumel, Mexico, Progreso, Mexico",9,Yes,DM1762,30063267,5GLS,Disney Magic,CARIBBEAN,WESTERN,5,True,True,False,2026-11-29,2026-12-04,Galveston,Galveston
7,5_western_caribbean_galveston_merrytime,5-Night Western Caribbean Cruise from Galveston,"CZM,PGO",,"Cozumel, Mexico, Progreso, Mexico",9,Yes,DM1827,30885023,5GLS,Disney Magic,CARIBBEAN,WESTERN,5,True,True,False,2027-12-03,2027-12-08,Galveston,Galveston
7,5_western_caribbean_galveston_merrytime,5-Night Western Caribbean Cruise from Galveston,"CZM,PGO",,"Cozumel, Mexico, Progreso, Mexico",9,Yes,DM1828,30885024,5GLS,Disney Magic,CARIBBEAN,WESTERN,5,True,True,False,2027-12-08,2027-12-13,Galveston,Galveston
7,5_western_caribbean_galveston_merrytime,5-Night Western Caribbean Cruise from Galveston,"CZM,PGO",,"Cozumel, Mexico, Progreso, Mexico",9,Yes,DM1766,30063271,5GLS,Disney Magic,CARIBBEAN,WESTERN,5,True,True,False,2026-12-17,2026-12-22,Galveston,Galveston
7,5_western_caribbean_galveston_merrytime,5-Night Western Caribbean Cruise from Galveston,"CZM,PGO",,"Cozumel, Mexico, Progreso, Mexico",9,Yes,DM1830,30885026,5GLS,Disney Magic,CARIBBEAN,WESTERN,5,True,True,False,2027-12-17,2027-12-22,Galveston,Galveston
7,5_western_caribbean_galveston_merrytime,5-Night Western Caribbean Cruise from Galveston,"CZM,PGO",,"Cozumel, Mexico, Progreso, Mexico",9,Yes,DM1760,30063265,5GLS,Disney Magic,CARIBBEAN,WESTERN,5,True,True,False,2026-11-20,2026-11-25,Galveston,Galveston
7,5_western_caribbean_galveston_merrytime,5-Night Western Caribbean Cruise from Galveston,"CZM,PGO",,"Cozumel, Mexico, Progreso, Mexico",9,Yes,DM1831,30885027,5GLS,Disney Magic,CARIBBEAN,WESTERN,5,True,True,False,2027-12-22,2027-12-27,Galveston,Galveston
7,5_western_caribbean_galveston_merrytime,5-Night Western Caribbean Cruise from Galveston,"CZM,PGO",,"Cozumel, Mexico, Progreso, Mexico",9,Yes,DM1767,30063272,5GLS,Disney Magic,CARIBBEAN,WESTERN,5,True,True,False,2026-12-22,2026-12-27,Galveston,Galveston
7,6_mexican_riviera_san_diego_halloween,6-Night Mexican Riviera Cruise from San Diego,"CSL,ESE",,"Cabo San Lucas, Mexico, Ensenada, Mexico",4,Yes,DW2210,30076946,6SAN,Disney Wonder,MEXICAN RIVIERA,BAJA,6,True,True,False,2026-10-27,2026-11-02,San Diego,San Diego
7,6_mexican_riviera_san_diego_halloween,6-Night Mexican Riviera Cruise from San Diego,"CSL,ESE",,"Cabo San Lucas, Mexico, Ensenada, Mexico",4,Yes,DM1757,30063388,6SAN,Disney Magic,MEXICAN RIVIERA,BAJA,6,True,True,False,2026-10-24,2026-10-30,San Diego,San Diego
7,6_mexican_riviera_san_diego_halloween,6-Night Mexican Riviera Cruise from San Diego,"CSL,ESE",,"Cabo San Lucas, Mexico, Ensenada, Mexico",4,Yes,DM1822,30884979,6SAN,Disney Magic,MEXICAN RIVIERA,BAJA,6,True,True,False,2027-10-29,2027-11-04,San Diego,San Diego
7,6_mexican_riviera_san_diego_halloween,6-Night Mexican Riviera Cruise from San Diego,"CSL,ESE",,"Cabo San Lucas, Mexico, Ensenada, Mexico",4,Yes,DM1818,30884975,6SAN,Disney Magic,MEXICAN RIVIERA,BAJA,6,True,True,False,2027-10-10,2027-10-16,San Diego,San Diego
8,3_bahamian_fort_lauderdale_halloween,3-Night Bahamian Cruise from Fort Lauderdale,LPT,,Disney Lookout Cay at Lighthouse Point,1,Yes,DD1524,30063663,3PEF,Disney Dream,BAHAMAS,BAHAMAS,3,True,True,False,2026-10-30,2026-11-02,Fort Lauderdale,Fort Lauderdale
8,3_bahamian_port_canaveral,3-Night Bahamian Cruise from Port Canaveral,GOC,,Disney Castaway Cay,6,No,WW0627,30887073,3PCV,Disney Wish,BAHAMAS,BAHAMAS,3,True,True,False,2028-01-28,2028-01-31,Port Canaveral,Port Canaveral
8,3_bahamian_port_canaveral,3-Night Bahamian Cruise from Port Canaveral,GOC,,Disney Castaway Cay,6,No,DD1598,30468005,3PCV,Disney Dream,BAHAMAS,BAHAMAS,3,True,True,False,2027-08-06,2027-08-09,Port Canaveral,Port Canaveral
8,3_bahamian_port_canaveral,3-Night Bahamian Cruise from Port Canaveral,GOC,,Disney Castaway Cay,6,No,WW0643,30887089,3PCV,Disney Wish,BAHAMAS,BAHAMAS,3,True,True,False,2028-03-24,2028-03-27,Port Canaveral,Port Canaveral
8,3_bahamian_port_canaveral,3-Night Bahamian Cruise from Port Canaveral,GOC,,Disney Castaway Cay,6,No,DD1586,30467993,3PCV,Disney Dream,BAHAMAS,BAHAMAS,3,True,True,False,2027-06-25,2027-06-28,Port Canaveral,Port Canaveral
8,3_bahamian_port_canaveral,3-Night Bahamian Cruise from Port Canaveral,GOC,,Disney Castaway Cay,6,No,DF0849,30056326,3PCV,Disney Fantasy,BAHAMAS,BAHAMAS,3,True,True,False,2026-12-27,2026-12-30,Port Canaveral,Port Canaveral
8,3_bahamian_port_canaveral,3-Night Bahamian Cruise from Port Canaveral,GOC,,Disney Castaway Cay,6,No,WW0619,30887065,3PCV,Disney Wish,BAHAMAS,BAHAMAS,3,True,True,False,2027-12-31,2028-01-03,Port Canaveral,Port Canaveral
8,4_bahamian_port_canaveral,4-Night Bahamian Cruise from Port Canaveral,"GOC,NAS",,"Nassau, Bahamas, Disney Castaway Cay",36,No,WW0525,30062284,4PCV,Disney Wish,BAHAMAS,BAHAMAS,4,True,True,False,2026-11-02,2026-11-06,Port Canaveral,Port Canaveral
8,4_bahamian_port_canaveral,4-Night Bahamian Cruise from Port Canaveral,"GOC,NAS",,"Nassau, Bahamas, Disney Castaway Cay",36,No,DD1603,30468010,4PCV,Disney Dream,BAHAMAS,BAHAMAS,4,True,True,False,2027-08-23,2027-08-27,Port Canaveral,Port Canaveral
8,4_bahamian_port_canaveral,4-Night Bahamian Cruise from Port Canaveral,"GOC,NAS",,"Nassau, Bahamas, Disney Castaway Cay",36,No,WW0545,30062304,4PCV,Disney Wish,BAHAMAS,BAHAMAS,4,True,True,False,2027-01-11,2027-01-15,Port Canaveral,Port Canaveral
8,4_bahamian_port_canaveral,4-Night Bahamian Cruise from Port Canaveral,"GOC,NAS",,"Nassau, Bahamas, Disney Castaway Cay",36,No,WW0549,30062308,4PCV,Disney Wish,BAHAMAS,BAHAMAS,4,True,True,False,2027-01-25,2027-01-29,Port Canaveral,Port Canaveral
8,4_bahamian_port_canaveral,4-Night Bahamian Cruise from Port Canaveral,"GOC,NAS",,"Nassau, Bahamas, Disney Castaway Cay",36,No,WD0172,30860669,4PCV,Disney Destiny,BAHAMAS,BAHAMAS,4,True,True,False,2028-02-02,2028-02-06,Port Canaveral,Port Canaveral
8,4_bahamian_port_canaveral,4-Night Bahamian Cruise from Port Canaveral,"GOC,NAS",,"Nassau, Bahamas, Disney Castaway Cay",36,No,WD0169,30860666,4PCV,Disney Destiny,BAHAMAS,BAHAMAS,4,True,True,False,2028-01-19,2028-01-23,Port Canaveral,Port Canaveral
8,4_bahamian_port_canaveral,4-Night Bahamian Cruise from Port Canaveral,"GOC,NAS",,"Nassau, Bahamas, Disney Castaway Cay",36,No,WW0626,30887072,4PCV,Disney Wish,BAHAMAS,BAHAMAS,4,True,True,False,2028-01-24,2028-01-28,Port Canaveral,Port Canaveral
8,4_bahamian_port_canaveral,4-Night Bahamian Cruise from Port Canaveral,"GOC,NAS",,"Nassau, Bahamas, Disney Castaway Cay",36,No,DD1571,30063713,4PCV,Disney Dream,BAHAMAS,BAHAMAS,4,True,True,False,2027-05-03,2027-05-07,Port Canaveral,Port Canaveral
8,4_bahamian_port_canaveral,4-Night Bahamian Cruise from Port Canaveral,"GOC,NAS",,"Nassau, Bahamas, Disney Castaway Cay",36,No,WD0175,30860672,4PCV,Disney Destiny,BAHAMAS,BAHAMAS,4,True,True,False,2028-02-16,2028-02-20,Port Canaveral,Port Canaveral
8,4_bahamian_port_canaveral,4-Night Bahamian Cruise from Port Canaveral,"GOC,NAS",,"Nassau, Bahamas, Disney Castaway Cay",36,No,WW0622,30887068,4PCV,Disney Wish,BAHAMAS,BAHAMAS,4,True,True,False,2028-01-10,2028-01-14,Port Canaveral,Port Canaveral
8,4_bahamian_port_canaveral,4-Night Bahamian Cruise from Port Canaveral,"GOC,NAS",,"Nassau, Bahamas, Disney Castaway Cay",36,No,WW0624,30887070,4PCV,Disney Wish,BAHAMAS,BAHAMAS,4,True,True,False,2028-01-17,2028-01-21,Port Canaveral,Port Canaveral
8,4_bahamian_port_canaveral,4-Night Bahamian Cruise from Port Canaveral,"GOC,NAS",,"Nassau, Bahamas, Disney Castaway Cay",36,No,WW0553,30062312,4PCV,Disney Wish,BAHAMAS,BAHAMAS,4,True,True,False,2027-02-08,2027-02-12,Port Canaveral,Port Canaveral
8,4_bahamian_port_canaveral,4-Night Bahamian Cruise from Port Canaveral,"GOC,NAS",,"Nassau, Bahamas, Disney Castaway Cay",36,No,WD0190,30860687,4PCV,Disney Destiny,BAHAMAS,BAHAMAS,4,True,True,False,2028-04-26,2028-04-30,Port Canaveral,Port Canaveral
8,4_bahamian_port_canaveral,4-Night Bahamian Cruise from Port Canaveral,"GOC,NAS",,"Nassau, Bahamas, Disney Castaway Cay",36,No,WW0654,30887100,4PCV,Disney Wish,BAHAMAS,BAHAMAS,4,True,True,False,2028-05-01,2028-05-05,Port Canaveral,Port Canaveral
8,4_bahamian_port_canaveral,4-Night Bahamian Cruise from Port Canaveral,"GOC,NAS",,"Nassau, Bahamas, Disney Castaway Cay",36,No,DD1575,30063717,4PCV,Disney Dream,BAHAMAS,BAHAMAS,4,True,True,False,2027-05-17,2027-05-21,Port Canaveral,Port Canaveral
8,4_bahamian_port_canaveral,4-Night Bahamian Cruise from Port Canaveral,"GOC,NAS",,"Nassau, Bahamas, Disney Castaway Cay",36,No,WD0178,30860675,4PCV,Disney Destiny,BAHAMAS,BAHAMAS,4,True,True,False,2028-03-01,2028-03-05,Port Canaveral,Port Canaveral
8,4_bahamian_port_canaveral,4-Night Bahamian Cruise from Port Canaveral,"GOC,NAS",,"Nassau, Bahamas, Disney Castaway Cay",36,No,WW0620,30887066,4PCV,Disney Wish,BAHAMAS,BAHAMAS,4,True,True,False,2028-01-03,2028-01-07,Port Canaveral,Port Canaveral
8,4_bahamian_port_canaveral,4-Night Bahamian Cruise from Port Canaveral,"GOC,NAS",,"Nassau, Bahamas, Disney Castaway Cay",36,No,WW0557,30062316,4PCV,Disney Wish,BAHAMAS,BAHAMAS,4,True,True,False,2027-02-22,2027-02-26,Port Canaveral,Port Canaveral
8,4_bahamian_port_canaveral,4-Night Bahamian Cruise from Port Canaveral,"GOC,NAS",,"Nassau, Bahamas, Disney Castaway Cay",36,No,DD1599,30468006,4PCV,Disney Dream,BAHAMAS,BAHAMAS,4,True,True,False,2027-08-09,2027-08-13,Port Canaveral,Port Canaveral
8,4_bahamian_port_canaveral,4-Night Bahamian Cruise from Port Canaveral,"GOC,NAS",,"Nassau, Bahamas, Disney Castaway Cay",36,No,WW0636,30887082,4PCV,Disney Wish,BAHAMAS,BAHAMAS,4,True,True,False,2028-02-28,2028-03-03,Port Canaveral,Port Canaveral
8,4_bahamian_port_canaveral,4-Night Bahamian Cruise from Port Canaveral,"GOC,NAS",,"Nassau, Bahamas, Disney Castaway Cay",36,No,WW0561,30062320,4PCV,Disney Wish,BAHAMAS,BAHAMAS,4,True,True,False,2027-03-08,2027-03-12,Port Canaveral,Port Canaveral
8,4_bahamian_port_canaveral,4-Night Bahamian Cruise from Port Canaveral,"GOC,NAS",,"Nassau, Bahamas, Disney Castaway Cay",36,No,WD0184,30860681,4PCV,Disney Destiny,BAHAMAS,BAHAMAS,4,True,True,False,2028-03-29,2028-04-02,Port Canaveral,Port Canaveral
8,4_bahamian_port_canaveral,4-Night Bahamian Cruise from Port Canaveral,"GOC,NAS",,"Nassau, Bahamas, Disney Castaway Cay",36,No,WW0571,30062330,4PCV,Disney Wish,BAHAMAS,BAHAMAS,4,True,True,False,2027-04-12,2027-04-16,Port Canaveral,Port Canaveral
8,4_bahamian_port_canaveral,4-Night Bahamian Cruise from Port Canaveral,"GOC,NAS",,"Nassau, Bahamas, Disney Castaway Cay",36,No,WW0569,30062328,4PCV,Disney Wish,BAHAMAS,BAHAMAS,4,True,True,False,2027-04-05,2027-04-09,Port Canaveral,Port Canaveral
8,4_bahamian_port_canaveral,4-Night Bahamian Cruise from Port Canaveral,"GOC,NAS",,"Nassau, Bahamas, Disney Castaway Cay",36,No,DD1583,30467990,4PCV,Disney Dream,BAHAMAS,BAHAMAS,4,True,True,False,2027-06-14,2027-06-18,Port Canaveral,Port Canaveral
8,4_bahamian_port_canaveral,4-Night Bahamian Cruise from Port Canaveral,"GOC,NAS",,"Nassau, Bahamas, Disney Castaway Cay",36,No,WW0634,30887080,4PCV,Disney Wish,BAHAMAS,BAHAMAS,4,True,True,False,2028-02-21,2028-02-25,Port Canaveral,Port Canaveral
8,4_bahamian_port_canaveral,4-Night Bahamian Cruise from Port Canaveral,"GOC,NAS",,"Nassau, Bahamas, Disney Castaway Cay",36,No,DD1579,30063721,4PCV,Disney Dream,BAHAMAS,BAHAMAS,4,True,True,False,2027-05-31,2027-06-04,Port Canaveral,Port Canaveral
8,4_bahamian_port_canaveral,4-Night Bahamian Cruise from Port Canaveral,"GOC,NAS",,"Nassau, Bahamas, Disney Castaway Cay",36,No,DD1595,30468002,4PCV,Disney Dream,BAHAMAS,BAHAMAS,4,True,True,False,2027-07-26,2027-07-30,Port Canaveral,Port Canaveral
8,4_bahamian_port_canaveral,4-Night Bahamian Cruise from Port Canaveral,"GOC,NAS",,"Nassau, Bahamas, Disney Castaway Cay",36,No,WW0642,30887088,4PCV,Disney Wish,BAHAMAS,BAHAMAS,4,True,True,False,2028-03-20,2028-03-24,Port Canaveral,Port Canaveral
8,4_bahamian_port_canaveral,4-Night Bahamian Cruise from Port Canaveral,"GOC,NAS",,"Nassau, Bahamas, Disney Castaway Cay",36,No,DD1587,30467994,4PCV,Disney Dream,BAHAMAS,BAHAMAS,4,True,True,False,2027-06-28,2027-07-02,Port Canaveral,Port Canaveral
8,4_bahamian_port_canaveral,4-Night Bahamian Cruise from Port Canaveral,"GOC,NAS",,"Nassau, Bahamas, Disney Castaway Cay",36,No,DD1591,30467998,4PCV,Disney Dream,BAHAMAS,BAHAMAS,4,True,True,False,2027-07-12,2027-07-16,Port Canaveral,Port Canaveral
8,4_bahamian_port_canaveral,4-Night Bahamian Cruise from Port Canaveral,"GOC,NAS",,"Nassau, Bahamas, Disney Castaway Cay",36,No,WD0181,30860678,4PCV,Disney Destiny,BAHAMAS,BAHAMAS,4,True,True,False,2028-03-15,2028-03-19,Port Canaveral,Port Canaveral
8,4_bahamian_port_canaveral,4-Night Bahamian Cruise from Port Canaveral,"GOC,NAS",,"Nassau, Bahamas, Disney Castaway Cay",36,No,WD0187,30860684,4PCV,Disney Destiny,BAHAMAS,BAHAMAS,4,True,True,False,2028-04-12,2028-04-16,Port Canaveral,Port Canaveral
8,4_bahamian_port_canaveral,4-Night Bahamian Cruise from Port Canaveral,"GOC,NAS",,"Nassau, Bahamas, Disney Castaway Cay",36,No,WW0640,30887086,4PCV,Disney Wish,BAHAMAS,BAHAMAS,4,True,True,False,2028-03-13,2028-03-17,Port Canaveral,Port Canaveral
8,4_bahamian_port_canaveral,4-Night Bahamian Cruise from Port Canaveral,"GOC,NAS",,"Nassau, Bahamas, Disney Castaway Cay",36,No,WW0648,30887094,4PCV,Disney Wish,BAHAMAS,BAHAMAS,4,True,True,False,2028-04-10,2028-04-14,Port Canaveral,Port Canaveral
8,4_bahamian_port_canaveral,4-Night Bahamian Cruise from Port Canaveral,"GOC,NAS",,"Nassau, Bahamas, Disney Castaway Cay",36,No,WW0565,30062324,4PCV,Disney Wish,BAHAMAS,BAHAMAS,4,True,True,False,2027-03-22,2027-03-26,Port Canaveral,Port Canaveral
8,4_western_caribbean_galveston_marvel,4-Night Western Caribbean Cruise from Galveston,PGO,,"Progreso, Mexico",3,No,DM1773,30063278,4GLS,Disney Magic,CARIBBEAN,WESTERN,4,True,True,False,2027-01-20,2027-01-24,Galveston,Galveston
8,4_western_caribbean_galveston_marvel,4-Night Western Caribbean Cruise from Galveston,PGO,,"Progreso, Mexico",3,No,DM1781,30063286,4GLS,Disney Magic,CARIBBEAN,WESTERN,4,True,True,False,2027-03-03,2027-03-07,Galveston,Galveston
8,4_western_caribbean_galveston_marvel,4-Night Western Caribbean Cruise from Galveston,PGO,,"Progreso, Mexico",3,No,DM1778,30063283,4GLS,Disney Magic,CARIBBEAN,WESTERN,4,True,True,False,2027-02-17,2027-02-21,Galveston,Galveston
8,4_bahamian_fort_lauderdale,4-Night Bahamian Cruise from Fort Lauderdale,"GOC,NAS",,"Disney Castaway Cay, Nassau, Bahamas",16,No,DD1653,30888266,4PEF,Disney Dream,BAHAMAS,BAHAMAS,4,True,True,False,2028-02-14,2028-02-18,Fort Lauderdale,Fort Lauderdale
8,4_bahamian_fort_lauderdale,4-Night Bahamian Cruise from Fort Lauderdale,"GOC,NAS",,"Disney Castaway Cay, Nassau, Bahamas",16,No,DD1651,30888264,4PEF,Disney Dream,BAHAMAS,BAHAMAS,4,True,True,False,2028-02-07,2028-02-11,Fort Lauderdale,Fort Lauderdale
8,4_bahamian_fort_lauderdale,4-Night Bahamian Cruise from Fort Lauderdale,"GOC,NAS",,"Disney Castaway Cay, Nassau, Bahamas",16,No,WD0092,30056854,4PEF,Disney Destiny,BAHAMAS,BAHAMAS,4,True,True,False,2027-01-21,2027-01-25,Fort Lauderdale,Fort Lauderdale
8,4_bahamian_fort_lauderdale,4-Night Bahamian Cruise from Fort Lauderdale,"GOC,NAS",,"Disney Castaway Cay, Nassau, Bahamas",16,No,WD0089,30056851,4PEF,Disney Destiny,BAHAMAS,BAHAMAS,4,True,True,False,2027-01-07,2027-01-11,Fort Lauderdale,Fort Lauderdale
8,4_bahamian_fort_lauderdale,4-Night Bahamian Cruise from Fort Lauderdale,"GOC,NAS",,"Disney Castaway Cay, Nassau, Bahamas",16,No,WD0097,30056859,4PEF,Disney Destiny,BAHAMAS,BAHAMAS,4,True,True,False,2027-02-18,2027-02-22,Fort Lauderdale,Fort Lauderdale
8,4_bahamian_fort_lauderdale,4-Night Bahamian Cruise from Fort Lauderdale,"GOC,NAS",,"Disney Castaway Cay, Nassau, Bahamas",16,No,WD0134,30469034,4PEF,Disney Destiny,BAHAMAS,BAHAMAS,4,True,True,False,2027-08-19,2027-08-23,Fort Lauderdale,Fort Lauderdale
8,4_bahamian_fort_lauderdale,4-Night Bahamian Cruise from Fort Lauderdale,"GOC,NAS",,"Disney Castaway Cay, Nassau, Bahamas",16,No,WD0100,30056862,4PEF,Disney Destiny,BAHAMAS,BAHAMAS,4,True,True,False,2027-03-04,2027-03-08,Fort Lauderdale,Fort Lauderdale
8,4_bahamian_fort_lauderdale,4-Night Bahamian Cruise from Fort Lauderdale,"GOC,NAS",,"Disney Castaway Cay, Nassau, Bahamas",16,No,DD1667,30888331,4PEF,Disney Dream,BAHAMAS,BAHAMAS,4,True,True,False,2028-04-03,2028-04-07,Fort Lauderdale,Fort Lauderdale
8,4_bahamian_fort_lauderdale,4-Night Bahamian Cruise from Fort Lauderdale,"GOC,NAS",,"Disney Castaway Cay, Nassau, Bahamas",16,No,DD1659,30888323,4PEF,Disney Dream,BAHAMAS,BAHAMAS,4,True,True,False,2028-03-06,2028-03-10,Fort Lauderdale,Fort Lauderdale
8,4_bahamian_fort_lauderdale,4-Night Bahamian Cruise from Fort Lauderdale,"GOC,NAS",,"Disney Castaway Cay, Nassau, Bahamas",16,No,WD0106,30056868,4PEF,Disney Destiny,BAHAMAS,BAHAMAS,4,True,True,False,2027-04-01,2027-04-05,Fort Lauderdale,Fort Lauderdale
8,4_bahamian_fort_lauderdale,4-Night Bahamian Cruise from Fort Lauderdale,"GOC,NAS",,"Disney Castaway Cay, Nassau, Bahamas",16,No,DD1671,30888335,4PEF,Disney Dream,BAHAMAS,BAHAMAS,4,True,True,False,2028-04-17,2028-04-21,Fort Lauderdale,Fort Lauderdale
8,4_bahamian_fort_lauderdale,4-Night Bahamian Cruise from Fort Lauderdale,"GOC,NAS",,"Disney Castaway Cay, Nassau, Bahamas",16,No,WD0118,30056880,4PEF,Disney Destiny,BAHAMAS,BAHAMAS,4,True,True,False,2027-05-27,2027-05-31,Fort Lauderdale,Fort Lauderdale
8,4_bahamian_fort_lauderdale,4-Night Bahamian Cruise from Fort Lauderdale,"GOC,NAS",,"Disney Castaway Cay, Nassau, Bahamas",16,No,WD0129,30469029,4PEF,Disney Destiny,BAHAMAS,BAHAMAS,4,True,True,False,2027-07-22,2027-07-26,Fort Lauderdale,Fort Lauderdale
8,4_bahamian_fort_lauderdale,4-Night Bahamian Cruise from Fort Lauderdale,"GOC,NAS",,"Disney Castaway Cay, Nassau, Bahamas",16,No,WD0103,30056865,4PEF,Disney Destiny,BAHAMAS,BAHAMAS,4,True,True,False,2027-03-18,2027-03-22,Fort Lauderdale,Fort Lauderdale
8,4_bahamian_fort_lauderdale,4-Night Bahamian Cruise from Fort Lauderdale,"GOC,NAS",,"Disney Castaway Cay, Nassau, Bahamas",16,No,WD0126,30469026,4PEF,Disney Destiny,BAHAMAS,BAHAMAS,4,True,True,False,2027-07-08,2027-07-12,Fort Lauderdale,Fort Lauderdale
8,4_bahamian_fort_lauderdale,4-Night Bahamian Cruise from Fort Lauderdale,"GOC,NAS",,"Disney Castaway Cay, Nassau, Bahamas",16,No,WD0121,30469021,4PEF,Disney Destiny,BAHAMAS,BAHAMAS,4,True,True,False,2027-06-10,2027-06-14,Fort Lauderdale,Fort Lauderdale
9,4_bahamian_port_canaveral_merrytime,4-Night Bahamian Cruise from Port Canaveral,"GOC,LPT",,"Disney Castaway Cay, Disney Lookout Cay at Lighthouse Point",14,Yes,DF0845,30056322,4PCV,Disney Fantasy,BAHAMAS,BAHAMAS,4,True,True,False,2026-12-09,2026-12-13,Port Canaveral,Port Canaveral
9,4_bahamian_port_canaveral_merrytime,4-Night Bahamian Cruise from Port Canaveral,"GOC,LPT",,"Disney Castaway Cay, Disney Lookout Cay at Lighthouse Point",14,Yes,WW0535,30062294,4PCV,Disney Wish,BAHAMAS,BAHAMAS,4,True,True,False,2026-12-07,2026-12-11,Port Canaveral,Port Canaveral
9,4_bahamian_port_canaveral_merrytime,4-Night Bahamian Cruise from Port Canaveral,"GOC,LPT",,"Disney Castaway Cay, Disney Lookout Cay at Lighthouse Point",14,Yes,WW0527,30062286,4PCV,Disney Wish,BAHAMAS,BAHAMAS,4,True,True,False,2026-11-09,2026-11-13,Port Canaveral,Port Canaveral
9,4_bahamian_port_canaveral_merrytime,4-Night Bahamian Cruise from Port Canaveral,"GOC,LPT",,"Disney Castaway Cay, Disney Lookout Cay at Lighthouse Point",14,Yes,DF0839,30056316,4PCV,Disney Fantasy,BAHAMAS,BAHAMAS,4,True,True,False,2026-11-11,2026-11-15,Port Canaveral,Port Canaveral
9,4_bahamian_port_canaveral_merrytime,4-Night Bahamian Cruise from Port Canaveral,"GOC,LPT",,"Disney Castaway Cay, Disney Lookout Cay at Lighthouse Point",14,Yes,DF0920,30866894,4PCV,Disney Fantasy,BAHAMAS,BAHAMAS,4,True,True,False,2027-11-10,2027-11-14,Port Canaveral,Port Canaveral
9,4_bahamian_port_canaveral_merrytime,4-Night Bahamian Cruise from Port Canaveral,"GOC,LPT",,"Disney Castaway Cay, Disney Lookout Cay at Lighthouse Point",14,Yes,DD1625,30887997,4PCV,Disney Dream,BAHAMAS,BAHAMAS,4,True,True,False,2027-11-08,2027-11-12,Port Canaveral,Port Canaveral
9,4_bahamian_port_canaveral_merrytime,4-Night Bahamian Cruise from Port Canaveral,"GOC,LPT",,"Disney Castaway Cay, Disney Lookout Cay at Lighthouse Point",14,Yes,WW0612,30887058,4PCV,Disney Wish,BAHAMAS,BAHAMAS,4,True,True,False,2027-12-06,2027-12-10,Port Canaveral,Port Canaveral
9,4_bahamian_port_canaveral_merrytime,4-Night Bahamian Cruise from Port Canaveral,"GOC,LPT",,"Disney Castaway Cay, Disney Lookout Cay at Lighthouse Point",14,Yes,WD0161,30860646,4PCV,Disney Destiny,BAHAMAS,BAHAMAS,4,True,True,False,2027-12-08,2027-12-12,Port Canaveral,Port Canaveral
9,4_bahamian_port_canaveral_merrytime,4-Night Bahamian Cruise from Port Canaveral,"GOC,LPT",,"Disney Castaway Cay, Disney Lookout Cay at Lighthouse Point",14,Yes,DF0842,30056319,4PCV,Disney Fantasy,BAHAMAS,BAHAMAS,4,True,True,False,2026-11-25,2026-11-29,Port Canaveral,Port Canaveral
9,4_bahamian_port_canaveral_merrytime,4-Night Bahamian Cruise from Port Canaveral,"GOC,LPT",,"Disney Castaway Cay, Disney Lookout Cay at Lighthouse Point",14,Yes,DF0848,30056325,4PCV,Disney Fantasy,BAHAMAS,BAHAMAS,4,True,True,False,2026-12-23,2026-12-27,Port Canaveral,Port Canaveral
9,4_bahamian_port_canaveral_merrytime,4-Night Bahamian Cruise from Port Canaveral,"GOC,LPT",,"Disney Castaway Cay, Disney Lookout Cay at Lighthouse Point",14,Yes,WW0616,30887062,4PCV,Disney Wish,BAHAMAS,BAHAMAS,4,True,True,False,2027-12-20,2027-12-24,Port Canaveral,Port Canaveral
9,4_bahamian_port_canaveral_merrytime,4-Night Bahamian Cruise from Port Canaveral,"GOC,LPT",,"Disney Castaway Cay, Disney Lookout Cay at Lighthouse Point",14,Yes,WW0531,30062290,4PCV,Disney Wish,BAHAMAS,BAHAMAS,4,True,True,False,2026-11-23,2026-11-27,Port Canaveral,Port Canaveral
9,4_bahamian_port_canaveral_merrytime,4-Night Bahamian Cruise from Port Canaveral,"GOC,LPT",,"Disney Castaway Cay, Disney Lookout Cay at Lighthouse Point",14,Yes,DF0923,30866897,4PCV,Disney Fantasy,BAHAMAS,BAHAMAS,4,True,True,False,2027-11-24,2027-11-28,Port Canaveral,Port Canaveral
9,4_bahamian_port_canaveral_merrytime,4-Night Bahamian Cruise from Port Canaveral,"GOC,LPT",,"Disney Castaway Cay, Disney Lookout Cay at Lighthouse Point",14,Yes,WW0608,30887054,4PCV,Disney Wish,BAHAMAS,BAHAMAS,4,True,True,False,2027-11-22,2027-11-26,Port Canaveral,Port Canaveral
9,4_bahamian_port_canaveral_merrytime,4-Night Bahamian Cruise from Port Canaveral,"GOC,NAS",,"Nassau, Bahamas, Disney Castaway Cay",4,Yes,WW0529,30062288,4PCV,Disney Wish,BAHAMAS,BAHAMAS,4,True,True,False,2026-11-16,2026-11-20,Port Canaveral,Port Canaveral
9,4_bahamian_port_canaveral_merrytime,4-Night Bahamian Cruise from Port Canaveral,"GOC,NAS",,"Nassau, Bahamas, Disney Castaway Cay",4,Yes,WW0533,30062292,4PCV,Disney Wish,BAHAMAS,BAHAMAS,4,True,True,False,2026-11-30,2026-12-04,Port Canaveral,Port Canaveral
9,4_bahamian_port_canaveral_merrytime,4-Night Bahamian Cruise from Port Canaveral,"GOC,NAS",,"Nassau, Bahamas, Disney Castaway Cay",4,Yes,WW0537,30062296,4PCV,Disney Wish,BAHAMAS,BAHAMAS,4,True,True,False,2026-12-14,2026-12-18,Port Canaveral,Port Canaveral
9,4_bahamian_port_canaveral_merrytime,4-Night Bahamian Cruise from Port Canaveral,"GOC,NAS",,"Nassau, Bahamas, Disney Castaway Cay",4,Yes,WW0614,30887060,4PCV,Disney Wish,BAHAMAS,BAHAMAS,4,True,True,False,2027-12-13,2027-12-17,Port Canaveral,Port Canaveral
9,5_baja_san_diego,5-Night Baja Cruise from San Diego,"CKI,ESE",,"Catalina Island, California, Ensenada, Mexico",4,No,DM1814,30884971,5SAN,Disney Magic,MEXICAN RIVIERA,WEST COAST E,5,True,True,False,2027-09-20,2027-09-25,San Diego,San Diego
9,5_baja_san_diego,5-Night Baja Cruise from San Diego,"CKI,ESE",,"Catalina Island, California, Ensenada, Mexico",4,No,DW2301,30867341,5SAN,Disney Wonder,MEXICAN RIVIERA,WEST COAST E,5,True,True,False,2028-01-02,2028-01-07,San Diego,San Diego
9,5_baja_san_diego,5-Night Baja Cruise from San Diego,"CKI,ESE",,"Catalina Island, California, Ensenada, Mexico",4,No,DW2257,30196024,5SAN,Disney Wonder,MEXICAN RIVIERA,WEST COAST E,5,True,True,False,2027-04-14,2027-04-19,San Diego,San Diego
9,5_baja_san_diego,5-Night Baja Cruise from San Diego,"CKI,ESE",,"Catalina Island, California, Ensenada, Mexico",4,No,DW2224,30076960,5SAN,Disney Wonder,MEXICAN RIVIERA,WEST COAST E,5,True,True,False,2026-12-29,2027-01-03,San Diego,San Diego
9,4_bahamian_fort_lauderdale_halloween,4-Night Bahamian Cruise from Fort Lauderdale,"GOC,NAS",,"Nassau, Bahamas, Disney Castaway Cay",1,Yes,WD0075,30056837,4PEF,Disney Destiny,BAHAMAS,BAHAMAS,4,True,True,False,2026-10-29,2026-11-02,Fort Lauderdale,Fort Lauderdale
9,5_baja_san_diego_merrytime,5-Night Baja Cruise from San Diego,"CKI,ESE",,"Catalina Island, California, Ensenada, Mexico",2,Yes,DW2296,30867336,5SAN,Disney Wonder,MEXICAN RIVIERA,WEST COAST E,5,True,True,False,2027-12-05,2027-12-10,San Diego,San Diego
9,5_baja_san_diego_merrytime,5-Night Baja Cruise from San Diego,"CKI,ESE",,"Catalina Island, California, Ensenada, Mexico",2,Yes,DW2297,30867337,5SAN,Disney Wonder,MEXICAN RIVIERA,WEST COAST E,5,True,True,False,2027-12-10,2027-12-15,San Diego,San Diego
10,5_western_caribbean_galveston,5-Night Western Caribbean Cruise from Galveston,"CZM,PGO",,"Cozumel, Mexico, Progreso, Mexico",14,No,DM1834,30885064,5GLS,Disney Magic,CARIBBEAN,WESTERN,5,True,True,False,2028-01-07,2028-01-12,Galveston,Galveston
10,5_western_caribbean_galveston,5-Night Western Caribbean Cruise from Galveston,"CZM,PGO",,"Cozumel, Mexico, Progreso, Mexico",14,No,DM1772,30063277,5GLS,Disney Magic,CARIBBEAN,WESTERN,5,True,True,False,2027-01-15,2027-01-20,Galveston,Galveston
10,5_western_caribbean_galveston,5-Night Western Caribbean Cruise from Galveston,"CZM,PGO",,"Cozumel, Mexico, Progreso, Mexico",14,No,DM1838,30885068,5GLS,Disney Magic,CARIBBEAN,WESTERN,5,True,True,False,2028-01-28,2028-02-02,Galveston,Galveston
10,5_western_caribbean_galveston,5-Night Western Caribbean Cruise from Galveston,"CZM,PGO",,"Cozumel, Mexico, Progreso, Mexico",14,No,DM1840,30885070,5GLS,Disney Magic,CARIBBEAN,WESTERN,5,True,True,False,2028-02-06,2028-02-11,Galveston,Galveston
10,5_western_caribbean_galveston,5-Night Western Caribbean Cruise from Galveston,"CZM,PGO",,"Cozumel, Mexico, Progreso, Mexico",14,No,DM1844,30885237,5GLS,Disney Magic,CARIBBEAN,WESTERN,5,True,True,False,2028-02-25,2028-03-01,Galveston,Galveston
10,5_western_caribbean_galveston,5-Night Western Caribbean Cruise from Galveston,"CZM,PGO",,"Cozumel, Mexico, Progreso, Mexico",14,No,DM1841,30885071,5GLS,Disney Magic,CARIBBEAN,WESTERN,5,True,True,False,2028-02-11,2028-02-16,Galveston,Galveston
10,5_western_caribbean_galveston,5-Night Western Caribbean Cruise from Galveston,"CZM,PGO",,"Cozumel, Mexico, Progreso, Mexico",14,No,DM1789,30063294,5GLS,Disney Magic,CARIBBEAN,WESTERN,5,True,True,False,2027-04-09,2027-04-14,Galveston,Galveston
10,5_western_caribbean_galveston,5-Night Western Caribbean Cruise from Galveston,"CZM,PGO",,"Cozumel, Mexico, Progreso, Mexico",14,No,DM1788,30063293,5GLS,Disney Magic,CARIBBEAN,WESTERN,5,True,True,False,2027-04-04,2027-04-09,Galveston,Galveston
10,5_western_caribbean_galveston,5-Night Western Caribbean Cruise from Galveston,"CZM,PGO",,"Cozumel, Mexico, Progreso, Mexico",14,No,DM1842,30885072,5GLS,Disney Magic,CARIBBEAN,WESTERN,5,True,True,False,2028-02-16,2028-02-21,Galveston,Galveston
10,5_western_caribbean_galveston,5-Night Western Caribbean Cruise from Galveston,"CZM,PGO",,"Cozumel, Mexico, Progreso, Mexico",14,No,DM1845,30885238,5GLS,Disney Magic,CARIBBEAN,WESTERN,5,True,True,False,2028-03-01,2028-03-06,Galveston,Galveston
10,5_western_caribbean_galveston,5-Night Western Caribbean Cruise from Galveston,"CZM,PGO",,"Cozumel, Mexico, Progreso, Mexico",14,No,DM1786,30063291,5GLS,Disney Magic,CARIBBEAN,WESTERN,5,True,True,False,2027-03-26,2027-03-31,Galveston,Galveston
10,5_western_caribbean_galveston,5-Night Western Caribbean Cruise from Galveston,"CZM,PGO",,"Cozumel, Mexico, Progreso, Mexico",14,No,DM1785,30063290,5GLS,Disney Magic,CARIBBEAN,WESTERN,5,True,True,False,2027-03-21,2027-03-26,Galveston,Galveston
10,5_western_caribbean_galveston,5-Night Western Caribbean Cruise from Galveston,"CZM,PGO",,"Cozumel, Mexico, Progreso, Mexico",14,No,DM1783,30063288,5GLS,Disney Magic,CARIBBEAN,WESTERN,5,True,True,False,2027-03-12,2027-03-17,Galveston,Galveston
10,5_western_caribbean_galveston,5-Night Western Caribbean Cruise from Galveston,"CZM,PGO",,"Cozumel, Mexico, Progreso, Mexico",14,No,DM1847,30885240,5GLS,Disney Magic,CARIBBEAN,WESTERN,5,True,True,False,2028-03-10,2028-03-15,Galveston,Galveston
10,4_bahamian_port_canaveral,4-Night Bahamian Cruise from Port Canaveral,"LPT,NAS",,"Nassau, Bahamas, Disney Lookout Cay at Lighthouse Point",15,No,DF0905,30468996,4PCV,Disney Fantasy,BAHAMAS,BAHAMAS,4,True,True,False,2027-09-01,2027-09-05,Port Canaveral,Port Canaveral
10,4_bahamian_port_canaveral,4-Night Bahamian Cruise from Port Canaveral,"LPT,NAS",,"Nassau, Bahamas, Disney Lookout Cay at Lighthouse Point",15,No,DF0855,30056332,4PCV,Disney Fantasy,BAHAMAS,BAHAMAS,4,True,True,False,2027-01-20,2027-01-24,Port Canaveral,Port Canaveral
10,4_bahamian_port_canaveral,4-Night Bahamian Cruise from Port Canaveral,"LPT,NAS",,"Nassau, Bahamas, Disney Lookout Cay at Lighthouse Point",15,No,DF0852,30056329,4PCV,Disney Fantasy,BAHAMAS,BAHAMAS,4,True,True,False,2027-01-06,2027-01-10,Port Canaveral,Port Canaveral
10,4_bahamian_port_canaveral,4-Night Bahamian Cruise from Port Canaveral,"LPT,NAS",,"Nassau, Bahamas, Disney Lookout Cay at Lighthouse Point",15,No,DF0858,30056335,4PCV,Disney Fantasy,BAHAMAS,BAHAMAS,4,True,True,False,2027-02-03,2027-02-07,Port Canaveral,Port Canaveral
10,4_bahamian_port_canaveral,4-Night Bahamian Cruise from Port Canaveral,"LPT,NAS",,"Nassau, Bahamas, Disney Lookout Cay at Lighthouse Point",15,No,WW0628,30887074,4PCV,Disney Wish,BAHAMAS,BAHAMAS,4,True,True,False,2028-01-31,2028-02-04,Port Canaveral,Port Canaveral
10,4_bahamian_port_canaveral,4-Night Bahamian Cruise from Port Canaveral,"LPT,NAS",,"Nassau, Bahamas, Disney Lookout Cay at Lighthouse Point",15,No,DF0902,30468993,4PCV,Disney Fantasy,BAHAMAS,BAHAMAS,4,True,True,False,2027-08-18,2027-08-22,Port Canaveral,Port Canaveral
10,4_bahamian_port_canaveral,4-Night Bahamian Cruise from Port Canaveral,"LPT,NAS",,"Nassau, Bahamas, Disney Lookout Cay at Lighthouse Point",15,No,DF0879,30056356,4PCV,Disney Fantasy,BAHAMAS,BAHAMAS,4,True,True,False,2027-05-12,2027-05-16,Port Canaveral,Port Canaveral
10,4_bahamian_port_canaveral,4-Night Bahamian Cruise from Port Canaveral,"LPT,NAS",,"Nassau, Bahamas, Disney Lookout Cay at Lighthouse Point",15,No,WW0652,30887098,4PCV,Disney Wish,BAHAMAS,BAHAMAS,4,True,True,False,2028-04-24,2028-04-28,Port Canaveral,Port Canaveral
10,4_bahamian_port_canaveral,4-Night Bahamian Cruise from Port Canaveral,"LPT,NAS",,"Nassau, Bahamas, Disney Lookout Cay at Lighthouse Point",15,No,DF0882,30056359,4PCV,Disney Fantasy,BAHAMAS,BAHAMAS,4,True,True,False,2027-05-26,2027-05-30,Port Canaveral,Port Canaveral
10,4_bahamian_port_canaveral,4-Night Bahamian Cruise from Port Canaveral,"LPT,NAS",,"Nassau, Bahamas, Disney Lookout Cay at Lighthouse Point",15,No,DF0888,30468910,4PCV,Disney Fantasy,BAHAMAS,BAHAMAS,4,True,True,False,2027-06-09,2027-06-13,Port Canaveral,Port Canaveral
10,4_bahamian_port_canaveral,4-Night Bahamian Cruise from Port Canaveral,"LPT,NAS",,"Nassau, Bahamas, Disney Lookout Cay at Lighthouse Point",15,No,DF0896,30468987,4PCV,Disney Fantasy,BAHAMAS,BAHAMAS,4,True,True,False,2027-07-21,2027-07-25,Port Canaveral,Port Canaveral
10,4_bahamian_port_canaveral,4-Night Bahamian Cruise from Port Canaveral,"LPT,NAS",,"Nassau, Bahamas, Disney Lookout Cay at Lighthouse Point",15,No,DF0894,30468985,4PCV,Disney Fantasy,BAHAMAS,BAHAMAS,4,True,True,False,2027-07-07,2027-07-11,Port Canaveral,Port Canaveral
10,4_bahamian_port_canaveral,4-Night Bahamian Cruise from Port Canaveral,"LPT,NAS",,"Nassau, Bahamas, Disney Lookout Cay at Lighthouse Point",15,No,DF0891,30468913,4PCV,Disney Fantasy,BAHAMAS,BAHAMAS,4,True,True,False,2027-06-23,2027-06-27,Port Canaveral,Port Canaveral
10,4_bahamian_port_canaveral,4-Night Bahamian Cruise from Port Canaveral,"LPT,NAS",,"Nassau, Bahamas, Disney Lookout Cay at Lighthouse Point",15,No,WW0644,30887090,4PCV,Disney Wish,BAHAMAS,BAHAMAS,4,True,True,False,2028-03-27,2028-03-31,Port Canaveral,Port Canaveral
10,4_bahamian_port_canaveral,4-Night Bahamian Cruise from Port Canaveral,"LPT,NAS",,"Nassau, Bahamas, Disney Lookout Cay at Lighthouse Point",15,No,WW0618,30887064,4PCV,Disney Wish,BAHAMAS,BAHAMAS,4,True,True,False,2027-12-27,2027-12-31,Port Canaveral,Port Canaveral
10,5_mexican_riviera_san_diego,5-Night Mexican Riviera Cruise from San Diego,"CSL,ESE",,"Cabo San Lucas, Mexico, Ensenada, Mexico",2,No,DW2227,30076963,5SAN,Disney Wonder,MEXICAN RIVIERA,BAJA,5,True,True,False,2027-01-10,2027-01-15,San Diego,San Diego
10,5_mexican_riviera_san_diego,5-Night Mexican Riviera Cruise from San Diego,"CSL,ESE",,"Cabo San Lucas, Mexico, Ensenada, Mexico",2,No,DW2248,30076984,5SAN,Disney Wonder,MEXICAN RIVIERA,BAJA,5,True,True,False,2027-04-02,2027-04-07,San Diego,San Diego
10,5_western_caribbean_galveston_marvel,5-Night Western Caribbean Cruise from Galveston,"CZM,PGO",,"Cozumel, Mexico, Progreso, Mexico",5,No,DM1780,30063285,5GLS,Disney Magic,CARIBBEAN,WESTERN,5,True,True,False,2027-02-26,2027-03-03,Galveston,Galveston
10,5_western_caribbean_galveston_marvel,5-Night Western Caribbean Cruise from Galveston,"CZM,PGO",,"Cozumel, Mexico, Progreso, Mexico",5,No,DM1779,30063284,5GLS,Disney Magic,CARIBBEAN,WESTERN,5,True,True,False,2027-02-21,2027-02-26,Galveston,Galveston
10,5_western_caribbean_galveston_marvel,5-Night Western Caribbean Cruise from Galveston,"CZM,PGO",,"Cozumel, Mexico, Progreso, Mexico",5,No,DM1777,30063282,5GLS,Disney Magic,CARIBBEAN,WESTERN,5,True,True,False,2027-02-12,2027-02-17,Galveston,Galveston
10,5_western_caribbean_galveston_marvel,5-Night Western Caribbean Cruise from Galveston,"CZM,PGO",,"Cozumel, Mexico, Progreso, Mexico",5,No,DM1776,30063281,5GLS,Disney Magic,CARIBBEAN,WESTERN,5,True,True,False,2027-02-07,2027-02-12,Galveston,Galveston
10,5_western_caribbean_galveston_marvel,5-Night Western Caribbean Cruise from Galveston,"CZM,PGO",,"Cozumel, Mexico, Progreso, Mexico",5,No,DM1782,30063287,5GLS,Disney Magic,CARIBBEAN,WESTERN,5,True,True,False,2027-03-07,2027-03-12,Galveston,Galveston
10,5_baja_san_diego_halloween,5-Night Baja Cruise from San Diego,"CKI,ESE",,"Catalina Island, California, Ensenada, Mexico",1,Yes,DM1815,30884972,5SAN,Disney Magic,MEXICAN RIVIERA,WEST COAST E,5,True,True,False,2027-09-25,2027-09-30,San Diego,San Diego
11,4_bahamian_port_canaveral_halloween,4-Night Bahamian Cruise from Port Canaveral,"GOC,NAS",,"Nassau, Bahamas, Disney Castaway Cay",2,Yes,DD1607,30468014,4PCV,Disney Dream,BAHAMAS,BAHAMAS,4,True,True,False,2027-09-06,2027-09-10,Port Canaveral,Port Canaveral
11,4_bahamian_port_canaveral_halloween,4-Night Bahamian Cruise from Port Canaveral,"GOC,NAS",,"Nassau, Bahamas, Disney Castaway Cay",2,Yes,WW0521,30062280,4PCV,Disney Wish,BAHAMAS,BAHAMAS,4,True,True,False,2026-10-19,2026-10-23,Port Canaveral,Port Canaveral
11,3_bahamian_port_canaveral_merrytime,3-Night Bahamian Cruise from Port Canaveral,GOC,,Disney Castaway Cay,3,Yes,WD0159,30860644,3PCV,Disney Destiny,BAHAMAS,BAHAMAS,3,True,True,False,2027-11-30,2027-12-03,Port Canaveral,Port Canaveral
11,3_bahamian_port_canaveral_merrytime,3-Night Bahamian Cruise from Port Canaveral,GOC,,Disney Castaway Cay,3,Yes,WW0539,30062298,3PCV,Disney Wish,BAHAMAS,BAHAMAS,3,True,True,False,2026-12-21,2026-12-24,Port Canaveral,Port Canaveral
11,3_bahamian_port_canaveral_merrytime,3-Night Bahamian Cruise from Port Canaveral,GOC,,Disney Castaway Cay,3,Yes,WW0617,30887063,3PCV,Disney Wish,BAHAMAS,BAHAMAS,3,True,True,False,2027-12-24,2027-12-27,Port Canaveral,Port Canaveral
11,5_western_caribbean_galveston,5-Night Western Caribbean Cruise from Galveston,PGO,,"Progreso, Mexico",1,No,DM1836,30885066,5GLS,Disney Magic,CARIBBEAN,WESTERN,5,True,True,False,2028-01-16,2028-01-21,Galveston,Galveston
11,5_bahamian_port_canaveral_halloween,5-Night Bahamian Cruise from Port Canaveral,"GOC,LPT,NAS",,"Disney Castaway Cay, Disney Lookout Cay at Lighthouse Point, Nassau, Bahamas",9,Yes,DF0834,30056311,5PCV,Disney Fantasy,BAHAMAS,BAHAMAS,5,True,True,False,2026-10-18,2026-10-23,Port Canaveral,Port Canaveral
11,5_bahamian_port_canaveral_halloween,5-Night Bahamian Cruise from Port Canaveral,"GOC,LPT,NAS",,"Disney Castaway Cay, Disney Lookout Cay at Lighthouse Point, Nassau, Bahamas",9,Yes,DF0835,30056312,5PCV,Disney Fantasy,BAHAMAS,BAHAMAS,5,True,True,False,2026-10-23,2026-10-28,Port Canaveral,Port Canaveral
11,5_bahamian_port_canaveral_halloween,5-Night Bahamian Cruise from Port Canaveral,"GOC,LPT,NAS",,"Disney Castaway Cay, Disney Lookout Cay at Lighthouse Point, Nassau, Bahamas",9,Yes,DF0910,30866884,5PCV,Disney Fantasy,BAHAMAS,BAHAMAS,5,True,True,False,2027-09-24,2027-09-29,Port Canaveral,Port Canaveral
11,5_bahamian_port_canaveral_halloween,5-Night Bahamian Cruise from Port Canaveral,"GOC,LPT,NAS",,"Disney Castaway Cay, Disney Lookout Cay at Lighthouse Point, Nassau, Bahamas",9,Yes,DF0909,30866883,5PCV,Disney Fantasy,BAHAMAS,BAHAMAS,5,True,True,False,2027-09-19,2027-09-24,Port Canaveral,Port Canaveral
11,5_bahamian_port_canaveral_halloween,5-Night Bahamian Cruise from Port Canaveral,"GOC,LPT,NAS",,"Disney Castaway Cay, Disney Lookout Cay at Lighthouse Point, Nassau, Bahamas",9,Yes,DF0913,30866887,5PCV,Disney Fantasy,BAHAMAS,BAHAMAS,5,True,True,False,2027-10-08,2027-10-13,Port Canaveral,Port Canaveral
11,5_bahamian_port_canaveral_halloween,5-Night Bahamian Cruise from Port Canaveral,"GOC,LPT,NAS",,"Disney Castaway Cay, Disney Lookout Cay at Lighthouse Point, Nassau, Bahamas",9,Yes,DF0912,30866886,5PCV,Disney Fantasy,BAHAMAS,BAHAMAS,5,True,True,False,2027-10-03,2027-10-08,Port Canaveral,Port Canaveral
11,5_bahamian_port_canaveral_halloween,5-Night Bahamian Cruise from Port Canaveral,"GOC,LPT,NAS",,"Disney Castaway Cay, Disney Lookout Cay at Lighthouse Point, Nassau, Bahamas",9,Yes,DF0916,30866890,5PCV,Disney Fantasy,BAHAMAS,BAHAMAS,5,True,True,False,2027-10-22,2027-10-27,Port Canaveral,Port Canaveral
11,5_bahamian_port_canaveral_halloween,5-Night Bahamian Cruise from Port Canaveral,"GOC,LPT,NAS",,"Disney Castaway Cay, Disney Lookout Cay at Lighthouse Point, Nassau, Bahamas",9,Yes,DF0915,30866889,5PCV,Disney Fantasy,BAHAMAS,BAHAMAS,5,True,True,False,2027-10-17,2027-10-22,Port Canaveral,Port Canaveral
11,5_bahamian_port_canaveral_halloween,5-Night Bahamian Cruise from Port Canaveral,"GOC,LPT,NAS",,"Disney Castaway Cay, Disney Lookout Cay at Lighthouse Point, Nassau, Bahamas",9,Yes,DF0918,30866892,5PCV,Disney Fantasy,BAHAMAS,BAHAMAS,5,True,True,False,2027-10-31,2027-11-05,Port Canaveral,Port Canaveral
11,5_bahamian_port_canaveral,5-Night Bahamian Cruise from Port Canaveral,"GOC,LPT,NAS",,"Disney Castaway Cay, Nassau, Bahamas, Disney Lookout Cay at Lighthouse Point",36,No,DF0837,30056314,5PCV,Disney Fantasy,BAHAMAS,BAHAMAS,5,True,True,False,2026-11-01,2026-11-06,Port Canaveral,Port Canaveral
11,5_bahamian_port_canaveral,5-Night Bahamian Cruise from Port Canaveral,"GOC,LPT,NAS",,"Disney Castaway Cay, Nassau, Bahamas, Disney Lookout Cay at Lighthouse Point",36,No,DF0838,30056315,5PCV,Disney Fantasy,BAHAMAS,BAHAMAS,5,True,True,False,2026-11-06,2026-11-11,Port Canaveral,Port Canaveral
11,5_bahamian_port_canaveral,5-Night Bahamian Cruise from Port Canaveral,"GOC,LPT,NAS",,"Disney Castaway Cay, Nassau, Bahamas, Disney Lookout Cay at Lighthouse Point",36,No,DF0903,30468994,5PCV,Disney Fantasy,BAHAMAS,BAHAMAS,5,True,True,False,2027-08-22,2027-08-27,Port Canaveral,Port Canaveral
11,5_bahamian_port_canaveral,5-Night Bahamian Cruise from Port Canaveral,"GOC,LPT,NAS",,"Disney Castaway Cay, Nassau, Bahamas, Disney Lookout Cay at Lighthouse Point",36,No,DF0853,30056330,5PCV,Disney Fantasy,BAHAMAS,BAHAMAS,5,True,True,False,2027-01-10,2027-01-15,Port Canaveral,Port Canaveral
11,5_bahamian_port_canaveral,5-Night Bahamian Cruise from Port Canaveral,"GOC,LPT,NAS",,"Disney Castaway Cay, Nassau, Bahamas, Disney Lookout Cay at Lighthouse Point",36,No,DF0906,30468997,5PCV,Disney Fantasy,BAHAMAS,BAHAMAS,5,True,True,False,2027-09-05,2027-09-10,Port Canaveral,Port Canaveral
11,5_bahamian_port_canaveral,5-Night Bahamian Cruise from Port Canaveral,"GOC,LPT,NAS",,"Disney Castaway Cay, Nassau, Bahamas, Disney Lookout Cay at Lighthouse Point",36,No,DF0878,30056355,5PCV,Disney Fantasy,BAHAMAS,BAHAMAS,5,True,True,False,2027-05-07,2027-05-12,Port Canaveral,Port Canaveral
11,5_bahamian_port_canaveral,5-Night Bahamian Cruise from Port Canaveral,"GOC,LPT,NAS",,"Disney Castaway Cay, Nassau, Bahamas, Disney Lookout Cay at Lighthouse Point",36,No,DF0880,30056357,5PCV,Disney Fantasy,BAHAMAS,BAHAMAS,5,True,True,False,2027-05-16,2027-05-21,Port Canaveral,Port Canaveral
11,5_bahamian_port_canaveral,5-Night Bahamian Cruise from Port Canaveral,"GOC,LPT,NAS",,"Disney Castaway Cay, Nassau, Bahamas, Disney Lookout Cay at Lighthouse Point",36,No,DF0863,30056340,5PCV,Disney Fantasy,BAHAMAS,BAHAMAS,5,True,True,False,2027-02-26,2027-03-03,Port Canaveral,Port Canaveral
11,5_bahamian_port_canaveral,5-Night Bahamian Cruise from Port Canaveral,"GOC,LPT,NAS",,"Disney Castaway Cay, Nassau, Bahamas, Disney Lookout Cay at Lighthouse Point",36,No,DF0877,30056354,5PCV,Disney Fantasy,BAHAMAS,BAHAMAS,5,True,True,False,2027-05-02,2027-05-07,Port Canaveral,Port Canaveral
11,5_bahamian_port_canaveral,5-Night Bahamian Cruise from Port Canaveral,"GOC,LPT,NAS",,"Disney Castaway Cay, Nassau, Bahamas, Disney Lookout Cay at Lighthouse Point",36,No,WD0189,30860686,5PCV,Disney Destiny,BAHAMAS,BAHAMAS,5,True,True,False,2028-04-21,2028-04-26,Port Canaveral,Port Canaveral
11,5_bahamian_port_canaveral,5-Night Bahamian Cruise from Port Canaveral,"GOC,LPT,NAS",,"Disney Castaway Cay, Nassau, Bahamas, Disney Lookout Cay at Lighthouse Point",36,No,WD0168,30860665,5PCV,Disney Destiny,BAHAMAS,BAHAMAS,5,True,True,False,2028-01-14,2028-01-19,Port Canaveral,Port Canaveral
11,5_bahamian_port_canaveral,5-Night Bahamian Cruise from Port Canaveral,"GOC,LPT,NAS",,"Disney Castaway Cay, Nassau, Bahamas, Disney Lookout Cay at Lighthouse Point",36,No,WD0171,30860668,5PCV,Disney Destiny,BAHAMAS,BAHAMAS,5,True,True,False,2028-01-28,2028-02-02,Port Canaveral,Port Canaveral
11,5_bahamian_port_canaveral,5-Night Bahamian Cruise from Port Canaveral,"GOC,LPT,NAS",,"Disney Castaway Cay, Nassau, Bahamas, Disney Lookout Cay at Lighthouse Point",36,No,WD0170,30860667,5PCV,Disney Destiny,BAHAMAS,BAHAMAS,5,True,True,False,2028-01-23,2028-01-28,Port Canaveral,Port Canaveral
11,5_bahamian_port_canaveral,5-Night Bahamian Cruise from Port Canaveral,"GOC,LPT,NAS",,"Disney Castaway Cay, Nassau, Bahamas, Disney Lookout Cay at Lighthouse Point",36,No,DF0881,30056358,5PCV,Disney Fantasy,BAHAMAS,BAHAMAS,5,True,True,False,2027-05-21,2027-05-26,Port Canaveral,Port Canaveral
11,5_bahamian_port_canaveral,5-Night Bahamian Cruise from Port Canaveral,"GOC,LPT,NAS",,"Disney Castaway Cay, Nassau, Bahamas, Disney Lookout Cay at Lighthouse Point",36,No,WD0191,30860688,5PCV,Disney Destiny,BAHAMAS,BAHAMAS,5,True,True,False,2028-04-30,2028-05-05,Port Canaveral,Port Canaveral
11,5_bahamian_port_canaveral,5-Night Bahamian Cruise from Port Canaveral,"GOC,LPT,NAS",,"Disney Castaway Cay, Nassau, Bahamas, Disney Lookout Cay at Lighthouse Point",36,No,WD0177,30860674,5PCV,Disney Destiny,BAHAMAS,BAHAMAS,5,True,True,False,2028-02-25,2028-03-01,Port Canaveral,Port Canaveral
11,5_bahamian_port_canaveral,5-Night Bahamian Cruise from Port Canaveral,"GOC,LPT,NAS",,"Disney Castaway Cay, Nassau, Bahamas, Disney Lookout Cay at Lighthouse Point",36,No,WD0166,30860663,5PCV,Disney Destiny,BAHAMAS,BAHAMAS,5,True,True,False,2028-01-03,2028-01-08,Port Canaveral,Port Canaveral
11,5_bahamian_port_canaveral,5-Night Bahamian Cruise from Port Canaveral,"GOC,LPT,NAS",,"Disney Castaway Cay, Nassau, Bahamas, Disney Lookout Cay at Lighthouse Point",36,No,WD0173,30860670,5PCV,Disney Destiny,BAHAMAS,BAHAMAS,5,True,True,False,2028-02-06,2028-02-11,Port Canaveral,Port Canaveral
11,5_bahamian_port_canaveral,5-Night Bahamian Cruise from Port Canaveral,"GOC,LPT,NAS",,"Disney Castaway Cay, Nassau, Bahamas, Disney Lookout Cay at Lighthouse Point",36,No,WD0174,30860671,5PCV,Disney Destiny,BAHAMAS,BAHAMAS,5,True,True,False,2028-02-11,2028-02-16,Port Canaveral,Port Canaveral
11,5_bahamian_port_canaveral,5-Night Bahamian Cruise from Port Canaveral,"GOC,LPT,NAS",,"Disney Castaway Cay, Nassau, Bahamas, Disney Lookout Cay at Lighthouse Point",36,No,DF0865,30056342,5PCV,Disney Fantasy,BAHAMAS,BAHAMAS,5,True,True,False,2027-03-07,2027-03-12,Port Canaveral,Port Canaveral
11,5_bahamian_port_canaveral,5-Night Bahamian Cruise from Port Canaveral,"GOC,LPT,NAS",,"Disney Castaway Cay, Nassau, Bahamas, Disney Lookout Cay at Lighthouse Point",36,No,DF0866,30056343,5PCV,Disney Fantasy,BAHAMAS,BAHAMAS,5,True,True,False,2027-03-12,2027-03-17,Port Canaveral,Port Canaveral
11,5_bahamian_port_canaveral,5-Night Bahamian Cruise from Port Canaveral,"GOC,LPT,NAS",,"Disney Castaway Cay, Nassau, Bahamas, Disney Lookout Cay at Lighthouse Point",36,No,WD0185,30860682,5PCV,Disney Destiny,BAHAMAS,BAHAMAS,5,True,True,False,2028-04-02,2028-04-07,Port Canaveral,Port Canaveral
11,5_bahamian_port_canaveral,5-Night Bahamian Cruise from Port Canaveral,"GOC,LPT,NAS",,"Disney Castaway Cay, Nassau, Bahamas, Disney Lookout Cay at Lighthouse Point",36,No,WD0186,30860683,5PCV,Disney Destiny,BAHAMAS,BAHAMAS,5,True,True,False,2028-04-07,2028-04-12,Port Canaveral,Port Canaveral
11,5_bahamian_port_canaveral,5-Night Bahamian Cruise from Port Canaveral,"GOC,LPT,NAS",,"Disney Castaway Cay, Nassau, Bahamas, Disney Lookout Cay at Lighthouse Point",36,No,DF0900,30468991,5PCV,Disney Fantasy,BAHAMAS,BAHAMAS,5,True,True,False,2027-08-08,2027-08-13,Port Canaveral,Port Canaveral
11,5_bahamian_port_canaveral,5-Night Bahamian Cruise from Port Canaveral,"GOC,LPT,NAS",,"Disney Castaway Cay, Nassau, Bahamas, Disney Lookout Cay at Lighthouse Point",36,No,WD0176,30860673,5PCV,Disney Destiny,BAHAMAS,BAHAMAS,5,True,True,False,2028-02-20,2028-02-25,Port Canaveral,Port Canaveral
11,5_bahamian_port_canaveral,5-Night Bahamian Cruise from Port Canaveral,"GOC,LPT,NAS",,"Disney Castaway Cay, Nassau, Bahamas, Disney Lookout Cay at Lighthouse Point",36,No,WD0183,30860680,5PCV,Disney Destiny,BAHAMAS,BAHAMAS,5,True,True,False,2028-03-24,2028-03-29,Port Canaveral,Port Canaveral
11,5_bahamian_port_canaveral,5-Night Bahamian Cruise from Port Canaveral,"GOC,LPT,NAS",,"Disney Castaway Cay, Nassau, Bahamas, Disney Lookout Cay at Lighthouse Point",36,No,WD0182,30860679,5PCV,Disney Destiny,BAHAMAS,BAHAMAS,5,True,True,False,2028-03-19,2028-03-24,Port Canaveral,Port Canaveral
11,5_bahamian_port_canaveral,5-Night Bahamian Cruise from Port Canaveral,"GOC,LPT,NAS",,"Disney Castaway Cay, Nassau, Bahamas, Disney Lookout Cay at Lighthouse Point",36,No,DF0883,30056360,5PCV,Disney Fantasy,BAHAMAS,BAHAMAS,5,True,True,False,2027-05-30,2027-06-04,Port Canaveral,Port Canaveral
11,5_bahamian_port_canaveral,5-Night Bahamian Cruise from Port Canaveral,"GOC,LPT,NAS",,"Disney Castaway Cay, Nassau, Bahamas, Disney Lookout Cay at Lighthouse Point",36,No,WD0179,30860676,5PCV,Disney Destiny,BAHAMAS,BAHAMAS,5,True,True,False,2028-03-05,2028-03-10,Port Canaveral,Port Canaveral
11,5_bahamian_port_canaveral,5-Night Bahamian Cruise from Port Canaveral,"GOC,LPT,NAS",,"Disney Castaway Cay, Nassau, Bahamas, Disney Lookout Cay at Lighthouse Point",36,No,WD0180,30860677,5PCV,Disney Destiny,BAHAMAS,BAHAMAS,5,True,True,False,2028-03-10,2028-03-15,Port Canaveral,Port Canaveral
11,5_bahamian_port_canaveral,5-Night Bahamian Cruise from Port Canaveral,"GOC,LPT,NAS",,"Disney Castaway Cay, Nassau, Bahamas, Disney Lookout Cay at Lighthouse Point",36,No,DF0887,30468909,5PCV,Disney Fantasy,BAHAMAS,BAHAMAS,5,True,True,False,2027-06-04,2027-06-09,Port Canaveral,Port Canaveral
11,5_bahamian_port_canaveral,5-Night Bahamian Cruise from Port Canaveral,"GOC,LPT,NAS",,"Disney Castaway Cay, Nassau, Bahamas, Disney Lookout Cay at Lighthouse Point",36,No,DF0889,30468911,5PCV,Disney Fantasy,BAHAMAS,BAHAMAS,5,True,True,False,2027-06-13,2027-06-18,Port Canaveral,Port Canaveral
11,5_bahamian_port_canaveral,5-Night Bahamian Cruise from Port Canaveral,"GOC,LPT,NAS",,"Disney Castaway Cay, Nassau, Bahamas, Disney Lookout Cay at Lighthouse Point",36,No,DF0893,30468984,5PCV,Disney Fantasy,BAHAMAS,BAHAMAS,5,True,True,False,2027-07-02,2027-07-07,Port Canaveral,Port Canaveral
11,5_bahamian_port_canaveral,5-Night Bahamian Cruise from Port Canaveral,"GOC,LPT,NAS",,"Disney Castaway Cay, Nassau, Bahamas, Disney Lookout Cay at Lighthouse Point",36,No,DF0868,30056345,5PCV,Disney Fantasy,BAHAMAS,BAHAMAS,5,True,True,False,2027-03-21,2027-03-26,Port Canaveral,Port Canaveral
11,5_bahamian_port_canaveral,5-Night Bahamian Cruise from Port Canaveral,"GOC,LPT,NAS",,"Disney Castaway Cay, Nassau, Bahamas, Disney Lookout Cay at Lighthouse Point",36,No,WD0188,30860685,5PCV,Disney Destiny,BAHAMAS,BAHAMAS,5,True,True,False,2028-04-16,2028-04-21,Port Canaveral,Port Canaveral
11,5_bahamian_port_canaveral,5-Night Bahamian Cruise from Port Canaveral,"GOC,LPT,NAS",,"Disney Castaway Cay, Nassau, Bahamas, Disney Lookout Cay at Lighthouse Point",36,No,WD0165,30860662,5PCV,Disney Destiny,BAHAMAS,BAHAMAS,5,True,True,False,2027-12-29,2028-01-03,Port Canaveral,Port Canaveral
12,3_bahamian_fort_lauderdale,3-Night Bahamian Cruise from Fort Lauderdale,GOC,,Disney Castaway Cay,1,No,WD0138,30469038,3PEF,Disney Destiny,BAHAMAS,BAHAMAS,3,True,True,False,2027-09-03,2027-09-06,Fort Lauderdale,Fort Lauderdale
12,4_bahamian_fort_lauderdale_merrytime,4-Night Bahamian Cruise from Fort Lauderdale,"GOC,NAS",,"Nassau, Bahamas, Disney Castaway Cay",1,Yes,WD0078,30056840,4PEF,Disney Destiny,BAHAMAS,BAHAMAS,4,True,True,False,2026-11-12,2026-11-16,Fort Lauderdale,Fort Lauderdale
12,4_bahamian_fort_lauderdale_merrytime,4-Night Bahamian Cruise from Fort Lauderdale,"LPT,NAS",,"Disney Lookout Cay at Lighthouse Point, Nassau, Bahamas",4,Yes,DD1530,30063669,4PEF,Disney Dream,BAHAMAS,BAHAMAS,4,True,True,False,2026-11-23,2026-11-27,Fort Lauderdale,Fort Lauderdale
12,4_bahamian_fort_lauderdale_merrytime,4-Night Bahamian Cruise from Fort Lauderdale,"LPT,NAS",,"Disney Lookout Cay at Lighthouse Point, Nassau, Bahamas",4,Yes,DD1635,30888007,4PEF,Disney Dream,BAHAMAS,BAHAMAS,4,True,True,False,2027-12-13,2027-12-17,Fort Lauderdale,Fort Lauderdale
12,4_bahamian_fort_lauderdale_merrytime,4-Night Bahamian Cruise from Fort Lauderdale,"LPT,NAS",,"Disney Lookout Cay at Lighthouse Point, Nassau, Bahamas",4,Yes,DF0927,30867066,4PEF,Disney Fantasy,BAHAMAS,BAHAMAS,4,True,True,False,2027-12-15,2027-12-19,Fort Lauderdale,Fort Lauderdale
12,4_bahamian_fort_lauderdale_merrytime,4-Night Bahamian Cruise from Fort Lauderdale,"LPT,NAS",,"Disney Lookout Cay at Lighthouse Point, Nassau, Bahamas",4,Yes,WD0154,30853271,4PEF,Disney Destiny,BAHAMAS,BAHAMAS,4,True,True,False,2027-11-11,2027-11-15,Fort Lauderdale,Fort Lauderdale
12,5_western_fort_lauderdale,5-Night Western Caribbean Cruise from Fort Lauderdale,"CZM,GOC",,"Disney Castaway Cay, Cozumel, Mexico",16,No,WD0091,30056853,5PEF,Disney Destiny,CARIBBEAN,WESTERN,5,True,True,False,2027-01-16,2027-01-21,Fort Lauderdale,Fort Lauderdale
12,5_western_fort_lauderdale,5-Night Western Caribbean Cruise from Fort Lauderdale,"CZM,GOC",,"Disney Castaway Cay, Cozumel, Mexico",16,No,WD0077,30056839,5PEF,Disney Destiny,CARIBBEAN,WESTERN,5,True,True,False,2026-11-07,2026-11-12,Fort Lauderdale,Fort Lauderdale
12,5_western_fort_lauderdale,5-Night Western Caribbean Cruise from Fort Lauderdale,"CZM,GOC",,"Disney Castaway Cay, Cozumel, Mexico",16,No,DD1672,30888394,5PEF,Disney Dream,CARIBBEAN,WESTERN,5,True,True,False,2028-04-21,2028-04-26,Fort Lauderdale,Fort Lauderdale
12,5_western_fort_lauderdale,5-Night Western Caribbean Cruise from Fort Lauderdale,"CZM,GOC",,"Disney Castaway Cay, Cozumel, Mexico",16,No,WD0108,30056870,5PEF,Disney Destiny,CARIBBEAN,WESTERN,5,True,True,False,2027-04-10,2027-04-15,Fort Lauderdale,Fort Lauderdale
12,5_western_fort_lauderdale,5-Night Western Caribbean Cruise from Fort Lauderdale,"CZM,GOC",,"Disney Castaway Cay, Cozumel, Mexico",16,No,WD0099,30056861,5PEF,Disney Destiny,CARIBBEAN,WESTERN,5,True,True,False,2027-02-27,2027-03-04,Fort Lauderdale,Fort Lauderdale
12,5_western_fort_lauderdale,5-Night Western Caribbean Cruise from Fort Lauderdale,"CZM,GOC",,"Disney Castaway Cay, Cozumel, Mexico",16,No,WD0114,30056876,5PEF,Disney Destiny,CARIBBEAN,WESTERN,5,True,True,False,2027-05-08,2027-05-13,Fort Lauderdale,Fort Lauderdale
12,5_western_fort_lauderdale,5-Night Western Caribbean Cruise from Fort Lauderdale,"CZM,GOC",,"Disney Castaway Cay, Cozumel, Mexico",16,No,WD0111,30056873,5PEF,Disney Destiny,CARIBBEAN,WESTERN,5,True,True,False,2027-04-24,2027-04-29,Fort Lauderdale,Fort Lauderdale
12,5_western_fort_lauderdale,5-Night Western Caribbean Cruise from Fort Lauderdale,"CZM,GOC",,"Disney Castaway Cay, Cozumel, Mexico",16,No,WD0088,30056850,5PEF,Disney Destiny,CARIBBEAN,WESTERN,5,True,True,False,2027-01-02,2027-01-07,Fort Lauderdale,Fort Lauderdale
12,5_western_fort_lauderdale,5-Night Western Caribbean Cruise from Fort Lauderdale,"CZM,GOC",,"Disney Castaway Cay, Cozumel, Mexico",16,No,WD0117,30056879,5PEF,Disney Destiny,CARIBBEAN,WESTERN,5,True,True,False,2027-05-22,2027-05-27,Fort Lauderdale,Fort Lauderdale
12,5_western_fort_lauderdale,5-Night Western Caribbean Cruise from Fort Lauderdale,"CZM,GOC",,"Disney Castaway Cay, Cozumel, Mexico",16,No,WD0133,30469033,5PEF,Disney Destiny,CARIBBEAN,WESTERN,5,True,True,False,2027-08-14,2027-08-19,Fort Lauderdale,Fort Lauderdale
12,5_western_fort_lauderdale,5-Night Western Caribbean Cruise from Fort Lauderdale,"CZM,GOC",,"Disney Castaway Cay, Cozumel, Mexico",16,No,WD0096,30056858,5PEF,Disney Destiny,CARIBBEAN,WESTERN,5,True,True,False,2027-02-13,2027-02-18,Fort Lauderdale,Fort Lauderdale
12,5_western_fort_lauderdale,5-Night Western Caribbean Cruise from Fort Lauderdale,"CZM,GOC",,"Disney Castaway Cay, Cozumel, Mexico",16,No,WD0102,30056864,5PEF,Disney Destiny,CARIBBEAN,WESTERN,5,True,True,False,2027-03-13,2027-03-18,Fort Lauderdale,Fort Lauderdale
12,5_western_fort_lauderdale,5-Night Western Caribbean Cruise from Fort Lauderdale,"CZM,GOC",,"Disney Castaway Cay, Cozumel, Mexico",16,No,WD0128,30469028,5PEF,Disney Destiny,CARIBBEAN,WESTERN,5,True,True,False,2027-07-17,2027-07-22,Fort Lauderdale,Fort Lauderdale
12,5_western_fort_lauderdale,5-Night Western Caribbean Cruise from Fort Lauderdale,"CZM,GOC",,"Disney Castaway Cay, Cozumel, Mexico",16,No,WD0125,30469025,5PEF,Disney Destiny,CARIBBEAN,WESTERN,5,True,True,False,2027-07-03,2027-07-08,Fort Lauderdale,Fort Lauderdale
12,5_western_fort_lauderdale,5-Night Western Caribbean Cruise from Fort Lauderdale,"CZM,GOC",,"Disney Castaway Cay, Cozumel, Mexico",16,No,WD0120,30469020,5PEF,Disney Destiny,CARIBBEAN,WESTERN,5,True,True,False,2027-06-05,2027-06-10,Fort Lauderdale,Fort Lauderdale
12,5_western_fort_lauderdale,5-Night Western Caribbean Cruise from Fort Lauderdale,"CZM,GOC",,"Disney Castaway Cay, Cozumel, Mexico",16,No,WD0105,30056867,5PEF,Disney Destiny,CARIBBEAN,WESTERN,5,True,True,False,2027-03-27,2027-04-01,Fort Lauderdale,Fort Lauderdale
12,7_mexican_riviera_halloween,7-Night Mexican Riviera Cruise from San Diego,"CSL,ESE,PVR",,"Ensenada, Mexico, Cabo San Lucas, Mexico, Puerto Vallarta, Mexico",2,Yes,DM1758,30063263,7SAN,Disney Magic,MEXICAN RIVIERA,BAJA,7,True,True,False,2026-10-30,2026-11-06,San Diego,San Diego
12,7_mexican_riviera_halloween,7-Night Mexican Riviera Cruise from San Diego,"CSL,ESE,PVR",,"Ensenada, Mexico, Cabo San Lucas, Mexico, Puerto Vallarta, Mexico",2,Yes,DM1817,30884974,7SAN,Disney Magic,MEXICAN RIVIERA,BAJA,7,True,True,False,2027-10-03,2027-10-10,San Diego,San Diego
13,5_western_caribbean_fort_lauderdale_halloween,5-Night Western Caribbean Cruise from Fort Lauderdale,"CZM,GOC",,"Cozumel, Mexico, Disney Castaway Cay",4,Yes,WD0074,30056836,5PEF,Disney Destiny,CARIBBEAN,WESTERN,5,True,True,False,2026-10-24,2026-10-29,Fort Lauderdale,Fort Lauderdale
13,5_western_caribbean_fort_lauderdale_halloween,5-Night Western Caribbean Cruise from Fort Lauderdale,"CZM,GOC",,"Cozumel, Mexico, Disney Castaway Cay",4,Yes,WD0150,30853267,5PEF,Disney Destiny,CARIBBEAN,WESTERN,5,True,True,False,2027-10-23,2027-10-28,Fort Lauderdale,Fort Lauderdale
13,5_western_caribbean_fort_lauderdale_halloween,5-Night Western Caribbean Cruise from Fort Lauderdale,"CZM,GOC",,"Cozumel, Mexico, Disney Castaway Cay",4,Yes,WD0147,30853264,5PEF,Disney Destiny,CARIBBEAN,WESTERN,5,True,True,False,2027-10-09,2027-10-14,Fort Lauderdale,Fort Lauderdale
13,5_western_caribbean_fort_lauderdale_halloween,5-Night Western Caribbean Cruise from Fort Lauderdale,"CZM,GOC",,"Cozumel, Mexico, Disney Castaway Cay",4,Yes,WD0144,30853261,5PEF,Disney Destiny,CARIBBEAN,WESTERN,5,True,True,False,2027-09-25,2027-09-30,Fort Lauderdale,Fort Lauderdale
13,4_bahamian_port_canaveral,4-Night Bahamian Cruise from Port Canaveral,"GOC,LPT",,"Disney Lookout Cay at Lighthouse Point, Disney Castaway Cay",31,No,DD1605,30468012,4PCV,Disney Dream,BAHAMAS,BAHAMAS,4,True,True,False,2027-08-30,2027-09-03,Port Canaveral,Port Canaveral
13,4_bahamian_port_canaveral,4-Night Bahamian Cruise from Port Canaveral,"GOC,LPT",,"Disney Lookout Cay at Lighthouse Point, Disney Castaway Cay",31,No,WW0630,30887076,4PCV,Disney Wish,BAHAMAS,BAHAMAS,4,True,True,False,2028-02-07,2028-02-11,Port Canaveral,Port Canaveral
13,4_bahamian_port_canaveral,4-Night Bahamian Cruise from Port Canaveral,"GOC,LPT",,"Disney Lookout Cay at Lighthouse Point, Disney Castaway Cay",31,No,DF0873,30056350,4PCV,Disney Fantasy,BAHAMAS,BAHAMAS,4,True,True,False,2027-04-14,2027-04-18,Port Canaveral,Port Canaveral
13,4_bahamian_port_canaveral,4-Night Bahamian Cruise from Port Canaveral,"GOC,LPT",,"Disney Lookout Cay at Lighthouse Point, Disney Castaway Cay",31,No,DD1623,30887995,4PCV,Disney Dream,BAHAMAS,BAHAMAS,4,True,True,False,2027-11-01,2027-11-05,Port Canaveral,Port Canaveral
13,4_bahamian_port_canaveral,4-Night Bahamian Cruise from Port Canaveral,"GOC,LPT",,"Disney Lookout Cay at Lighthouse Point, Disney Castaway Cay",31,No,WW0551,30062310,4PCV,Disney Wish,BAHAMAS,BAHAMAS,4,True,True,False,2027-02-01,2027-02-05,Port Canaveral,Port Canaveral
13,4_bahamian_port_canaveral,4-Night Bahamian Cruise from Port Canaveral,"GOC,LPT",,"Disney Lookout Cay at Lighthouse Point, Disney Castaway Cay",31,No,WW0632,30887078,4PCV,Disney Wish,BAHAMAS,BAHAMAS,4,True,True,False,2028-02-14,2028-02-18,Port Canaveral,Port Canaveral
13,4_bahamian_port_canaveral,4-Night Bahamian Cruise from Port Canaveral,"GOC,LPT",,"Disney Lookout Cay at Lighthouse Point, Disney Castaway Cay",31,No,DF0876,30056353,4PCV,Disney Fantasy,BAHAMAS,BAHAMAS,4,True,True,False,2027-04-28,2027-05-02,Port Canaveral,Port Canaveral
13,4_bahamian_port_canaveral,4-Night Bahamian Cruise from Port Canaveral,"GOC,LPT",,"Disney Lookout Cay at Lighthouse Point, Disney Castaway Cay",31,No,DF0864,30056341,4PCV,Disney Fantasy,BAHAMAS,BAHAMAS,4,True,True,False,2027-03-03,2027-03-07,Port Canaveral,Port Canaveral
13,4_bahamian_port_canaveral,4-Night Bahamian Cruise from Port Canaveral,"GOC,LPT",,"Disney Lookout Cay at Lighthouse Point, Disney Castaway Cay",31,No,WW0547,30062306,4PCV,Disney Wish,BAHAMAS,BAHAMAS,4,True,True,False,2027-01-18,2027-01-22,Port Canaveral,Port Canaveral
13,4_bahamian_port_canaveral,4-Night Bahamian Cruise from Port Canaveral,"GOC,LPT",,"Disney Lookout Cay at Lighthouse Point, Disney Castaway Cay",31,No,DF0861,30056338,4PCV,Disney Fantasy,BAHAMAS,BAHAMAS,4,True,True,False,2027-02-17,2027-02-21,Port Canaveral,Port Canaveral
13,4_bahamian_port_canaveral,4-Night Bahamian Cruise from Port Canaveral,"GOC,LPT",,"Disney Lookout Cay at Lighthouse Point, Disney Castaway Cay",31,No,WW0543,30062302,4PCV,Disney Wish,BAHAMAS,BAHAMAS,4,True,True,False,2027-01-04,2027-01-08,Port Canaveral,Port Canaveral
13,4_bahamian_port_canaveral,4-Night Bahamian Cruise from Port Canaveral,"GOC,LPT",,"Disney Lookout Cay at Lighthouse Point, Disney Castaway Cay",31,No,DD1601,30468008,4PCV,Disney Dream,BAHAMAS,BAHAMAS,4,True,True,False,2027-08-16,2027-08-20,Port Canaveral,Port Canaveral
13,4_bahamian_port_canaveral,4-Night Bahamian Cruise from Port Canaveral,"GOC,LPT",,"Disney Lookout Cay at Lighthouse Point, Disney Castaway Cay",31,No,DD1573,30063715,4PCV,Disney Dream,BAHAMAS,BAHAMAS,4,True,True,False,2027-05-10,2027-05-14,Port Canaveral,Port Canaveral
13,4_bahamian_port_canaveral,4-Night Bahamian Cruise from Port Canaveral,"GOC,LPT",,"Disney Lookout Cay at Lighthouse Point, Disney Castaway Cay",31,No,DF0899,30468990,4PCV,Disney Fantasy,BAHAMAS,BAHAMAS,4,True,True,False,2027-08-04,2027-08-08,Port Canaveral,Port Canaveral
13,4_bahamian_port_canaveral,4-Night Bahamian Cruise from Port Canaveral,"GOC,LPT",,"Disney Lookout Cay at Lighthouse Point, Disney Castaway Cay",31,No,DF0867,30056344,4PCV,Disney Fantasy,BAHAMAS,BAHAMAS,4,True,True,False,2027-03-17,2027-03-21,Port Canaveral,Port Canaveral
13,4_bahamian_port_canaveral,4-Night Bahamian Cruise from Port Canaveral,"GOC,LPT",,"Disney Lookout Cay at Lighthouse Point, Disney Castaway Cay",31,No,WW0559,30062318,4PCV,Disney Wish,BAHAMAS,BAHAMAS,4,True,True,False,2027-03-01,2027-03-05,Port Canaveral,Port Canaveral
13,4_bahamian_port_canaveral,4-Night Bahamian Cruise from Port Canaveral,"GOC,LPT",,"Disney Lookout Cay at Lighthouse Point, Disney Castaway Cay",31,No,WW0646,30887092,4PCV,Disney Wish,BAHAMAS,BAHAMAS,4,True,True,False,2028-04-03,2028-04-07,Port Canaveral,Port Canaveral
13,4_bahamian_port_canaveral,4-Night Bahamian Cruise from Port Canaveral,"GOC,LPT",,"Disney Lookout Cay at Lighthouse Point, Disney Castaway Cay",31,No,DD1577,30063719,4PCV,Disney Dream,BAHAMAS,BAHAMAS,4,True,True,False,2027-05-24,2027-05-28,Port Canaveral,Port Canaveral
13,4_bahamian_port_canaveral,4-Night Bahamian Cruise from Port Canaveral,"GOC,LPT",,"Disney Lookout Cay at Lighthouse Point, Disney Castaway Cay",31,No,DF0870,30056347,4PCV,Disney Fantasy,BAHAMAS,BAHAMAS,4,True,True,False,2027-03-31,2027-04-04,Port Canaveral,Port Canaveral
13,4_bahamian_port_canaveral,4-Night Bahamian Cruise from Port Canaveral,"GOC,LPT",,"Disney Lookout Cay at Lighthouse Point, Disney Castaway Cay",31,No,DD1597,30468004,4PCV,Disney Dream,BAHAMAS,BAHAMAS,4,True,True,False,2027-08-02,2027-08-06,Port Canaveral,Port Canaveral
13,4_bahamian_port_canaveral,4-Night Bahamian Cruise from Port Canaveral,"GOC,LPT",,"Disney Lookout Cay at Lighthouse Point, Disney Castaway Cay",31,No,WW0638,30887084,4PCV,Disney Wish,BAHAMAS,BAHAMAS,4,True,True,False,2028-03-06,2028-03-10,Port Canaveral,Port Canaveral
13,4_bahamian_port_canaveral,4-Night Bahamian Cruise from Port Canaveral,"GOC,LPT",,"Disney Lookout Cay at Lighthouse Point, Disney Castaway Cay",31,No,DD1581,30467988,4PCV,Disney Dream,BAHAMAS,BAHAMAS,4,True,True,False,2027-06-07,2027-06-11,Port Canaveral,Port Canaveral
13,4_bahamian_port_canaveral,4-Night Bahamian Cruise from Port Canaveral,"GOC,LPT",,"Disney Lookout Cay at Lighthouse Point, Disney Castaway Cay",31,No,WW0555,30062314,4PCV,Disney Wish,BAHAMAS,BAHAMAS,4,True,True,False,2027-02-15,2027-02-19,Port Canaveral,Port Canaveral
13,4_bahamian_port_canaveral,4-Night Bahamian Cruise from Port Canaveral,"GOC,LPT",,"Disney Lookout Cay at Lighthouse Point, Disney Castaway Cay",31,No,DD1593,30468000,4PCV,Disney Dream,BAHAMAS,BAHAMAS,4,True,True,False,2027-07-19,2027-07-23,Port Canaveral,Port Canaveral
13,4_bahamian_port_canaveral,4-Night Bahamian Cruise from Port Canaveral,"GOC,LPT",,"Disney Lookout Cay at Lighthouse Point, Disney Castaway Cay",31,No,DD1585,30467992,4PCV,Disney Dream,BAHAMAS,BAHAMAS,4,True,True,False,2027-06-21,2027-06-25,Port Canaveral,Port Canaveral
13,4_bahamian_port_canaveral,4-Night Bahamian Cruise from Port Canaveral,"GOC,LPT",,"Disney Lookout Cay at Lighthouse Point, Disney Castaway Cay",31,No,DD1589,30467996,4PCV,Disney Dream,BAHAMAS,BAHAMAS,4,True,True,False,2027-07-05,2027-07-09,Port Canaveral,Port Canaveral
13,4_bahamian_port_canaveral,4-Night Bahamian Cruise from Port Canaveral,"GOC,LPT",,"Disney Lookout Cay at Lighthouse Point, Disney Castaway Cay",31,No,WW0542,30062301,4PCV,Disney Wish,BAHAMAS,BAHAMAS,4,True,True,False,2026-12-31,2027-01-04,Port Canaveral,Port Canaveral
13,4_bahamian_port_canaveral,4-Night Bahamian Cruise from Port Canaveral,"GOC,LPT",,"Disney Lookout Cay at Lighthouse Point, Disney Castaway Cay",31,No,WW0650,30887096,4PCV,Disney Wish,BAHAMAS,BAHAMAS,4,True,True,False,2028-04-17,2028-04-21,Port Canaveral,Port Canaveral
13,4_bahamian_port_canaveral,4-Night Bahamian Cruise from Port Canaveral,"GOC,LPT",,"Disney Lookout Cay at Lighthouse Point, Disney Castaway Cay",31,No,WW0563,30062322,4PCV,Disney Wish,BAHAMAS,BAHAMAS,4,True,True,False,2027-03-15,2027-03-19,Port Canaveral,Port Canaveral
13,4_bahamian_port_canaveral,4-Night Bahamian Cruise from Port Canaveral,"GOC,LPT",,"Disney Lookout Cay at Lighthouse Point, Disney Castaway Cay",31,No,WW0567,30062326,4PCV,Disney Wish,BAHAMAS,BAHAMAS,4,True,True,False,2027-03-29,2027-04-02,Port Canaveral,Port Canaveral
13,4_bahamian_port_canaveral,4-Night Bahamian Cruise from Port Canaveral,"GOC,LPT",,"Disney Lookout Cay at Lighthouse Point, Disney Castaway Cay",31,No,DF0850,30056327,4PCV,Disney Fantasy,BAHAMAS,BAHAMAS,4,True,True,False,2026-12-30,2027-01-03,Port Canaveral,Port Canaveral
13,4_eastern_caribbean_fort_lauderdale_san_juan,4-Night Eastern Caribbean Cruise from Fort Lauderdale ending in San Juan,"GOC,LPT,SJU",,"Disney Castaway Cay, Disney Lookout Cay at Lighthouse Point, San Juan, Puerto Rico",1,No,DD1566,30063705,4PESJ,Disney Dream,CARIBBEAN,EASTERN,4,True,True,False,2027-04-12,2027-04-16,Fort Lauderdale,San Juan
13,6_mexican_riviera_san_diego,6-Night Mexican Riviera Cruise from San Diego,"CSL,ESE",,"Cabo San Lucas, Mexico, Ensenada, Mexico",2,No,DW2331,30867371,6SAN,Disney Wonder,MEXICAN RIVIERA,BAJA,6,True,True,False,2028-04-28,2028-05-04,San Diego,San Diego
13,6_mexican_riviera_san_diego,6-Night Mexican Riviera Cruise from San Diego,"CSL,ESE",,"Cabo San Lucas, Mexico, Ensenada, Mexico",2,No,DW2254,30076990,6SAN,Disney Wonder,MEXICAN RIVIERA,BAJA,6,True,True,False,2027-04-30,2027-05-06,San Diego,San Diego
13,4_san_juan_port_canaveral,4-Night Eastern Caribbean Cruise from San Juan ending in Port Canaveral,"GOC,LPT,PCV",,"Disney Lookout Cay at Lighthouse Point, Disney Castaway Cay, Port Canaveral, Florida",2,No,WW0605,30887051,4SJPC,Disney Wish,CARIBBEAN,EASTERN,4,True,True,False,2027-11-12,2027-11-16,San Juan,Port Canaveral
13,4_san_juan_port_canaveral,4-Night Eastern Caribbean Cruise from San Juan ending in Port Canaveral,"GOC,LPT,PCV",,"Disney Lookout Cay at Lighthouse Point, Disney Castaway Cay, Port Canaveral, Florida",2,No,DD1568,30063710,4SJPC,Disney Dream,CARIBBEAN,EASTERN,4,True,True,False,2027-04-23,2027-04-27,San Juan,Port Canaveral
14,5_western_caribbean_port_canaveral_merrytime,5-Night Western Caribbean Cruise from Port Canaveral,"CZM,GOC",,"Disney Castaway Cay, Cozumel, Mexico",6,Yes,DF0844,30056321,5PCV,Disney Fantasy,CARIBBEAN,WESTERN,5,True,True,False,2026-12-04,2026-12-09,Port Canaveral,Port Canaveral
14,5_western_caribbean_port_canaveral_merrytime,5-Night Western Caribbean Cruise from Port Canaveral,"CZM,GOC",,"Disney Castaway Cay, Cozumel, Mexico",6,Yes,DF0841,30056318,5PCV,Disney Fantasy,CARIBBEAN,WESTERN,5,True,True,False,2026-11-20,2026-11-25,Port Canaveral,Port Canaveral
14,5_western_caribbean_port_canaveral_merrytime,5-Night Western Caribbean Cruise from Port Canaveral,"CZM,GOC",,"Disney Castaway Cay, Cozumel, Mexico",6,Yes,WD0160,30860645,5PCV,Disney Destiny,CARIBBEAN,WESTERN,5,True,True,False,2027-12-03,2027-12-08,Port Canaveral,Port Canaveral
14,5_western_caribbean_port_canaveral_merrytime,5-Night Western Caribbean Cruise from Port Canaveral,"CZM,GOC",,"Disney Castaway Cay, Cozumel, Mexico",6,Yes,DF0922,30866896,5PCV,Disney Fantasy,CARIBBEAN,WESTERN,5,True,True,False,2027-11-19,2027-11-24,Port Canaveral,Port Canaveral
14,5_western_caribbean_port_canaveral_merrytime,5-Night Western Caribbean Cruise from Port Canaveral,"CZM,GOC",,"Disney Castaway Cay, Cozumel, Mexico",6,Yes,DF0847,30056324,5PCV,Disney Fantasy,CARIBBEAN,WESTERN,5,True,True,False,2026-12-18,2026-12-23,Port Canaveral,Port Canaveral
14,5_western_caribbean_port_canaveral_merrytime,5-Night Western Caribbean Cruise from Port Canaveral,"CZM,GOC",,"Disney Castaway Cay, Cozumel, Mexico",6,Yes,WD0163,30860648,5PCV,Disney Destiny,CARIBBEAN,WESTERN,5,True,True,False,2027-12-17,2027-12-22,Port Canaveral,Port Canaveral
14,5_bahamian_port_canaveral_merrytime,5-Night Bahamian Cruise from Port Canaveral,"GOC,LPT,NAS",,"Disney Castaway Cay, Disney Lookout Cay at Lighthouse Point, Nassau, Bahamas",4,Yes,DF0846,30056323,5PCV,Disney Fantasy,BAHAMAS,BAHAMAS,5,True,True,False,2026-12-13,2026-12-18,Port Canaveral,Port Canaveral
14,5_bahamian_port_canaveral_merrytime,5-Night Bahamian Cruise from Port Canaveral,"GOC,LPT,NAS",,"Disney Castaway Cay, Disney Lookout Cay at Lighthouse Point, Nassau, Bahamas",4,Yes,DF0840,30056317,5PCV,Disney Fantasy,BAHAMAS,BAHAMAS,5,True,True,False,2026-11-15,2026-11-20,Port Canaveral,Port Canaveral
14,5_bahamian_port_canaveral_merrytime,5-Night Bahamian Cruise from Port Canaveral,"GOC,LPT,NAS",,"Disney Castaway Cay, Disney Lookout Cay at Lighthouse Point, Nassau, Bahamas",4,Yes,DF0843,30056320,5PCV,Disney Fantasy,BAHAMAS,BAHAMAS,5,True,True,False,2026-11-29,2026-12-04,Port Canaveral,Port Canaveral
14,5_bahamian_port_canaveral_merrytime,5-Night Bahamian Cruise from Port Canaveral,"GOC,LPT,NAS",,"Disney Castaway Cay, Disney Lookout Cay at Lighthouse Point, Nassau, Bahamas",4,Yes,WD0162,30860647,5PCV,Disney Destiny,BAHAMAS,BAHAMAS,5,True,True,False,2027-12-12,2027-12-17,Port Canaveral,Port Canaveral
14,5_eastern_caribbean_port_canaveral_san_juan_merrytime,5-Night Eastern Caribbean Cruise from Port Canaveral ending San Juan,"GOC,LPT,SJU,STT",,"Disney Castaway Cay, Disney Lookout Cay at Lighthouse Point, St. Thomas, U.S. Virgin Islands, San Juan, Puerto Rico",1,Yes,DF0924,30866898,5PCSJ,Disney Fantasy,CARIBBEAN,EASTERN,5,True,True,False,2027-11-28,2027-12-03,Port Canaveral ending San Juan,Port Canaveral ending San Juan
14,5_eastern_caribbean_san_juan_fort_lauderdale_merrytime,5-Night Eastern Caribbean Cruise from San Juan ending in Fort Lauderdale,"GOC,LPT,PEF,STT",,"St. Thomas, U.S. Virgin Islands, Disney Lookout Cay at Lighthouse Point, Disney Castaway Cay, Fort Lauderdale, Florida",1,Yes,DF0926,30867065,5SJPE,Disney Fantasy,CARIBBEAN,EASTERN,5,True,True,False,2027-12-10,2027-12-15,San Juan,Fort Lauderdale
14,5_bahamian_fort_lauderdale,5-Night Bahamian Cruise from Fort Lauderdale,"GOC,LPT,NAS",,"Nassau, Bahamas, Disney Lookout Cay at Lighthouse Point, Disney Castaway Cay",15,No,WD0076,30056838,5PEF,Disney Destiny,BAHAMAS,BAHAMAS,5,True,True,False,2026-11-02,2026-11-07,Fort Lauderdale,Fort Lauderdale
14,5_bahamian_fort_lauderdale,5-Night Bahamian Cruise from Fort Lauderdale,"GOC,LPT,NAS",,"Nassau, Bahamas, Disney Lookout Cay at Lighthouse Point, Disney Castaway Cay",15,No,WD0093,30056855,5PEF,Disney Destiny,BAHAMAS,BAHAMAS,5,True,True,False,2027-01-25,2027-01-30,Fort Lauderdale,Fort Lauderdale
14,5_bahamian_fort_lauderdale,5-Night Bahamian Cruise from Fort Lauderdale,"GOC,LPT,NAS",,"Nassau, Bahamas, Disney Lookout Cay at Lighthouse Point, Disney Castaway Cay",15,No,WD0153,30853270,5PEF,Disney Destiny,BAHAMAS,BAHAMAS,5,True,True,False,2027-11-06,2027-11-11,Fort Lauderdale,Fort Lauderdale
14,5_bahamian_fort_lauderdale,5-Night Bahamian Cruise from Fort Lauderdale,"GOC,LPT,NAS",,"Nassau, Bahamas, Disney Lookout Cay at Lighthouse Point, Disney Castaway Cay",15,No,WD0090,30056852,5PEF,Disney Destiny,BAHAMAS,BAHAMAS,5,True,True,False,2027-01-11,2027-01-16,Fort Lauderdale,Fort Lauderdale
14,5_bahamian_fort_lauderdale,5-Night Bahamian Cruise from Fort Lauderdale,"GOC,LPT,NAS",,"Nassau, Bahamas, Disney Lookout Cay at Lighthouse Point, Disney Castaway Cay",15,No,WD0152,30853269,5PEF,Disney Destiny,BAHAMAS,BAHAMAS,5,True,True,False,2027-11-01,2027-11-06,Fort Lauderdale,Fort Lauderdale
14,5_bahamian_fort_lauderdale,5-Night Bahamian Cruise from Fort Lauderdale,"GOC,LPT,NAS",,"Nassau, Bahamas, Disney Lookout Cay at Lighthouse Point, Disney Castaway Cay",15,No,WD0113,30056875,5PEF,Disney Destiny,BAHAMAS,BAHAMAS,5,True,True,False,2027-05-03,2027-05-08,Fort Lauderdale,Fort Lauderdale
14,5_bahamian_fort_lauderdale,5-Night Bahamian Cruise from Fort Lauderdale,"GOC,LPT,NAS",,"Nassau, Bahamas, Disney Lookout Cay at Lighthouse Point, Disney Castaway Cay",15,No,WD0098,30056860,5PEF,Disney Destiny,BAHAMAS,BAHAMAS,5,True,True,False,2027-02-22,2027-02-27,Fort Lauderdale,Fort Lauderdale
14,5_bahamian_fort_lauderdale,5-Night Bahamian Cruise from Fort Lauderdale,"GOC,LPT,NAS",,"Nassau, Bahamas, Disney Lookout Cay at Lighthouse Point, Disney Castaway Cay",15,No,DD1540,30063679,5PEF,Disney Dream,BAHAMAS,BAHAMAS,5,True,True,False,2027-01-03,2027-01-08,Fort Lauderdale,Fort Lauderdale
14,5_bahamian_fort_lauderdale,5-Night Bahamian Cruise from Fort Lauderdale,"GOC,LPT,NAS",,"Nassau, Bahamas, Disney Lookout Cay at Lighthouse Point, Disney Castaway Cay",15,No,WD0107,30056869,5PEF,Disney Destiny,BAHAMAS,BAHAMAS,5,True,True,False,2027-04-05,2027-04-10,Fort Lauderdale,Fort Lauderdale
14,5_bahamian_fort_lauderdale,5-Night Bahamian Cruise from Fort Lauderdale,"GOC,LPT,NAS",,"Nassau, Bahamas, Disney Lookout Cay at Lighthouse Point, Disney Castaway Cay",15,No,WD0116,30056878,5PEF,Disney Destiny,BAHAMAS,BAHAMAS,5,True,True,False,2027-05-17,2027-05-22,Fort Lauderdale,Fort Lauderdale
14,5_bahamian_fort_lauderdale,5-Night Bahamian Cruise from Fort Lauderdale,"GOC,LPT,NAS",,"Nassau, Bahamas, Disney Lookout Cay at Lighthouse Point, Disney Castaway Cay",15,No,WD0101,30056863,5PEF,Disney Destiny,BAHAMAS,BAHAMAS,5,True,True,False,2027-03-08,2027-03-13,Fort Lauderdale,Fort Lauderdale
14,5_bahamian_fort_lauderdale,5-Night Bahamian Cruise from Fort Lauderdale,"GOC,LPT,NAS",,"Nassau, Bahamas, Disney Lookout Cay at Lighthouse Point, Disney Castaway Cay",15,No,WD0119,30056881,5PEF,Disney Destiny,BAHAMAS,BAHAMAS,5,True,True,False,2027-05-31,2027-06-05,Fort Lauderdale,Fort Lauderdale
14,5_bahamian_fort_lauderdale,5-Night Bahamian Cruise from Fort Lauderdale,"GOC,LPT,NAS",,"Nassau, Bahamas, Disney Lookout Cay at Lighthouse Point, Disney Castaway Cay",15,No,WD0104,30056866,5PEF,Disney Destiny,BAHAMAS,BAHAMAS,5,True,True,False,2027-03-22,2027-03-27,Fort Lauderdale,Fort Lauderdale
14,5_bahamian_fort_lauderdale,5-Night Bahamian Cruise from Fort Lauderdale,"GOC,LPT,NAS",,"Nassau, Bahamas, Disney Lookout Cay at Lighthouse Point, Disney Castaway Cay",15,No,WD0122,30469022,5PEF,Disney Destiny,BAHAMAS,BAHAMAS,5,True,True,False,2027-06-14,2027-06-19,Fort Lauderdale,Fort Lauderdale
14,5_bahamian_fort_lauderdale,5-Night Bahamian Cruise from Fort Lauderdale,"GOC,LPT,NAS",,"Nassau, Bahamas, Disney Lookout Cay at Lighthouse Point, Disney Castaway Cay",15,No,WD0127,30469027,5PEF,Disney Destiny,BAHAMAS,BAHAMAS,5,True,True,False,2027-07-12,2027-07-17,Fort Lauderdale,Fort Lauderdale
15,5_bahamian_fort_lauderdale_merrytime,5-Night Bahamian Cruise from Fort Lauderdale,"GOC,LPT,NAS",,"Disney Lookout Cay at Lighthouse Point, Disney Castaway Cay, Nassau, Bahamas",4,Yes,WD0082,30056844,5PEF,Disney Destiny,BAHAMAS,BAHAMAS,5,True,True,False,2026-11-30,2026-12-05,Fort Lauderdale,Fort Lauderdale
15,5_bahamian_fort_lauderdale_merrytime,5-Night Bahamian Cruise from Fort Lauderdale,"GOC,LPT,NAS",,"Disney Lookout Cay at Lighthouse Point, Disney Castaway Cay, Nassau, Bahamas",4,Yes,WD0079,30056841,5PEF,Disney Destiny,BAHAMAS,BAHAMAS,5,True,True,False,2026-11-16,2026-11-21,Fort Lauderdale,Fort Lauderdale
15,5_bahamian_fort_lauderdale_merrytime,5-Night Bahamian Cruise from Fort Lauderdale,"GOC,LPT,NAS",,"Disney Lookout Cay at Lighthouse Point, Disney Castaway Cay, Nassau, Bahamas",4,Yes,DD1631,30888003,5PEF,Disney Dream,BAHAMAS,BAHAMAS,5,True,True,False,2027-11-28,2027-12-03,Fort Lauderdale,Fort Lauderdale
15,5_bahamian_fort_lauderdale_merrytime,5-Night Bahamian Cruise from Fort Lauderdale,"GOC,LPT,NAS",,"Disney Lookout Cay at Lighthouse Point, Disney Castaway Cay, Nassau, Bahamas",4,Yes,WD0155,30860640,5PEF,Disney Destiny,BAHAMAS,BAHAMAS,5,True,True,False,2027-11-15,2027-11-20,Fort Lauderdale,Fort Lauderdale
15,5_western_caribbean_port_canaveral,5-Night Western Caribbean Cruise from Port Canaveral,"CZM,GOC",,"Disney Castaway Cay, Cozumel, Mexico",5,No,DF0904,30468995,5PCV,Disney Fantasy,CARIBBEAN,WESTERN,5,True,True,False,2027-08-27,2027-09-01,Port Canaveral,Port Canaveral
15,5_western_caribbean_port_canaveral,5-Night Western Caribbean Cruise from Port Canaveral,"CZM,GOC",,"Disney Castaway Cay, Cozumel, Mexico",5,No,DF0907,30866881,5PCV,Disney Fantasy,CARIBBEAN,WESTERN,5,True,True,False,2027-09-10,2027-09-15,Port Canaveral,Port Canaveral
15,5_western_caribbean_port_canaveral,5-Night Western Caribbean Cruise from Port Canaveral,"CZM,GOC",,"Disney Castaway Cay, Cozumel, Mexico",5,No,DF0919,30866893,5PCV,Disney Fantasy,CARIBBEAN,WESTERN,5,True,True,False,2027-11-05,2027-11-10,Port Canaveral,Port Canaveral
15,5_western_caribbean_port_canaveral,5-Night Western Caribbean Cruise from Port Canaveral,"CZM,GOC",,"Disney Castaway Cay, Cozumel, Mexico",5,No,DF0898,30468989,5PCV,Disney Fantasy,CARIBBEAN,WESTERN,5,True,True,False,2027-07-30,2027-08-04,Port Canaveral,Port Canaveral
15,5_western_caribbean_port_canaveral,5-Night Western Caribbean Cruise from Port Canaveral,"CZM,GOC",,"Disney Castaway Cay, Cozumel, Mexico",5,No,DF0890,30468912,5PCV,Disney Fantasy,CARIBBEAN,WESTERN,5,True,True,False,2027-06-18,2027-06-23,Port Canaveral,Port Canaveral
15,5_western_caribbean_port_canaveral_pdas,5-Night Western Caribbean from Port Canaveral,"CZM,GOC",,"Disney Castaway Cay, Cozumel, Mexico",1,No,DF0857,30056334,5PCV,Disney Fantasy,CARIBBEAN,WESTERN,5,True,True,False,2027-01-29,2027-02-03,Port Canaveral,Port Canaveral
15,3_bahamian_fort_lauderdale,3-Night Bahamian Cruise from Fort Lauderdale,"GOC,NAS",,"Disney Castaway Cay, Nassau, Bahamas",1,No,DD1639,30888143,3PEF,Disney Dream,BAHAMAS,BAHAMAS,3,True,True,False,2027-12-27,2027-12-30,Fort Lauderdale,Fort Lauderdale
15,7_bahamian_galveston,7-Night Bahamian Cruise from Galveston,"GOC,LPT",,"Disney Lookout Cay at Lighthouse Point, Disney Castaway Cay",2,No,DM1837,30885067,7GLS,Disney Magic,BAHAMAS,BAHAMAS,7,True,True,False,2028-01-21,2028-01-28,Galveston,Galveston
15,7_bahamian_galveston,7-Night Bahamian Cruise from Galveston,"GOC,LPT",,"Disney Lookout Cay at Lighthouse Point, Disney Castaway Cay",2,No,DM1832,30885028,7GLS,Disney Magic,BAHAMAS,BAHAMAS,7,True,True,False,2027-12-27,2028-01-03,Galveston,Galveston
16,7_mexican_riviera,7-Night Mexican Riviera Cruise from San Diego,"CSL,ESE,MZT",,"Ensenada, Mexico, Cabo San Lucas, Mexico, Mazatlán, Mexico",1,No,DW2279,30867319,7SAN,Disney Wonder,MEXICAN RIVIERA,BAJA,7,True,True,False,2027-09-24,2027-10-01,San Diego,San Diego
16,7_mexican_riviera,7-Night Mexican Riviera Cruise from San Diego,"CSL,ESE,PVR",,"Ensenada, Mexico, Cabo San Lucas, Mexico, Puerto Vallarta, Mexico",6,No,DW2312,30867352,7SAN,Disney Wonder,MEXICAN RIVIERA,BAJA,7,True,True,False,2028-02-14,2028-02-21,San Diego,San Diego
16,7_mexican_riviera,7-Night Mexican Riviera Cruise from San Diego,"CSL,ESE,PVR",,"Ensenada, Mexico, Cabo San Lucas, Mexico, Puerto Vallarta, Mexico",6,No,DW2253,30076989,7SAN,Disney Wonder,MEXICAN RIVIERA,BAJA,7,True,True,False,2027-04-23,2027-04-30,San Diego,San Diego
16,7_mexican_riviera,7-Night Mexican Riviera Cruise from San Diego,"CSL,ESE,PVR",,"Ensenada, Mexico, Cabo San Lucas, Mexico, Puerto Vallarta, Mexico",6,No,DW2234,30076970,7SAN,Disney Wonder,MEXICAN RIVIERA,BAJA,7,True,True,False,2027-02-05,2027-02-12,San Diego,San Diego
16,7_mexican_riviera,7-Night Mexican Riviera Cruise from San Diego,"CSL,ESE,PVR",,"Ensenada, Mexico, Cabo San Lucas, Mexico, Puerto Vallarta, Mexico",6,No,DW2305,30867345,7SAN,Disney Wonder,MEXICAN RIVIERA,BAJA,7,True,True,False,2028-01-17,2028-01-24,San Diego,San Diego
16,7_mexican_riviera,7-Night Mexican Riviera Cruise from San Diego,"CSL,ESE,PVR",,"Ensenada, Mexico, Cabo San Lucas, Mexico, Puerto Vallarta, Mexico",6,No,DW2317,30867357,7SAN,Disney Wonder,MEXICAN RIVIERA,BAJA,7,True,True,False,2028-03-06,2028-03-13,San Diego,San Diego
16,7_mexican_riviera,7-Night Mexican Riviera Cruise from San Diego,"CSL,ESE,PVR",,"Ensenada, Mexico, Cabo San Lucas, Mexico, Puerto Vallarta, Mexico",6,No,DW2243,30076979,7SAN,Disney Wonder,MEXICAN RIVIERA,BAJA,7,True,True,False,2027-03-12,2027-03-19,San Diego,San Diego
16,4_bahamian_port_canaveral_merrytime,4-Night Bahamian Cruise from Port Canaveral,"LPT,NAS",,"Nassau, Bahamas, Disney Lookout Cay at Lighthouse Point",1,Yes,WW0610,30887056,4PCV,Disney Wish,BAHAMAS,BAHAMAS,4,True,True,False,2027-11-29,2027-12-03,Port Canaveral,Port Canaveral
16,5_western_caribbean_port_canaveral_halloween,5-Night Western Caribbean Cruise from Port Canaveral,"CZM,GOC",,"Disney Castaway Cay, Cozumel, Mexico",1,Yes,DF0832,30056309,5PCV,Disney Fantasy,CARIBBEAN,WESTERN,5,True,True,False,2026-10-09,2026-10-14,Port Canaveral,Port Canaveral
16,7_bahamian_galveston_mdas,7-Night Bahamian Cruise from Galveston,"GOC,NAS",,"Nassau, Bahamas, Disney Castaway Cay",2,No,DM1774,30063279,7GLS,Disney Magic,BAHAMAS,BAHAMAS,7,True,True,False,2027-01-24,2027-01-31,Galveston,Galveston
16,7_bahamian_galveston_mdas,7-Night Bahamian Cruise from Galveston,"GOC,NAS",,"Nassau, Bahamas, Disney Castaway Cay",2,No,DM1775,30063280,7GLS,Disney Magic,BAHAMAS,BAHAMAS,7,True,True,False,2027-01-31,2027-02-07,Galveston,Galveston
17,3_bahamian_fort_lauderdale_merrytime,3-Night Bahamian Cruise from Fort Lauderdale,LPT,,Disney Lookout Cay at Lighthouse Point,1,Yes,DD1638,30888010,3PEF,Disney Dream,BAHAMAS,BAHAMAS,3,True,True,False,2027-12-24,2027-12-27,Fort Lauderdale,Fort Lauderdale
17,7_eastern_caribbean_fort_lauderdale,7-Night Eastern Caribbean Cruise from Fort Lauderdale,"LPT,SJU,TOV",,"Disney Lookout Cay at Lighthouse Point, San Juan, Puerto Rico, Tortola, British Virgin Islands",2,No,DD1545,30063684,7PEF,Disney Dream,CARIBBEAN,EASTERNTT,7,True,True,False,2027-01-22,2027-01-29,Fort Lauderdale,Fort Lauderdale
17,7_eastern_caribbean_fort_lauderdale,7-Night Eastern Caribbean Cruise from Fort Lauderdale,"LPT,SJU,TOV",,"Disney Lookout Cay at Lighthouse Point, San Juan, Puerto Rico, Tortola, British Virgin Islands",2,No,DD1539,30063678,7PEF,Disney Dream,CARIBBEAN,EASTERNTT,7,True,True,False,2026-12-27,2027-01-03,Fort Lauderdale,Fort Lauderdale
17,7_mexican_riviera_san_diego_merrytime,7-Night Mexican Riviera Cruise from San Diego,"CSL,ESE,PVR",,"Ensenada, Mexico, Cabo San Lucas, Mexico, Puerto Vallarta, Mexico",2,Yes,DW2295,30867335,7SAN,Disney Wonder,MEXICAN RIVIERA,BAJA,7,True,True,False,2027-11-28,2027-12-05,San Diego,San Diego
17,7_mexican_riviera_san_diego_merrytime,7-Night Mexican Riviera Cruise from San Diego,"CSL,ESE,PVR",,"Ensenada, Mexico, Cabo San Lucas, Mexico, Puerto Vallarta, Mexico",2,Yes,DW2223,30076959,7SAN,Disney Wonder,MEXICAN RIVIERA,BAJA,7,True,True,False,2026-12-22,2026-12-29,San Diego,San Diego
17,5_bahamian_port_canaveral_pixar,5-Night Bahamian Cruise from Port Canaveral,"GOC,LPT",,"Disney Castaway Cay, Disney Lookout Cay at Lighthouse Point",1,No,DF0856,30056333,5PCV,Disney Fantasy,BAHAMAS,BAHAMAS,5,True,True,False,2027-01-24,2027-01-29,Port Canaveral,Port Canaveral
17,6_eastern_caribbean_san_juan_port_canaveral,6-Night Eastern Caribbean Cruise from San Juan ending in Port Canaveral,"GOC,LPT,PCV,STT,SXM",,"Philipsburg, St. Maarten, St. Thomas, U.S. Virgin Islands, Disney Lookout Cay at Lighthouse Point, Disney Castaway Cay, Port Canaveral, Florida",1,No,DF0952,30867091,6SJPC,Disney Fantasy,CARIBBEAN,EASTERN,6,True,True,False,2028-05-13,2028-05-19,San Juan,Port Canaveral
18,6_bahamian_fort_lauderdale,6-Night Bahamian Cruise from Fort Lauderdale,"GOC,LPT,NAS",,"Disney Lookout Cay at Lighthouse Point, Disney Castaway Cay, Disney Lookout Cay at Lighthouse Point, Nassau, Bahamas",1,No,DF0930,30867069,6PEF,Disney Fantasy,BAHAMAS,BAHAMAS,6,True,True,False,2028-01-02,2028-01-08,Fort Lauderdale,Fort Lauderdale
18,6_eastern_caribbean_fort_lauderdale,6-Night Eastern Caribbean Cruise from Fort Lauderdale,"GOC,LPT,POP",,"Disney Castaway Cay, Disney Lookout Cay at Lighthouse Point, Puerto Plata, Dominican Republic",4,No,DF0933,30867072,6PEF,Disney Fantasy,CARIBBEAN,EASTERN,6,True,True,False,2028-01-16,2028-01-22,Fort Lauderdale,Fort Lauderdale
18,6_eastern_caribbean_fort_lauderdale,6-Night Eastern Caribbean Cruise from Fort Lauderdale,"GOC,LPT,POP",,"Disney Castaway Cay, Disney Lookout Cay at Lighthouse Point, Puerto Plata, Dominican Republic",4,No,DF0938,30867077,6PEF,Disney Fantasy,CARIBBEAN,EASTERN,6,True,True,False,2028-02-13,2028-02-19,Fort Lauderdale,Fort Lauderdale
18,6_eastern_caribbean_fort_lauderdale,6-Night Eastern Caribbean Cruise from Fort Lauderdale,"GOC,LPT,POP",,"Disney Castaway Cay, Disney Lookout Cay at Lighthouse Point, Puerto Plata, Dominican Republic",4,No,DF0943,30867082,6PEF,Disney Fantasy,CARIBBEAN,EASTERN,6,True,True,False,2028-03-12,2028-03-18,Fort Lauderdale,Fort Lauderdale
18,6_eastern_caribbean_fort_lauderdale,6-Night Eastern Caribbean Cruise from Fort Lauderdale,"GOC,LPT,POP",,"Disney Castaway Cay, Disney Lookout Cay at Lighthouse Point, Puerto Plata, Dominican Republic",4,No,DF0947,30867086,6PEF,Disney Fantasy,CARIBBEAN,EASTERN,6,True,True,False,2028-04-09,2028-04-15,Fort Lauderdale,Fort Lauderdale
18,6_eastern_caribbean_fort_lauderdale_san_juan,6-Night Eastern Caribbean Cruise from Fort Lauderdale ending San Juan,"GOC,LPT,SJU,STT,SXM",,"Disney Castaway Cay, Disney Lookout Cay at Lighthouse Point, St. Thomas, U.S. Virgin Islands, Philipsburg, St. Maarten, San Juan, Puerto Rico",1,No,DF0949,30867088,6PESJ,Disney Fantasy,CARIBBEAN,EASTERN,6,True,True,False,2028-04-23,2028-04-29,Fort Lauderdale ending San Juan,Fort Lauderdale ending San Juan
18,5_bahamian_port_canaveral_pixar,5-Night Bahamian Cruise from Port Canaveral,"GOC,LPT,NAS",,"Nassau, Bahamas, Disney Castaway Cay, Disney Lookout Cay at Lighthouse Point",7,No,DF0862,30056339,5PCV,Disney Fantasy,BAHAMAS,BAHAMAS,5,True,True,False,2027-02-21,2027-02-26,Port Canaveral,Port Canaveral
18,5_bahamian_port_canaveral_pixar,5-Night Bahamian Cruise from Port Canaveral,"GOC,LPT,NAS",,"Nassau, Bahamas, Disney Castaway Cay, Disney Lookout Cay at Lighthouse Point",7,No,DF0872,30056349,5PCV,Disney Fantasy,BAHAMAS,BAHAMAS,5,True,True,False,2027-04-09,2027-04-14,Port Canaveral,Port Canaveral
18,5_bahamian_port_canaveral_pixar,5-Night Bahamian Cruise from Port Canaveral,"GOC,LPT,NAS",,"Nassau, Bahamas, Disney Castaway Cay, Disney Lookout Cay at Lighthouse Point",7,No,DF0875,30056352,5PCV,Disney Fantasy,BAHAMAS,BAHAMAS,5,True,True,False,2027-04-23,2027-04-28,Port Canaveral,Port Canaveral
18,5_bahamian_port_canaveral_pixar,5-Night Bahamian Cruise from Port Canaveral,"GOC,LPT,NAS",,"Nassau, Bahamas, Disney Castaway Cay, Disney Lookout Cay at Lighthouse Point",7,No,DF0874,30056351,5PCV,Disney Fantasy,BAHAMAS,BAHAMAS,5,True,True,False,2027-04-18,2027-04-23,Port Canaveral,Port Canaveral
18,5_bahamian_port_canaveral_pixar,5-Night Bahamian Cruise from Port Canaveral,"GOC,LPT,NAS",,"Nassau, Bahamas, Disney Castaway Cay, Disney Lookout Cay at Lighthouse Point",7,No,DF0859,30056336,5PCV,Disney Fantasy,BAHAMAS,BAHAMAS,5,True,True,False,2027-02-07,2027-02-12,Port Canaveral,Port Canaveral
18,5_bahamian_port_canaveral_pixar,5-Night Bahamian Cruise from Port Canaveral,"GOC,LPT,NAS",,"Nassau, Bahamas, Disney Castaway Cay, Disney Lookout Cay at Lighthouse Point",7,No,DF0860,30056337,5PCV,Disney Fantasy,BAHAMAS,BAHAMAS,5,True,True,False,2027-02-12,2027-02-17,Port Canaveral,Port Canaveral
18,5_bahamian_port_canaveral_pixar,5-Night Bahamian Cruise from Port Canaveral,"GOC,LPT,NAS",,"Nassau, Bahamas, Disney Castaway Cay, Disney Lookout Cay at Lighthouse Point",7,No,DF0871,30056348,5PCV,Disney Fantasy,BAHAMAS,BAHAMAS,5,True,True,False,2027-04-04,2027-04-09,Port Canaveral,Port Canaveral
18,3_belgium_southampton,3-Night Belgium Cruise from Southampton,ZEE,,"Zeebrugge (Brussels), Belgium",1,No,WW0590,30469610,3SOU,Disney Wish,EUROPE,WEST EUROPE,3,True,True,False,2027-08-20,2027-08-23,Southampton,Southampton
19,3_northern_europe_southampton,3-Night Northern Europe Cruise from Southampton,RTM,,"Rotterdam (Amsterdam), Netherlands",1,No,WW0592,30469612,3SOU,Disney Wish,EUROPE,NORTH EUROPE,3,True,True,False,2027-08-27,2027-08-30,Southampton,Southampton
19,7_alaskan_vancouver,7-Night Alaskan Cruise from Vancouver,"DAW,ISP,KTN,SGY",,"Glacier Viewing (Stikine Icecap), Alaska, Skagway, Alaska, Icy Strait Point, Alaska, Ketchikan, Alaska",16,No,DM1795,30469148,7VAN,Disney Magic,ALASKA,ALASKA,7,True,True,False,2027-05-20,2027-05-27,Vancouver,Vancouver
19,7_alaskan_vancouver,7-Night Alaskan Cruise from Vancouver,"DAW,ISP,KTN,SGY",,"Glacier Viewing (Stikine Icecap), Alaska, Skagway, Alaska, Icy Strait Point, Alaska, Ketchikan, Alaska",16,No,DM1794,30469147,7VAN,Disney Magic,ALASKA,ALASKA,7,True,True,False,2027-05-13,2027-05-20,Vancouver,Vancouver
19,7_alaskan_vancouver,7-Night Alaskan Cruise from Vancouver,"DAW,ISP,KTN,SGY",,"Glacier Viewing (Stikine Icecap), Alaska, Skagway, Alaska, Icy Strait Point, Alaska, Ketchikan, Alaska",16,No,DM1810,30469163,7VAN,Disney Magic,ALASKA,ALASKA,7,True,True,False,2027-09-02,2027-09-09,Vancouver,Vancouver
19,7_alaskan_vancouver,7-Night Alaskan Cruise from Vancouver,"DAW,ISP,KTN,SGY",,"Glacier Viewing (Stikine Icecap), Alaska, Skagway, Alaska, Icy Strait Point, Alaska, Ketchikan, Alaska",16,No,DM1809,30469162,7VAN,Disney Magic,ALASKA,ALASKA,7,True,True,False,2027-08-26,2027-09-02,Vancouver,Vancouver
19,7_alaskan_vancouver,7-Night Alaskan Cruise from Vancouver,"DAW,ISP,KTN,SGY",,"Glacier Viewing (Stikine Icecap), Alaska, Skagway, Alaska, Icy Strait Point, Alaska, Ketchikan, Alaska",16,No,DM1811,30469164,7VAN,Disney Magic,ALASKA,ALASKA,7,True,True,False,2027-09-09,2027-09-16,Vancouver,Vancouver
19,7_alaskan_vancouver,7-Night Alaskan Cruise from Vancouver,"DAW,ISP,KTN,SGY",,"Glacier Viewing (Stikine Icecap), Alaska, Skagway, Alaska, Icy Strait Point, Alaska, Ketchikan, Alaska",16,No,DM1796,30469149,7VAN,Disney Magic,ALASKA,ALASKA,7,True,True,False,2027-05-27,2027-06-03,Vancouver,Vancouver
19,7_alaskan_vancouver,7-Night Alaskan Cruise from Vancouver,"DAW,ISP,KTN,SGY",,"Glacier Viewing (Stikine Icecap), Alaska, Skagway, Alaska, Icy Strait Point, Alaska, Ketchikan, Alaska",16,No,DM1808,30469161,7VAN,Disney Magic,ALASKA,ALASKA,7,True,True,False,2027-08-19,2027-08-26,Vancouver,Vancouver
19,7_alaskan_vancouver,7-Night Alaskan Cruise from Vancouver,"DAW,ISP,KTN,SGY",,"Glacier Viewing (Stikine Icecap), Alaska, Skagway, Alaska, Icy Strait Point, Alaska, Ketchikan, Alaska",16,No,DM1807,30469160,7VAN,Disney Magic,ALASKA,ALASKA,7,True,True,False,2027-08-12,2027-08-19,Vancouver,Vancouver
19,7_alaskan_vancouver,7-Night Alaskan Cruise from Vancouver,"DAW,ISP,KTN,SGY",,"Glacier Viewing (Stikine Icecap), Alaska, Skagway, Alaska, Icy Strait Point, Alaska, Ketchikan, Alaska",16,No,DM1801,30469154,7VAN,Disney Magic,ALASKA,ALASKA,7,True,True,False,2027-07-01,2027-07-08,Vancouver,Vancouver
19,7_alaskan_vancouver,7-Night Alaskan Cruise from Vancouver,"DAW,ISP,KTN,SGY",,"Glacier Viewing (Stikine Icecap), Alaska, Skagway, Alaska, Icy Strait Point, Alaska, Ketchikan, Alaska",16,No,DM1797,30469150,7VAN,Disney Magic,ALASKA,ALASKA,7,True,True,False,2027-06-03,2027-06-10,Vancouver,Vancouver
19,7_alaskan_vancouver,7-Night Alaskan Cruise from Vancouver,"DAW,ISP,KTN,SGY",,"Glacier Viewing (Stikine Icecap), Alaska, Skagway, Alaska, Icy Strait Point, Alaska, Ketchikan, Alaska",16,No,DM1806,30469159,7VAN,Disney Magic,ALASKA,ALASKA,7,True,True,False,2027-08-05,2027-08-12,Vancouver,Vancouver
19,7_alaskan_vancouver,7-Night Alaskan Cruise from Vancouver,"DAW,ISP,KTN,SGY",,"Glacier Viewing (Stikine Icecap), Alaska, Skagway, Alaska, Icy Strait Point, Alaska, Ketchikan, Alaska",16,No,DM1798,30469151,7VAN,Disney Magic,ALASKA,ALASKA,7,True,True,False,2027-06-10,2027-06-17,Vancouver,Vancouver
19,7_alaskan_vancouver,7-Night Alaskan Cruise from Vancouver,"DAW,ISP,KTN,SGY",,"Glacier Viewing (Stikine Icecap), Alaska, Skagway, Alaska, Icy Strait Point, Alaska, Ketchikan, Alaska",16,No,DM1800,30469153,7VAN,Disney Magic,ALASKA,ALASKA,7,True,True,False,2027-06-24,2027-07-01,Vancouver,Vancouver
19,7_alaskan_vancouver,7-Night Alaskan Cruise from Vancouver,"DAW,ISP,KTN,SGY",,"Glacier Viewing (Stikine Icecap), Alaska, Skagway, Alaska, Icy Strait Point, Alaska, Ketchikan, Alaska",16,No,DM1799,30469152,7VAN,Disney Magic,ALASKA,ALASKA,7,True,True,False,2027-06-17,2027-06-24,Vancouver,Vancouver
19,7_alaskan_vancouver,7-Night Alaskan Cruise from Vancouver,"DAW,ISP,KTN,SGY",,"Glacier Viewing (Stikine Icecap), Alaska, Skagway, Alaska, Icy Strait Point, Alaska, Ketchikan, Alaska",16,No,DM1803,30469156,7VAN,Disney Magic,ALASKA,ALASKA,7,True,True,False,2027-07-15,2027-07-22,Vancouver,Vancouver
19,7_alaskan_vancouver,7-Night Alaskan Cruise from Vancouver,"DAW,ISP,KTN,SGY",,"Glacier Viewing (Stikine Icecap), Alaska, Skagway, Alaska, Icy Strait Point, Alaska, Ketchikan, Alaska",16,No,DM1802,30469155,7VAN,Disney Magic,ALASKA,ALASKA,7,True,True,False,2027-07-08,2027-07-15,Vancouver,Vancouver
19,5_bahamian_fort_lauderdale_halloween,5-Night Bahamian Cruise from Fort Lauderdale,"GOC,LPT,NAS",,"Nassau, Bahamas, Disney Castaway Cay, Disney Lookout Cay at Lighthouse Point",3,Yes,WD0149,30853266,5PEF,Disney Destiny,BAHAMAS,BAHAMAS,5,True,True,False,2027-10-18,2027-10-23,Fort Lauderdale,Fort Lauderdale
19,5_bahamian_fort_lauderdale_halloween,5-Night Bahamian Cruise from Fort Lauderdale,"GOC,LPT,NAS",,"Nassau, Bahamas, Disney Castaway Cay, Disney Lookout Cay at Lighthouse Point",3,Yes,WD0143,30853260,5PEF,Disney Destiny,BAHAMAS,BAHAMAS,5,True,True,False,2027-09-20,2027-09-25,Fort Lauderdale,Fort Lauderdale
19,5_bahamian_fort_lauderdale_halloween,5-Night Bahamian Cruise from Fort Lauderdale,"GOC,LPT,NAS",,"Nassau, Bahamas, Disney Castaway Cay, Disney Lookout Cay at Lighthouse Point",3,Yes,WD0146,30853263,5PEF,Disney Destiny,BAHAMAS,BAHAMAS,5,True,True,False,2027-10-04,2027-10-09,Fort Lauderdale,Fort Lauderdale
19,7_western_caribbean_port_canaveral_halloween,7-Night Western Caribbean Cruise from Port Canaveral,"CZM,FMH,GEC,GOC",,"Cozumel, Mexico, George Town, Grand Cayman, Falmouth, Jamaica, Disney Castaway Cay",6,Yes,WT0098,30056757,7PCV,Disney Treasure,CARIBBEAN,WESTERN D,7,True,True,False,2026-10-31,2026-11-07,Port Canaveral,Port Canaveral
19,7_western_caribbean_port_canaveral_halloween,7-Night Western Caribbean Cruise from Port Canaveral,"CZM,FMH,GEC,GOC",,"Cozumel, Mexico, George Town, Grand Cayman, Falmouth, Jamaica, Disney Castaway Cay",6,Yes,WT0096,30056755,7PCV,Disney Treasure,CARIBBEAN,WESTERN D,7,True,True,False,2026-10-17,2026-10-24,Port Canaveral,Port Canaveral
19,7_western_caribbean_port_canaveral_halloween,7-Night Western Caribbean Cruise from Port Canaveral,"CZM,FMH,GEC,GOC",,"Cozumel, Mexico, George Town, Grand Cayman, Falmouth, Jamaica, Disney Castaway Cay",6,Yes,WT0144,30469018,7PCV,Disney Treasure,CARIBBEAN,WESTERN D,7,True,True,False,2027-09-18,2027-09-25,Port Canaveral,Port Canaveral
19,7_western_caribbean_port_canaveral_halloween,7-Night Western Caribbean Cruise from Port Canaveral,"CZM,FMH,GEC,GOC",,"Cozumel, Mexico, George Town, Grand Cayman, Falmouth, Jamaica, Disney Castaway Cay",6,Yes,WT0150,30867218,7PCV,Disney Treasure,CARIBBEAN,WESTERN D,7,True,True,False,2027-10-30,2027-11-06,Port Canaveral,Port Canaveral
19,7_western_caribbean_port_canaveral_halloween,7-Night Western Caribbean Cruise from Port Canaveral,"CZM,FMH,GEC,GOC",,"Cozumel, Mexico, George Town, Grand Cayman, Falmouth, Jamaica, Disney Castaway Cay",6,Yes,WT0148,30867216,7PCV,Disney Treasure,CARIBBEAN,WESTERN D,7,True,True,False,2027-10-16,2027-10-23,Port Canaveral,Port Canaveral
19,7_western_caribbean_port_canaveral_halloween,7-Night Western Caribbean Cruise from Port Canaveral,"CZM,FMH,GEC,GOC",,"Cozumel, Mexico, George Town, Grand Cayman, Falmouth, Jamaica, Disney Castaway Cay",6,Yes,WT0146,30847461,7PCV,Disney Treasure,CARIBBEAN,WESTERN D,7,True,True,False,2027-10-02,2027-10-09,Port Canaveral,Port Canaveral
19,7_western_caribbean_fort_lauderdale_halloween,7-Night Western Caribbean Cruise from Fort Lauderdale,"CZM,FMH,GEC,LPT",,"Disney Lookout Cay at Lighthouse Point, Falmouth, Jamaica, George Town, Grand Cayman, Cozumel, Mexico",1,Yes,WD0072,30056834,7PEF,Disney Destiny,CARIBBEAN,WESTERN,7,True,True,False,2026-10-10,2026-10-17,Fort Lauderdale,Fort Lauderdale
20,7_western_caribbean_port_canaveral,7-Night Western Caribbean Cruise from Port Canaveral,"CZM,FMH,GEC,GOC",,"Cozumel, Mexico, George Town, Grand Cayman, Falmouth, Jamaica, Disney Castaway Cay",27,No,WT0108,30056767,7PCV,Disney Treasure,CARIBBEAN,WESTERN D,7,True,True,False,2027-01-09,2027-01-16,Port Canaveral,Port Canaveral
20,7_western_caribbean_port_canaveral,7-Night Western Caribbean Cruise from Port Canaveral,"CZM,FMH,GEC,GOC",,"Cozumel, Mexico, George Town, Grand Cayman, Falmouth, Jamaica, Disney Castaway Cay",27,No,WT0116,30056775,7PCV,Disney Treasure,CARIBBEAN,WESTERN D,7,True,True,False,2027-03-06,2027-03-13,Port Canaveral,Port Canaveral
20,7_western_caribbean_port_canaveral,7-Night Western Caribbean Cruise from Port Canaveral,"CZM,FMH,GEC,GOC",,"Cozumel, Mexico, George Town, Grand Cayman, Falmouth, Jamaica, Disney Castaway Cay",27,No,WT0142,30469016,7PCV,Disney Treasure,CARIBBEAN,WESTERN D,7,True,True,False,2027-09-04,2027-09-11,Port Canaveral,Port Canaveral
20,7_western_caribbean_port_canaveral,7-Night Western Caribbean Cruise from Port Canaveral,"CZM,FMH,GEC,GOC",,"Cozumel, Mexico, George Town, Grand Cayman, Falmouth, Jamaica, Disney Castaway Cay",27,No,WT0140,30469014,7PCV,Disney Treasure,CARIBBEAN,WESTERN D,7,True,True,False,2027-08-21,2027-08-28,Port Canaveral,Port Canaveral
20,7_western_caribbean_port_canaveral,7-Night Western Caribbean Cruise from Port Canaveral,"CZM,FMH,GEC,GOC",,"Cozumel, Mexico, George Town, Grand Cayman, Falmouth, Jamaica, Disney Castaway Cay",27,No,WT0110,30056769,7PCV,Disney Treasure,CARIBBEAN,WESTERN D,7,True,True,False,2027-01-23,2027-01-30,Port Canaveral,Port Canaveral
20,7_western_caribbean_port_canaveral,7-Night Western Caribbean Cruise from Port Canaveral,"CZM,FMH,GEC,GOC",,"Cozumel, Mexico, George Town, Grand Cayman, Falmouth, Jamaica, Disney Castaway Cay",27,No,WT0164,30867232,7PCV,Disney Treasure,CARIBBEAN,WESTERN D,7,True,True,False,2028-02-05,2028-02-12,Port Canaveral,Port Canaveral
20,7_western_caribbean_port_canaveral,7-Night Western Caribbean Cruise from Port Canaveral,"CZM,FMH,GEC,GOC",,"Cozumel, Mexico, George Town, Grand Cayman, Falmouth, Jamaica, Disney Castaway Cay",27,No,WT0112,30056771,7PCV,Disney Treasure,CARIBBEAN,WESTERN D,7,True,True,False,2027-02-06,2027-02-13,Port Canaveral,Port Canaveral
20,7_western_caribbean_port_canaveral,7-Night Western Caribbean Cruise from Port Canaveral,"CZM,FMH,GEC,GOC",,"Cozumel, Mexico, George Town, Grand Cayman, Falmouth, Jamaica, Disney Castaway Cay",27,No,WT0162,30867230,7PCV,Disney Treasure,CARIBBEAN,WESTERN D,7,True,True,False,2028-01-22,2028-01-29,Port Canaveral,Port Canaveral
20,7_western_caribbean_port_canaveral,7-Night Western Caribbean Cruise from Port Canaveral,"CZM,FMH,GEC,GOC",,"Cozumel, Mexico, George Town, Grand Cayman, Falmouth, Jamaica, Disney Castaway Cay",27,No,WT0114,30056773,7PCV,Disney Treasure,CARIBBEAN,WESTERN D,7,True,True,False,2027-02-20,2027-02-27,Port Canaveral,Port Canaveral
20,7_western_caribbean_port_canaveral,7-Night Western Caribbean Cruise from Port Canaveral,"CZM,FMH,GEC,GOC",,"Cozumel, Mexico, George Town, Grand Cayman, Falmouth, Jamaica, Disney Castaway Cay",27,No,WT0124,30056783,7PCV,Disney Treasure,CARIBBEAN,WESTERN D,7,True,True,False,2027-05-01,2027-05-08,Port Canaveral,Port Canaveral
20,7_western_caribbean_port_canaveral,7-Night Western Caribbean Cruise from Port Canaveral,"CZM,FMH,GEC,GOC",,"Cozumel, Mexico, George Town, Grand Cayman, Falmouth, Jamaica, Disney Castaway Cay",27,No,WT0176,30867244,7PCV,Disney Treasure,CARIBBEAN,WESTERN D,7,True,True,False,2028-04-29,2028-05-06,Port Canaveral,Port Canaveral
20,7_western_caribbean_port_canaveral,7-Night Western Caribbean Cruise from Port Canaveral,"CZM,FMH,GEC,GOC",,"Cozumel, Mexico, George Town, Grand Cayman, Falmouth, Jamaica, Disney Castaway Cay",27,No,WT0138,30469012,7PCV,Disney Treasure,CARIBBEAN,WESTERN D,7,True,True,False,2027-08-07,2027-08-14,Port Canaveral,Port Canaveral
20,7_western_caribbean_port_canaveral,7-Night Western Caribbean Cruise from Port Canaveral,"CZM,FMH,GEC,GOC",,"Cozumel, Mexico, George Town, Grand Cayman, Falmouth, Jamaica, Disney Castaway Cay",27,No,WT0122,30056781,7PCV,Disney Treasure,CARIBBEAN,WESTERN D,7,True,True,False,2027-04-17,2027-04-24,Port Canaveral,Port Canaveral
20,7_western_caribbean_port_canaveral,7-Night Western Caribbean Cruise from Port Canaveral,"CZM,FMH,GEC,GOC",,"Cozumel, Mexico, George Town, Grand Cayman, Falmouth, Jamaica, Disney Castaway Cay",27,No,WT0126,30056785,7PCV,Disney Treasure,CARIBBEAN,WESTERN D,7,True,True,False,2027-05-15,2027-05-22,Port Canaveral,Port Canaveral
20,7_western_caribbean_port_canaveral,7-Night Western Caribbean Cruise from Port Canaveral,"CZM,FMH,GEC,GOC",,"Cozumel, Mexico, George Town, Grand Cayman, Falmouth, Jamaica, Disney Castaway Cay",27,No,WT0120,30056779,7PCV,Disney Treasure,CARIBBEAN,WESTERN D,7,True,True,False,2027-04-03,2027-04-10,Port Canaveral,Port Canaveral
20,7_western_caribbean_port_canaveral,7-Night Western Caribbean Cruise from Port Canaveral,"CZM,FMH,GEC,GOC",,"Cozumel, Mexico, George Town, Grand Cayman, Falmouth, Jamaica, Disney Castaway Cay",27,No,WT0172,30867240,7PCV,Disney Treasure,CARIBBEAN,WESTERN D,7,True,True,False,2028-04-01,2028-04-08,Port Canaveral,Port Canaveral
20,7_western_caribbean_port_canaveral,7-Night Western Caribbean Cruise from Port Canaveral,"CZM,FMH,GEC,GOC",,"Cozumel, Mexico, George Town, Grand Cayman, Falmouth, Jamaica, Disney Castaway Cay",27,No,WT0136,30469010,7PCV,Disney Treasure,CARIBBEAN,WESTERN D,7,True,True,False,2027-07-24,2027-07-31,Port Canaveral,Port Canaveral
20,7_western_caribbean_port_canaveral,7-Night Western Caribbean Cruise from Port Canaveral,"CZM,FMH,GEC,GOC",,"Cozumel, Mexico, George Town, Grand Cayman, Falmouth, Jamaica, Disney Castaway Cay",27,No,WT0134,30469008,7PCV,Disney Treasure,CARIBBEAN,WESTERN D,7,True,True,False,2027-07-10,2027-07-17,Port Canaveral,Port Canaveral
20,7_western_caribbean_port_canaveral,7-Night Western Caribbean Cruise from Port Canaveral,"CZM,FMH,GEC,GOC",,"Cozumel, Mexico, George Town, Grand Cayman, Falmouth, Jamaica, Disney Castaway Cay",27,No,WT0168,30867236,7PCV,Disney Treasure,CARIBBEAN,WESTERN D,7,True,True,False,2028-03-04,2028-03-11,Port Canaveral,Port Canaveral
20,7_western_caribbean_port_canaveral,7-Night Western Caribbean Cruise from Port Canaveral,"CZM,FMH,GEC,GOC",,"Cozumel, Mexico, George Town, Grand Cayman, Falmouth, Jamaica, Disney Castaway Cay",27,No,WT0170,30867238,7PCV,Disney Treasure,CARIBBEAN,WESTERN D,7,True,True,False,2028-03-18,2028-03-25,Port Canaveral,Port Canaveral
20,7_western_caribbean_port_canaveral,7-Night Western Caribbean Cruise from Port Canaveral,"CZM,FMH,GEC,GOC",,"Cozumel, Mexico, George Town, Grand Cayman, Falmouth, Jamaica, Disney Castaway Cay",27,No,WT0166,30867234,7PCV,Disney Treasure,CARIBBEAN,WESTERN D,7,True,True,False,2028-02-19,2028-02-26,Port Canaveral,Port Canaveral
20,7_western_caribbean_port_canaveral,7-Night Western Caribbean Cruise from Port Canaveral,"CZM,FMH,GEC,GOC",,"Cozumel, Mexico, George Town, Grand Cayman, Falmouth, Jamaica, Disney Castaway Cay",27,No,WT0174,30867242,7PCV,Disney Treasure,CARIBBEAN,WESTERN D,7,True,True,False,2028-04-15,2028-04-22,Port Canaveral,Port Canaveral
20,7_western_caribbean_port_canaveral,7-Night Western Caribbean Cruise from Port Canaveral,"CZM,FMH,GEC,GOC",,"Cozumel, Mexico, George Town, Grand Cayman, Falmouth, Jamaica, Disney Castaway Cay",27,No,WT0130,30469004,7PCV,Disney Treasure,CARIBBEAN,WESTERN D,7,True,True,False,2027-06-12,2027-06-19,Port Canaveral,Port Canaveral
20,7_western_caribbean_port_canaveral,7-Night Western Caribbean Cruise from Port Canaveral,"CZM,FMH,GEC,GOC",,"Cozumel, Mexico, George Town, Grand Cayman, Falmouth, Jamaica, Disney Castaway Cay",27,No,WT0132,30469006,7PCV,Disney Treasure,CARIBBEAN,WESTERN D,7,True,True,False,2027-06-26,2027-07-03,Port Canaveral,Port Canaveral
20,7_western_caribbean_port_canaveral,7-Night Western Caribbean Cruise from Port Canaveral,"CZM,FMH,GEC,GOC",,"Cozumel, Mexico, George Town, Grand Cayman, Falmouth, Jamaica, Disney Castaway Cay",27,No,WT0128,30056787,7PCV,Disney Treasure,CARIBBEAN,WESTERN D,7,True,True,False,2027-05-29,2027-06-05,Port Canaveral,Port Canaveral
20,7_western_caribbean_port_canaveral,7-Night Western Caribbean Cruise from Port Canaveral,"CZM,FMH,GEC,GOC",,"Cozumel, Mexico, George Town, Grand Cayman, Falmouth, Jamaica, Disney Castaway Cay",27,No,WT0118,30056777,7PCV,Disney Treasure,CARIBBEAN,WESTERN D,7,True,True,False,2027-03-20,2027-03-27,Port Canaveral,Port Canaveral
20,7_western_caribbean_port_canaveral,7-Night Western Caribbean Cruise from Port Canaveral,"CZM,FMH,GEC,GOC",,"Cozumel, Mexico, George Town, Grand Cayman, Falmouth, Jamaica, Disney Castaway Cay",27,No,WT0106,30056765,7PCV,Disney Treasure,CARIBBEAN,WESTERN D,7,True,True,False,2026-12-26,2027-01-02,Port Canaveral,Port Canaveral
20,5_bahamian_port_canaveral_merrytime,5-Night Bahamian Cruise from Port Canaveral,"LPT,NAS",,"Nassau, Bahamas, Disney Lookout Cay at Lighthouse Point",1,Yes,DF0921,30866895,5PCV,Disney Fantasy,BAHAMAS,BAHAMAS,5,True,True,False,2027-11-14,2027-11-19,Port Canaveral,Port Canaveral
20,5_bahamian_port_canaveral_dd,5-Night Bahamian Cruise from Port Canaveral with 2 Stops at Castaway Cay,"GOC,LPT",,"Disney Castaway Cay, Disney Lookout Cay at Lighthouse Point, Disney Castaway Cay",4,No,DF0854,30056331,5PCV,Disney Fantasy,BAHAMAS,BAHAMAS2CC,5,True,True,False,2027-01-15,2027-01-20,Port Canaveral with 2 Stops at Castaway Cay,Port Canaveral with 2 Stops at Castaway Cay
20,5_bahamian_port_canaveral_dd,5-Night Bahamian Cruise from Port Canaveral with 2 Stops at Castaway Cay,"GOC,LPT",,"Disney Castaway Cay, Disney Lookout Cay at Lighthouse Point, Disney Castaway Cay",4,No,DF0901,30468992,5PCV,Disney Fantasy,BAHAMAS,BAHAMAS2CC,5,True,True,False,2027-08-13,2027-08-18,Port Canaveral with 2 Stops at Castaway Cay,Port Canaveral with 2 Stops at Castaway Cay
20,5_bahamian_port_canaveral_dd,5-Night Bahamian Cruise from Port Canaveral with 2 Stops at Castaway Cay,"GOC,LPT",,"Disney Castaway Cay, Disney Lookout Cay at Lighthouse Point, Disney Castaway Cay",4,No,DF0869,30056346,5PCV,Disney Fantasy,BAHAMAS,BAHAMAS2CC,5,True,True,False,2027-03-26,2027-03-31,Port Canaveral with 2 Stops at Castaway Cay,Port Canaveral with 2 Stops at Castaway Cay
20,5_bahamian_port_canaveral_dd,5-Night Bahamian Cruise from Port Canaveral with 2 Stops at Castaway Cay,"GOC,LPT",,"Disney Castaway Cay, Disney Lookout Cay at Lighthouse Point, Disney Castaway Cay",4,No,DF0892,30468914,5PCV,Disney Fantasy,BAHAMAS,BAHAMAS2CC,5,True,True,False,2027-06-27,2027-07-02,Port Canaveral with 2 Stops at Castaway Cay,Port Canaveral with 2 Stops at Castaway Cay
20,5_bahamian_fort_lauderdale_merrytime,5-Night Bahamian Cruise from Fort Lauderdale,"GOC,NAS",,"Nassau, Bahamas, Disney Castaway Cay",1,Yes,WD0081,30077466,5PEF,Disney Destiny,BAHAMAS,BAHAMAS,5,True,True,False,2026-11-25,2026-11-30,Fort Lauderdale,Fort Lauderdale
20,7_western_caribbean_port_canaveral_merrytime,7-Night Western Caribbean Cruise from Port Canaveral,"CZM,FMH,GEC,GOC",,"Cozumel, Mexico, George Town, Grand Cayman, Falmouth, Jamaica, Disney Castaway Cay",6,Yes,WT0102,30056761,7PCV,Disney Treasure,CARIBBEAN,WESTERN D,7,True,True,False,2026-11-28,2026-12-05,Port Canaveral,Port Canaveral
20,7_western_caribbean_port_canaveral_merrytime,7-Night Western Caribbean Cruise from Port Canaveral,"CZM,FMH,GEC,GOC",,"Cozumel, Mexico, George Town, Grand Cayman, Falmouth, Jamaica, Disney Castaway Cay",6,Yes,WT0100,30056759,7PCV,Disney Treasure,CARIBBEAN,WESTERN D,7,True,True,False,2026-11-14,2026-11-21,Port Canaveral,Port Canaveral
20,7_western_caribbean_port_canaveral_merrytime,7-Night Western Caribbean Cruise from Port Canaveral,"CZM,FMH,GEC,GOC",,"Cozumel, Mexico, George Town, Grand Cayman, Falmouth, Jamaica, Disney Castaway Cay",6,Yes,WT0104,30056763,7PCV,Disney Treasure,CARIBBEAN,WESTERN D,7,True,True,False,2026-12-12,2026-12-19,Port Canaveral,Port Canaveral
20,7_western_caribbean_port_canaveral_merrytime,7-Night Western Caribbean Cruise from Port Canaveral,"CZM,FMH,GEC,GOC",,"Cozumel, Mexico, George Town, Grand Cayman, Falmouth, Jamaica, Disney Castaway Cay",6,Yes,WT0154,30867222,7PCV,Disney Treasure,CARIBBEAN,WESTERN D,7,True,True,False,2027-11-27,2027-12-04,Port Canaveral,Port Canaveral
20,7_western_caribbean_port_canaveral_merrytime,7-Night Western Caribbean Cruise from Port Canaveral,"CZM,FMH,GEC,GOC",,"Cozumel, Mexico, George Town, Grand Cayman, Falmouth, Jamaica, Disney Castaway Cay",6,Yes,WT0152,30867220,7PCV,Disney Treasure,CARIBBEAN,WESTERN D,7,True,True,False,2027-11-13,2027-11-20,Port Canaveral,Port Canaveral
20,7_western_caribbean_port_canaveral_merrytime,7-Night Western Caribbean Cruise from Port Canaveral,"CZM,FMH,GEC,GOC",,"Cozumel, Mexico, George Town, Grand Cayman, Falmouth, Jamaica, Disney Castaway Cay",6,Yes,WT0156,30867224,7PCV,Disney Treasure,CARIBBEAN,WESTERN D,7,True,True,False,2027-12-11,2027-12-18,Port Canaveral,Port Canaveral
21,7_eastern_caribbean_port_canaveral_halloween,7-Night Eastern Caribbean Cruise from Port Canaveral,"GOC,STT,TOV",,"Tortola, British Virgin Islands, St. Thomas, U.S. Virgin Islands, Disney Castaway Cay",5,Yes,WT0097,30056756,7PCV,Disney Treasure,CARIBBEAN,EASTERNTT,7,True,True,False,2026-10-24,2026-10-31,Port Canaveral,Port Canaveral
21,7_eastern_caribbean_port_canaveral_halloween,7-Night Eastern Caribbean Cruise from Port Canaveral,"GOC,STT,TOV",,"Tortola, British Virgin Islands, St. Thomas, U.S. Virgin Islands, Disney Castaway Cay",5,Yes,WT0095,30056754,7PCV,Disney Treasure,CARIBBEAN,EASTERNTT,7,True,True,False,2026-10-10,2026-10-17,Port Canaveral,Port Canaveral
21,7_eastern_caribbean_port_canaveral_halloween,7-Night Eastern Caribbean Cruise from Port Canaveral,"GOC,STT,TOV",,"Tortola, British Virgin Islands, St. Thomas, U.S. Virgin Islands, Disney Castaway Cay",5,Yes,WT0145,30469019,7PCV,Disney Treasure,CARIBBEAN,EASTERNTT,7,True,True,False,2027-09-25,2027-10-02,Port Canaveral,Port Canaveral
21,7_eastern_caribbean_port_canaveral_halloween,7-Night Eastern Caribbean Cruise from Port Canaveral,"GOC,STT,TOV",,"Tortola, British Virgin Islands, St. Thomas, U.S. Virgin Islands, Disney Castaway Cay",5,Yes,WT0149,30867217,7PCV,Disney Treasure,CARIBBEAN,EASTERNTT,7,True,True,False,2027-10-23,2027-10-30,Port Canaveral,Port Canaveral
21,7_eastern_caribbean_port_canaveral_halloween,7-Night Eastern Caribbean Cruise from Port Canaveral,"GOC,STT,TOV",,"Tortola, British Virgin Islands, St. Thomas, U.S. Virgin Islands, Disney Castaway Cay",5,Yes,WT0147,30867215,7PCV,Disney Treasure,CARIBBEAN,EASTERNTT,7,True,True,False,2027-10-09,2027-10-16,Port Canaveral,Port Canaveral
21,5_bahamian_fort_lauderdale,5-Night Bahamian Cruise from Fort Lauderdale,"GOC,LPT",,"Disney Castaway Cay, Disney Lookout Cay at Lighthouse Point",2,No,WD0110,30056872,5PEF,Disney Destiny,BAHAMAS,BAHAMAS,5,True,True,False,2027-04-19,2027-04-24,Fort Lauderdale,Fort Lauderdale
21,5_bahamian_fort_lauderdale,5-Night Bahamian Cruise from Fort Lauderdale,"GOC,LPT",,"Disney Castaway Cay, Disney Lookout Cay at Lighthouse Point",2,No,WD0087,30056849,5PEF,Disney Destiny,BAHAMAS,BAHAMAS,5,True,True,False,2026-12-28,2027-01-02,Fort Lauderdale,Fort Lauderdale
21,4_bahamian_port_canaveral_merrytime,4-Night Bahamian Cruise from Port Canaveral,LPT,,Disney Lookout Cay at Lighthouse Point,1,Yes,WW0540,30062299,4PCV,Disney Wish,BAHAMAS,BAHAMAS,4,True,True,False,2026-12-24,2026-12-28,Port Canaveral,Port Canaveral
21,5_bermuda_new_york_san_juan_halloween,5-Night Bermuda Cruise from New York ending in San Juan,"KWF,SJU",,"King's Wharf, Bermuda, King's Wharf, Bermuda, San Juan, Puerto Rico",1,Yes,WW0603,30887049,5NYSJ,Disney Wish,BERMUDA,BERMUDA,5,True,True,False,2027-10-31,2027-11-05,New York,San Juan
21,7_eastern_caribbean_port_canaveral,7-Night Eastern Caribbean Cruise from Port Canaveral,"GOC,SJU,TOV",,"Tortola, British Virgin Islands, San Juan, Puerto Rico, Disney Castaway Cay",4,No,WT0115,30056774,7PCV,Disney Treasure,CARIBBEAN,EASTERNTT,7,True,True,False,2027-02-27,2027-03-06,Port Canaveral,Port Canaveral
21,7_eastern_caribbean_port_canaveral,7-Night Eastern Caribbean Cruise from Port Canaveral,"GOC,SJU,TOV",,"Tortola, British Virgin Islands, San Juan, Puerto Rico, Disney Castaway Cay",4,No,WT0109,30056768,7PCV,Disney Treasure,CARIBBEAN,EASTERNTT,7,True,True,False,2027-01-16,2027-01-23,Port Canaveral,Port Canaveral
21,7_eastern_caribbean_port_canaveral,7-Night Eastern Caribbean Cruise from Port Canaveral,"GOC,SJU,TOV",,"Tortola, British Virgin Islands, San Juan, Puerto Rico, Disney Castaway Cay",4,No,WT0099,30056758,7PCV,Disney Treasure,CARIBBEAN,EASTERNTT,7,True,True,False,2026-11-07,2026-11-14,Port Canaveral,Port Canaveral
21,7_eastern_caribbean_port_canaveral,7-Night Eastern Caribbean Cruise from Port Canaveral,"GOC,SJU,TOV",,"Tortola, British Virgin Islands, San Juan, Puerto Rico, Disney Castaway Cay",4,No,WT0169,30867237,7PCV,Disney Treasure,CARIBBEAN,EASTERNTT,7,True,True,False,2028-03-11,2028-03-18,Port Canaveral,Port Canaveral
22,6_alaskan_vancouver,6-Night Alaskan Cruise from Vancouver,"DAW,ISP,KTN",,"Glacier Viewing (Stikine Icecap), Alaska, Icy Strait Point, Alaska, Ketchikan, Alaska",1,No,DM1805,30469158,6VAN,Disney Magic,ALASKA,ALASKA,6,True,True,False,2027-07-30,2027-08-05,Vancouver,Vancouver
22,7_bahamian_galveston,7-Night Bahamian Cruise from Galveston,"GOC,NAS",,"Nassau, Bahamas, Disney Castaway Cay",3,No,DM1791,30063296,7GLS,Disney Magic,BAHAMAS,BAHAMAS,7,True,True,False,2027-04-18,2027-04-25,Galveston,Galveston
22,7_bahamian_galveston,7-Night Bahamian Cruise from Galveston,"GOC,NAS",,"Nassau, Bahamas, Disney Castaway Cay",3,No,DM1849,30885242,7GLS,Disney Magic,BAHAMAS,BAHAMAS,7,True,True,False,2028-03-19,2028-03-26,Galveston,Galveston
22,7_bahamian_galveston,7-Night Bahamian Cruise from Galveston,"GOC,NAS",,"Nassau, Bahamas, Disney Castaway Cay",3,No,DM1768,30063273,7GLS,Disney Magic,BAHAMAS,BAHAMAS,7,True,True,False,2026-12-27,2027-01-03,Galveston,Galveston
22,7_eastern_caribbean_fort_lauderdale_merrytime,7-Night Eastern Caribbean Cruise from Fort Lauderdale,"GOC,LPT,POP,SJU",,"Disney Lookout Cay at Lighthouse Point, San Juan, Puerto Rico, Puerto Plata, Dominican Republic, Disney Castaway Cay",1,Yes,DD1528,30063667,7PEF,Disney Dream,CARIBBEAN,EASTERN,7,True,True,False,2026-11-13,2026-11-20,Fort Lauderdale,Fort Lauderdale
22,7_eastern_caribbean_fort_lauderdale,7-Night Eastern Caribbean Cruise from Fort Lauderdale,"LPT,STT,SXM",,"Disney Lookout Cay at Lighthouse Point, St. Thomas, U.S. Virgin Islands, Philipsburg, St. Maarten",2,No,DF0937,30867076,7PEF,Disney Fantasy,CARIBBEAN,EASTERN,7,True,True,False,2028-02-06,2028-02-13,Fort Lauderdale,Fort Lauderdale
22,7_eastern_caribbean_fort_lauderdale,7-Night Eastern Caribbean Cruise from Fort Lauderdale,"LPT,STT,SXM",,"Disney Lookout Cay at Lighthouse Point, St. Thomas, U.S. Virgin Islands, Philipsburg, St. Maarten",2,No,DF0929,30867068,7PEF,Disney Fantasy,CARIBBEAN,EASTERN,7,True,True,False,2027-12-26,2028-01-02,Fort Lauderdale,Fort Lauderdale
22,7_eastern_caribbean_port_canaveral,7-Night Eastern Caribbean Cruise from Port Canaveral,"GOC,STT,TOV",,"Tortola, British Virgin Islands, St. Thomas, U.S. Virgin Islands, Disney Castaway Cay",25,No,WT0111,30056770,7PCV,Disney Treasure,CARIBBEAN,EASTERNTT,7,True,True,False,2027-01-30,2027-02-06,Port Canaveral,Port Canaveral
22,7_eastern_caribbean_port_canaveral,7-Night Eastern Caribbean Cruise from Port Canaveral,"GOC,STT,TOV",,"Tortola, British Virgin Islands, St. Thomas, U.S. Virgin Islands, Disney Castaway Cay",25,No,WT0107,30056766,7PCV,Disney Treasure,CARIBBEAN,EASTERNTT,7,True,True,False,2027-01-02,2027-01-09,Port Canaveral,Port Canaveral
22,7_eastern_caribbean_port_canaveral,7-Night Eastern Caribbean Cruise from Port Canaveral,"GOC,STT,TOV",,"Tortola, British Virgin Islands, St. Thomas, U.S. Virgin Islands, Disney Castaway Cay",25,No,WT0143,30469017,7PCV,Disney Treasure,CARIBBEAN,EASTERNTT,7,True,True,False,2027-09-11,2027-09-18,Port Canaveral,Port Canaveral
22,7_eastern_caribbean_port_canaveral,7-Night Eastern Caribbean Cruise from Port Canaveral,"GOC,STT,TOV",,"Tortola, British Virgin Islands, St. Thomas, U.S. Virgin Islands, Disney Castaway Cay",25,No,WT0141,30469015,7PCV,Disney Treasure,CARIBBEAN,EASTERNTT,7,True,True,False,2027-08-28,2027-09-04,Port Canaveral,Port Canaveral
22,7_eastern_caribbean_port_canaveral,7-Night Eastern Caribbean Cruise from Port Canaveral,"GOC,STT,TOV",,"Tortola, British Virgin Islands, St. Thomas, U.S. Virgin Islands, Disney Castaway Cay",25,No,WT0163,30867231,7PCV,Disney Treasure,CARIBBEAN,EASTERNTT,7,True,True,False,2028-01-29,2028-02-05,Port Canaveral,Port Canaveral
22,7_eastern_caribbean_port_canaveral,7-Night Eastern Caribbean Cruise from Port Canaveral,"GOC,STT,TOV",,"Tortola, British Virgin Islands, St. Thomas, U.S. Virgin Islands, Disney Castaway Cay",25,No,WT0161,30867229,7PCV,Disney Treasure,CARIBBEAN,EASTERNTT,7,True,True,False,2028-01-15,2028-01-22,Port Canaveral,Port Canaveral
22,7_eastern_caribbean_port_canaveral,7-Night Eastern Caribbean Cruise from Port Canaveral,"GOC,STT,TOV",,"Tortola, British Virgin Islands, St. Thomas, U.S. Virgin Islands, Disney Castaway Cay",25,No,WT0151,30867219,7PCV,Disney Treasure,CARIBBEAN,EASTERNTT,7,True,True,False,2027-11-06,2027-11-13,Port Canaveral,Port Canaveral
22,7_eastern_caribbean_port_canaveral,7-Night Eastern Caribbean Cruise from Port Canaveral,"GOC,STT,TOV",,"Tortola, British Virgin Islands, St. Thomas, U.S. Virgin Islands, Disney Castaway Cay",25,No,WT0165,30867233,7PCV,Disney Treasure,CARIBBEAN,EASTERNTT,7,True,True,False,2028-02-12,2028-02-19,Port Canaveral,Port Canaveral
22,7_eastern_caribbean_port_canaveral,7-Night Eastern Caribbean Cruise from Port Canaveral,"GOC,STT,TOV",,"Tortola, British Virgin Islands, St. Thomas, U.S. Virgin Islands, Disney Castaway Cay",25,No,WT0121,30056780,7PCV,Disney Treasure,CARIBBEAN,EASTERNTT,7,True,True,False,2027-04-10,2027-04-17,Port Canaveral,Port Canaveral
22,7_eastern_caribbean_port_canaveral,7-Night Eastern Caribbean Cruise from Port Canaveral,"GOC,STT,TOV",,"Tortola, British Virgin Islands, St. Thomas, U.S. Virgin Islands, Disney Castaway Cay",25,No,WT0125,30056784,7PCV,Disney Treasure,CARIBBEAN,EASTERNTT,7,True,True,False,2027-05-08,2027-05-15,Port Canaveral,Port Canaveral
22,7_eastern_caribbean_port_canaveral,7-Night Eastern Caribbean Cruise from Port Canaveral,"GOC,STT,TOV",,"Tortola, British Virgin Islands, St. Thomas, U.S. Virgin Islands, Disney Castaway Cay",25,No,WT0139,30469013,7PCV,Disney Treasure,CARIBBEAN,EASTERNTT,7,True,True,False,2027-08-14,2027-08-21,Port Canaveral,Port Canaveral
22,7_eastern_caribbean_port_canaveral,7-Night Eastern Caribbean Cruise from Port Canaveral,"GOC,STT,TOV",,"Tortola, British Virgin Islands, St. Thomas, U.S. Virgin Islands, Disney Castaway Cay",25,No,WT0175,30867243,7PCV,Disney Treasure,CARIBBEAN,EASTERNTT,7,True,True,False,2028-04-22,2028-04-29,Port Canaveral,Port Canaveral
22,7_eastern_caribbean_port_canaveral,7-Night Eastern Caribbean Cruise from Port Canaveral,"GOC,STT,TOV",,"Tortola, British Virgin Islands, St. Thomas, U.S. Virgin Islands, Disney Castaway Cay",25,No,WT0123,30056782,7PCV,Disney Treasure,CARIBBEAN,EASTERNTT,7,True,True,False,2027-04-24,2027-05-01,Port Canaveral,Port Canaveral
22,7_eastern_caribbean_port_canaveral,7-Night Eastern Caribbean Cruise from Port Canaveral,"GOC,STT,TOV",,"Tortola, British Virgin Islands, St. Thomas, U.S. Virgin Islands, Disney Castaway Cay",25,No,WT0167,30867235,7PCV,Disney Treasure,CARIBBEAN,EASTERNTT,7,True,True,False,2028-02-26,2028-03-04,Port Canaveral,Port Canaveral
22,7_eastern_caribbean_port_canaveral,7-Night Eastern Caribbean Cruise from Port Canaveral,"GOC,STT,TOV",,"Tortola, British Virgin Islands, St. Thomas, U.S. Virgin Islands, Disney Castaway Cay",25,No,WT0159,30867227,7PCV,Disney Treasure,CARIBBEAN,EASTERNTT,7,True,True,False,2028-01-02,2028-01-09,Port Canaveral,Port Canaveral
22,7_eastern_caribbean_port_canaveral,7-Night Eastern Caribbean Cruise from Port Canaveral,"GOC,STT,TOV",,"Tortola, British Virgin Islands, St. Thomas, U.S. Virgin Islands, Disney Castaway Cay",25,No,WT0127,30056786,7PCV,Disney Treasure,CARIBBEAN,EASTERNTT,7,True,True,False,2027-05-22,2027-05-29,Port Canaveral,Port Canaveral
22,7_eastern_caribbean_port_canaveral,7-Night Eastern Caribbean Cruise from Port Canaveral,"GOC,STT,TOV",,"Tortola, British Virgin Islands, St. Thomas, U.S. Virgin Islands, Disney Castaway Cay",25,No,WT0171,30867239,7PCV,Disney Treasure,CARIBBEAN,EASTERNTT,7,True,True,False,2028-03-25,2028-04-01,Port Canaveral,Port Canaveral
22,7_eastern_caribbean_port_canaveral,7-Night Eastern Caribbean Cruise from Port Canaveral,"GOC,STT,TOV",,"Tortola, British Virgin Islands, St. Thomas, U.S. Virgin Islands, Disney Castaway Cay",25,No,WT0113,30056772,7PCV,Disney Treasure,CARIBBEAN,EASTERNTT,7,True,True,False,2027-02-13,2027-02-20,Port Canaveral,Port Canaveral
22,7_eastern_caribbean_port_canaveral,7-Night Eastern Caribbean Cruise from Port Canaveral,"GOC,STT,TOV",,"Tortola, British Virgin Islands, St. Thomas, U.S. Virgin Islands, Disney Castaway Cay",25,No,WT0119,30056778,7PCV,Disney Treasure,CARIBBEAN,EASTERNTT,7,True,True,False,2027-03-27,2027-04-03,Port Canaveral,Port Canaveral
22,7_eastern_caribbean_port_canaveral,7-Night Eastern Caribbean Cruise from Port Canaveral,"GOC,STT,TOV",,"Tortola, British Virgin Islands, St. Thomas, U.S. Virgin Islands, Disney Castaway Cay",25,No,WT0129,30469003,7PCV,Disney Treasure,CARIBBEAN,EASTERNTT,7,True,True,False,2027-06-05,2027-06-12,Port Canaveral,Port Canaveral
22,7_eastern_caribbean_port_canaveral,7-Night Eastern Caribbean Cruise from Port Canaveral,"GOC,STT,TOV",,"Tortola, British Virgin Islands, St. Thomas, U.S. Virgin Islands, Disney Castaway Cay",25,No,WT0131,30469005,7PCV,Disney Treasure,CARIBBEAN,EASTERNTT,7,True,True,False,2027-06-19,2027-06-26,Port Canaveral,Port Canaveral
22,7_eastern_caribbean_port_canaveral,7-Night Eastern Caribbean Cruise from Port Canaveral,"GOC,STT,TOV",,"Tortola, British Virgin Islands, St. Thomas, U.S. Virgin Islands, Disney Castaway Cay",25,No,WT0133,30469007,7PCV,Disney Treasure,CARIBBEAN,EASTERNTT,7,True,True,False,2027-07-03,2027-07-10,Port Canaveral,Port Canaveral
22,7_eastern_caribbean_port_canaveral,7-Night Eastern Caribbean Cruise from Port Canaveral,"GOC,STT,TOV",,"Tortola, British Virgin Islands, St. Thomas, U.S. Virgin Islands, Disney Castaway Cay",25,No,WT0135,30469009,7PCV,Disney Treasure,CARIBBEAN,EASTERNTT,7,True,True,False,2027-07-17,2027-07-24,Port Canaveral,Port Canaveral
22,7_eastern_caribbean_port_canaveral,7-Night Eastern Caribbean Cruise from Port Canaveral,"GOC,STT,TOV",,"Tortola, British Virgin Islands, St. Thomas, U.S. Virgin Islands, Disney Castaway Cay",25,No,WT0117,30056776,7PCV,Disney Treasure,CARIBBEAN,EASTERNTT,7,True,True,False,2027-03-13,2027-03-20,Port Canaveral,Port Canaveral
22,7_eastern_caribbean_port_canaveral,7-Night Eastern Caribbean Cruise from Port Canaveral,"GOC,STT,TOV",,"Tortola, British Virgin Islands, St. Thomas, U.S. Virgin Islands, Disney Castaway Cay",25,No,WT0173,30867241,7PCV,Disney Treasure,CARIBBEAN,EASTERNTT,7,True,True,False,2028-04-08,2028-04-15,Port Canaveral,Port Canaveral
23,4_spain_southampton,4-Night Spain Cruise from Southampton,BIO,,"Bilbao, Spain",1,No,WW0589,30469609,4SOU,Disney Wish,EUROPE,WEST EUROPE A,4,True,True,False,2027-08-16,2027-08-20,Southampton,Southampton
23,7_eastern_caribbean_fort_lauderdale_halloween,7-Night Eastern Caribbean Cruise from Fort Lauderdale,"GOC,LPT,POP,SJU",,"Disney Lookout Cay at Lighthouse Point, Disney Castaway Cay, San Juan, Puerto Rico, Puerto Plata, Dominican Republic",1,Yes,WD0073,30056835,7PEF,Disney Destiny,CARIBBEAN,EASTERN,7,True,True,False,2026-10-17,2026-10-24,Fort Lauderdale,Fort Lauderdale
23,7_alaskan_vancouver,7-Night Alaskan Cruise from Vancouver,"DAW,JNU,KTN,SGY",,"Glacier Viewing (Stikine Icecap), Alaska, Skagway, Alaska, Juneau, Alaska, Ketchikan, Alaska",19,No,DW2258,30469572,7VAN,Disney Wonder,ALASKA,ALASKA,7,True,True,False,2027-05-10,2027-05-17,Vancouver,Vancouver
23,7_alaskan_vancouver,7-Night Alaskan Cruise from Vancouver,"DAW,JNU,KTN,SGY",,"Glacier Viewing (Stikine Icecap), Alaska, Skagway, Alaska, Juneau, Alaska, Ketchikan, Alaska",19,No,DW2273,30469587,7VAN,Disney Wonder,ALASKA,ALASKA,7,True,True,False,2027-08-23,2027-08-30,Vancouver,Vancouver
23,7_alaskan_vancouver,7-Night Alaskan Cruise from Vancouver,"DAW,JNU,KTN,SGY",,"Glacier Viewing (Stikine Icecap), Alaska, Skagway, Alaska, Juneau, Alaska, Ketchikan, Alaska",19,No,DW2275,30469589,7VAN,Disney Wonder,ALASKA,ALASKA,7,True,True,False,2027-09-06,2027-09-13,Vancouver,Vancouver
23,7_alaskan_vancouver,7-Night Alaskan Cruise from Vancouver,"DAW,JNU,KTN,SGY",,"Glacier Viewing (Stikine Icecap), Alaska, Skagway, Alaska, Juneau, Alaska, Ketchikan, Alaska",19,No,DW2272,30469586,7VAN,Disney Wonder,ALASKA,ALASKA,7,True,True,False,2027-08-16,2027-08-23,Vancouver,Vancouver
23,7_alaskan_vancouver,7-Night Alaskan Cruise from Vancouver,"DAW,JNU,KTN,SGY",,"Glacier Viewing (Stikine Icecap), Alaska, Skagway, Alaska, Juneau, Alaska, Ketchikan, Alaska",19,No,DW2271,30469585,7VAN,Disney Wonder,ALASKA,ALASKA,7,True,True,False,2027-08-09,2027-08-16,Vancouver,Vancouver
23,7_alaskan_vancouver,7-Night Alaskan Cruise from Vancouver,"DAW,JNU,KTN,SGY",,"Glacier Viewing (Stikine Icecap), Alaska, Skagway, Alaska, Juneau, Alaska, Ketchikan, Alaska",19,No,DW2259,30469573,7VAN,Disney Wonder,ALASKA,ALASKA,7,True,True,False,2027-05-17,2027-05-24,Vancouver,Vancouver
23,7_alaskan_vancouver,7-Night Alaskan Cruise from Vancouver,"DAW,JNU,KTN,SGY",,"Glacier Viewing (Stikine Icecap), Alaska, Skagway, Alaska, Juneau, Alaska, Ketchikan, Alaska",19,No,DW2260,30469574,7VAN,Disney Wonder,ALASKA,ALASKA,7,True,True,False,2027-05-24,2027-05-31,Vancouver,Vancouver
23,7_alaskan_vancouver,7-Night Alaskan Cruise from Vancouver,"DAW,JNU,KTN,SGY",,"Glacier Viewing (Stikine Icecap), Alaska, Skagway, Alaska, Juneau, Alaska, Ketchikan, Alaska",19,No,DW2276,30469590,7VAN,Disney Wonder,ALASKA,ALASKA,7,True,True,False,2027-09-13,2027-09-20,Vancouver,Vancouver
23,7_alaskan_vancouver,7-Night Alaskan Cruise from Vancouver,"DAW,JNU,KTN,SGY",,"Glacier Viewing (Stikine Icecap), Alaska, Skagway, Alaska, Juneau, Alaska, Ketchikan, Alaska",19,No,DW2274,30469588,7VAN,Disney Wonder,ALASKA,ALASKA,7,True,True,False,2027-08-30,2027-09-06,Vancouver,Vancouver
23,7_alaskan_vancouver,7-Night Alaskan Cruise from Vancouver,"DAW,JNU,KTN,SGY",,"Glacier Viewing (Stikine Icecap), Alaska, Skagway, Alaska, Juneau, Alaska, Ketchikan, Alaska",19,No,DW2263,30469577,7VAN,Disney Wonder,ALASKA,ALASKA,7,True,True,False,2027-06-14,2027-06-21,Vancouver,Vancouver
23,7_alaskan_vancouver,7-Night Alaskan Cruise from Vancouver,"DAW,JNU,KTN,SGY",,"Glacier Viewing (Stikine Icecap), Alaska, Skagway, Alaska, Juneau, Alaska, Ketchikan, Alaska",19,No,DW2266,30469580,7VAN,Disney Wonder,ALASKA,ALASKA,7,True,True,False,2027-07-05,2027-07-12,Vancouver,Vancouver
23,7_alaskan_vancouver,7-Night Alaskan Cruise from Vancouver,"DAW,JNU,KTN,SGY",,"Glacier Viewing (Stikine Icecap), Alaska, Skagway, Alaska, Juneau, Alaska, Ketchikan, Alaska",19,No,DW2261,30469575,7VAN,Disney Wonder,ALASKA,ALASKA,7,True,True,False,2027-05-31,2027-06-07,Vancouver,Vancouver
23,7_alaskan_vancouver,7-Night Alaskan Cruise from Vancouver,"DAW,JNU,KTN,SGY",,"Glacier Viewing (Stikine Icecap), Alaska, Skagway, Alaska, Juneau, Alaska, Ketchikan, Alaska",19,No,DW2268,30469582,7VAN,Disney Wonder,ALASKA,ALASKA,7,True,True,False,2027-07-19,2027-07-26,Vancouver,Vancouver
23,7_alaskan_vancouver,7-Night Alaskan Cruise from Vancouver,"DAW,JNU,KTN,SGY",,"Glacier Viewing (Stikine Icecap), Alaska, Skagway, Alaska, Juneau, Alaska, Ketchikan, Alaska",19,No,DW2270,30469584,7VAN,Disney Wonder,ALASKA,ALASKA,7,True,True,False,2027-08-02,2027-08-09,Vancouver,Vancouver
23,7_alaskan_vancouver,7-Night Alaskan Cruise from Vancouver,"DAW,JNU,KTN,SGY",,"Glacier Viewing (Stikine Icecap), Alaska, Skagway, Alaska, Juneau, Alaska, Ketchikan, Alaska",19,No,DW2269,30469583,7VAN,Disney Wonder,ALASKA,ALASKA,7,True,True,False,2027-07-26,2027-08-02,Vancouver,Vancouver
23,7_alaskan_vancouver,7-Night Alaskan Cruise from Vancouver,"DAW,JNU,KTN,SGY",,"Glacier Viewing (Stikine Icecap), Alaska, Skagway, Alaska, Juneau, Alaska, Ketchikan, Alaska",19,No,DW2264,30469578,7VAN,Disney Wonder,ALASKA,ALASKA,7,True,True,False,2027-06-21,2027-06-28,Vancouver,Vancouver
23,7_alaskan_vancouver,7-Night Alaskan Cruise from Vancouver,"DAW,JNU,KTN,SGY",,"Glacier Viewing (Stikine Icecap), Alaska, Skagway, Alaska, Juneau, Alaska, Ketchikan, Alaska",19,No,DW2265,30469579,7VAN,Disney Wonder,ALASKA,ALASKA,7,True,True,False,2027-06-28,2027-07-05,Vancouver,Vancouver
23,7_alaskan_vancouver,7-Night Alaskan Cruise from Vancouver,"DAW,JNU,KTN,SGY",,"Glacier Viewing (Stikine Icecap), Alaska, Skagway, Alaska, Juneau, Alaska, Ketchikan, Alaska",19,No,DW2262,30469576,7VAN,Disney Wonder,ALASKA,ALASKA,7,True,True,False,2027-06-07,2027-06-14,Vancouver,Vancouver
23,7_alaskan_vancouver,7-Night Alaskan Cruise from Vancouver,"DAW,JNU,KTN,SGY",,"Glacier Viewing (Stikine Icecap), Alaska, Skagway, Alaska, Juneau, Alaska, Ketchikan, Alaska",19,No,DW2267,30469581,7VAN,Disney Wonder,ALASKA,ALASKA,7,True,True,False,2027-07-12,2027-07-19,Vancouver,Vancouver
23,7_mexican_riviera_san_diego_merrytime,7-Night Mexican Riviera Cruise from San Diego,"CSL,ESE,MZT",,"Mazatlán, Mexico, Cabo San Lucas, Mexico, Ensenada, Mexico",1,Yes,DW2216,30076952,7SAN,Disney Wonder,MEXICAN RIVIERA,BAJA,7,True,True,False,2026-11-22,2026-11-29,San Diego,San Diego
23,7_eastern_caribbean_port_canaveral_merrytime,7-Night Eastern Caribbean Cruise from Port Canaveral,"GOC,STT,TOV",,"St. Thomas, U.S. Virgin Islands, Tortola, British Virgin Islands, Disney Castaway Cay",4,Yes,WT0103,30056762,7PCV,Disney Treasure,CARIBBEAN,EASTERNTT,7,True,True,False,2026-12-05,2026-12-12,Port Canaveral,Port Canaveral
23,7_eastern_caribbean_port_canaveral_merrytime,7-Night Eastern Caribbean Cruise from Port Canaveral,"GOC,STT,TOV",,"St. Thomas, U.S. Virgin Islands, Tortola, British Virgin Islands, Disney Castaway Cay",4,Yes,WT0101,30056760,7PCV,Disney Treasure,CARIBBEAN,EASTERNTT,7,True,True,False,2026-11-21,2026-11-28,Port Canaveral,Port Canaveral
23,7_eastern_caribbean_port_canaveral_merrytime,7-Night Eastern Caribbean Cruise from Port Canaveral,"GOC,STT,TOV",,"St. Thomas, U.S. Virgin Islands, Tortola, British Virgin Islands, Disney Castaway Cay",4,Yes,WT0155,30867223,7PCV,Disney Treasure,CARIBBEAN,EASTERNTT,7,True,True,False,2027-12-04,2027-12-11,Port Canaveral,Port Canaveral
23,7_eastern_caribbean_port_canaveral_merrytime,7-Night Eastern Caribbean Cruise from Port Canaveral,"GOC,STT,TOV",,"St. Thomas, U.S. Virgin Islands, Tortola, British Virgin Islands, Disney Castaway Cay",4,Yes,WT0105,30056764,7PCV,Disney Treasure,CARIBBEAN,EASTERNTT,7,True,True,False,2026-12-19,2026-12-26,Port Canaveral,Port Canaveral
24,7_eastern_caribbean_fort_lauderdale,7-Night Eastern Caribbean Cruise from Fort Lauderdale,"GOC,LPT,SJU,STT",,"Disney Lookout Cay at Lighthouse Point, San Juan, Puerto Rico, St. Thomas, U.S. Virgin Islands, Disney Castaway Cay",1,No,DF0936,30867075,7PEF,Disney Fantasy,CARIBBEAN,EASTERN,7,True,True,False,2028-01-30,2028-02-06,Fort Lauderdale,Fort Lauderdale
24,7_eastern_caribbean_fort_lauderdale,7-Night Eastern Caribbean Cruise from Fort Lauderdale,"LPT,SJU,SXM",,"Disney Lookout Cay at Lighthouse Point, San Juan, Puerto Rico, Philipsburg, St. Maarten",3,No,DF0941,30867080,7PEF,Disney Fantasy,CARIBBEAN,EASTERN,7,True,True,False,2028-02-27,2028-03-05,Fort Lauderdale,Fort Lauderdale
24,7_eastern_caribbean_fort_lauderdale,7-Night Eastern Caribbean Cruise from Fort Lauderdale,"LPT,SJU,SXM",,"Disney Lookout Cay at Lighthouse Point, San Juan, Puerto Rico, Philipsburg, St. Maarten",3,No,WD0094,30056856,7PEF,Disney Destiny,CARIBBEAN,EASTERN,7,True,True,False,2027-01-30,2027-02-06,Fort Lauderdale,Fort Lauderdale
24,7_eastern_caribbean_fort_lauderdale,7-Night Eastern Caribbean Cruise from Fort Lauderdale,"LPT,SJU,SXM",,"Disney Lookout Cay at Lighthouse Point, San Juan, Puerto Rico, Philipsburg, St. Maarten",3,No,DF0946,30867085,7PEF,Disney Fantasy,CARIBBEAN,EASTERN,7,True,True,False,2028-04-02,2028-04-09,Fort Lauderdale,Fort Lauderdale
24,4_spain_southampton,4-Night Spain Cruise from Southampton,LCG,,"La Coruña, Spain",2,No,WW0593,30469613,4SOU,Disney Wish,EUROPE,WEST EUROPE A,4,True,True,False,2027-08-30,2027-09-03,Southampton,Southampton
24,4_spain_southampton,4-Night Spain Cruise from Southampton,LCG,,"La Coruña, Spain",2,No,WW0591,30469611,4SOU,Disney Wish,EUROPE,WEST EUROPE A,4,True,True,False,2027-08-23,2027-08-27,Southampton,Southampton
24,7_eastern_caribbean_fort_lauderdale_merrytime,7-Night Eastern Caribbean Cruise from Fort Lauderdale,"LPT,SJU,SXM",,"Disney Lookout Cay at Lighthouse Point, San Juan, Puerto Rico, Philipsburg, St. Maarten",1,Yes,WD0084,30056846,7PEF,Disney Destiny,CARIBBEAN,EASTERN,7,True,True,False,2026-12-12,2026-12-19,Fort Lauderdale,Fort Lauderdale
24,7_bahamian_fort_lauderdale_dd_merrytime,7-Night Bahamian Cruise from Fort Lauderdale with 2 stops at Castaway Cay,"GOC,LPT,NAS",,"Disney Lookout Cay at Lighthouse Point, Disney Castaway Cay, Nassau, Bahamas, Disney Castaway Cay",1,Yes,WD0083,30056845,7PEF,Disney Destiny,BAHAMAS,BAHAMAS2CC,7,True,True,False,2026-12-05,2026-12-12,Fort Lauderdale with 2 stops at Castaway Cay,Fort Lauderdale with 2 stops at Castaway Cay
25,7_southern_caribbean_san_juan,7-Night Southern Caribbean Cruise from San Juan,"ANU,BGI,CAS,RSU",,"Bridgetown, Barbados, Castries, St. Lucia, Roseau, Dominica, St. John's, Antigua",1,No,DF0951,30867090,7SJU,Disney Fantasy,CARIBBEAN,SOUTHERN,7,True,True,False,2028-05-06,2028-05-13,San Juan,San Juan
25,6_western_caribbean_port_canaveral,6-Night Western Caribbean Cruise from Port Canaveral,"CZM,GEC,GOC",,"Cozumel, Mexico, George Town, Grand Cayman, Disney Castaway Cay",1,No,WD0167,30860664,6PCV,Disney Destiny,CARIBBEAN,WESTERN,6,True,True,False,2028-01-08,2028-01-14,Port Canaveral,Port Canaveral
25,7_southern_caribbean_san_juan_merrytime,7-Night Southern Caribbean Cruise from San Juan,"ANU,ARU,CUR,RSU",,"Oranjestad, Aruba, Willemstad, Curaçao, Roseau, Dominica, St. John's, Antigua",1,Yes,DF0925,30867064,7SJU,Disney Fantasy,CARIBBEAN,SOUTHERN,7,True,True,False,2027-12-03,2027-12-10,San Juan,San Juan
25,6_bahamian_port_canaveral_dd,6-Night Bahamian Cruise from Port Canaveral with 2 Stops at Castaway Cay,"GOC,LPT,NAS",,"Disney Castaway Cay, Disney Lookout Cay at Lighthouse Point, Nassau, Bahamas, Disney Castaway Cay",1,No,WT0160,30867228,6PCV,Disney Treasure,BAHAMAS,BAHAMAS2CC,6,True,True,False,2028-01-09,2028-01-15,Port Canaveral with 2 Stops at Castaway Cay,Port Canaveral with 2 Stops at Castaway Cay
25,6_bahamian_fort_lauderdale_merrytime,6-Night Bahamian Cruise from Fort Lauderdale,"GOC,LPT",,"Disney Castaway Cay, Disney Lookout Cay at Lighthouse Point, Disney Castaway Cay",1,Yes,DD1538,30063677,6PEF,Disney Dream,BAHAMAS,BAHAMAS,6,True,True,False,2026-12-21,2026-12-27,Fort Lauderdale,Fort Lauderdale
26,7_eastern_caribbean_fort_lauderdale,7-Night Eastern Caribbean Cruise from Fort Lauderdale,"ANU,LPT,SJU",,"Disney Lookout Cay at Lighthouse Point, San Juan, Puerto Rico, St. John's, Antigua",2,No,DF0942,30867081,7PEF,Disney Fantasy,CARIBBEAN,EASTERN,7,True,True,False,2028-03-05,2028-03-12,Fort Lauderdale,Fort Lauderdale
26,7_eastern_caribbean_fort_lauderdale,7-Night Eastern Caribbean Cruise from Fort Lauderdale,"ANU,LPT,SJU",,"Disney Lookout Cay at Lighthouse Point, San Juan, Puerto Rico, St. John's, Antigua",2,No,DF0945,30867084,7PEF,Disney Fantasy,CARIBBEAN,EASTERN,7,True,True,False,2028-03-26,2028-04-02,Fort Lauderdale,Fort Lauderdale
26,7_southern_caribbean_san_juan,7-Night Southern Caribbean Cruise from San Juan,"ARU,BON,CUR,SXM",,"Oranjestad, Aruba, Kralendijk, Bonaire, Willemstad, Curaçao, Philipsburg, St. Maarten",1,No,DF0950,30867089,7SJU,Disney Fantasy,CARIBBEAN,SOUTHERN,7,True,True,False,2028-04-29,2028-05-06,San Juan,San Juan
26,5_bahamian_fort_lauderdale_merrytime,5-Night Bahamian Cruise from Fort Lauderdale,"LPT,NAS",,"Nassau, Bahamas, Disney Lookout Cay at Lighthouse Point",1,Yes,WD0157,30860642,5PEF,Disney Destiny,BAHAMAS,BAHAMAS,5,True,True,False,2027-11-24,2027-11-29,Fort Lauderdale,Fort Lauderdale
26,7_southern_caribbean_san_juan,7-Night Southern Caribbean Cruise from San Juan,"ARU,BON,RSU,SXM",,"Oranjestad, Aruba, Kralendijk, Bonaire, Roseau, Dominica, Philipsburg, St. Maarten",1,No,WW0604,30887050,7SJU,Disney Wish,CARIBBEAN,SOUTHERN,7,True,True,False,2027-11-05,2027-11-12,San Juan,San Juan
26,7_eastern_caribbean_fort_lauderdale,7-Night Eastern Caribbean Cruise from Fort Lauderdale,"GOC,SJU,SXM",,"Philipsburg, St. Maarten, San Juan, Puerto Rico, Disney Castaway Cay",1,No,DD1552,30063691,7PEF,Disney Dream,CARIBBEAN,EASTERN,7,True,True,False,2027-02-19,2027-02-26,Fort Lauderdale,Fort Lauderdale
27,6_bahamian_fort_lauderdale_dd_merrytime,6-Night Bahamian Cruise from Fort Lauderdale with 2 Stops at Castaway Cay,"GOC,LPT,NAS",,"Disney Lookout Cay at Lighthouse Point, Disney Castaway Cay, Nassau, Bahamas, Disney Castaway Cay",1,Yes,DD1630,30888002,6PEF,Disney Dream,BAHAMAS,BAHAMAS2CC,6,True,True,False,2027-11-22,2027-11-28,Fort Lauderdale with 2 Stops at Castaway Cay,Fort Lauderdale with 2 Stops at Castaway Cay
27,14_panama_canal_san_diego_galveston,14-Night Eastbound Panama Canal Cruise from San Diego ending in Galveston,"CAR,CSL,GEC,GLS,PTY,PVR",,"Cabo San Lucas, Mexico, Puerto Vallarta, Mexico, Panama Canal, Cartagena, Colombia, George Town, Grand Cayman, Galveston, Texas",1,No,DM1759,30063264,14SAGL,Disney Magic,TRANS PANAMA CANAL,PANAMA CANAL E,14,True,True,False,2026-11-06,2026-11-20,San Diego,Galveston
27,14_westbound_panama_canal_galveston_san_diego,14-Night Westbound Panama Canal Cruise from Galveston ending in San Diego,"CAR,CSL,ESE,ONX,PTY,SAN",,"Cartagena, Colombia, Colón, Panama, Panama Canal, Cabo San Lucas, Mexico, Ensenada, Mexico, San Diego, California",1,No,DM1850,30885243,14GLSA,Disney Magic,TRANS PANAMA CANAL,PANAMA CANAL W,14,True,True,False,2028-03-26,2028-04-09,Galveston,San Diego
27,7_bahamian_galveston_merrytime,7-Night Bahamian Cruise from Galveston,"LPT,NAS",,"Disney Lookout Cay at Lighthouse Point, Nassau, Bahamas",1,Yes,DM1825,30885021,7GLS,Disney Magic,BAHAMAS,BAHAMAS,7,True,True,False,2027-11-22,2027-11-29,Galveston,Galveston
27,5_canada_new_england_new_york_halloween,5-Night Canada & New England Cruise from New York,"BOS,SJB",,"Saint John (New Brunswick), Canada, Boston, Massachusetts",1,Yes,WW0598,30887044,5NYC,Disney Wish,CANADA,NEW YORK CA,5,True,True,False,2027-10-03,2027-10-08,New York,New York
28,5_spain_southampton,5-Night Spain Cruise from Southampton,"BIO,LCG",,"La Coruña, Spain, Bilbao, Spain",1,No,WW0587,30469604,5SOU,Disney Wish,EUROPE,WEST EUROPE,5,True,True,False,2027-08-06,2027-08-11,Southampton,Southampton
28,14_panama_canal_san_diego_galveston,14-Night Eastbound Panama Canal Cruise from San Diego ending in Galveston,"AMD,CAR,CSL,GLS,PTY,PVR",,"Cabo San Lucas, Mexico, Puerto Vallarta, Mexico, Fuerte Amador (Panama City), Panama, Panama Canal, Cartagena, Colombia, Galveston, Texas",1,No,DM1823,30885019,14SAGL,Disney Magic,TRANS PANAMA CANAL,PANAMA CANAL E,14,True,True,False,2027-11-04,2027-11-18,San Diego,Galveston
28,8_alaska_vancouver,8-Night Alaskan Cruise from Vancouver,"DAW,ISP,KTN,SGY,SIT",,"Glacier Viewing (Stikine Icecap), Alaska, Skagway, Alaska, Icy Strait Point, Alaska, Sitka, Alaska, Ketchikan, Alaska",1,No,DM1804,30469157,8VAN,Disney Magic,ALASKA,ALASKA,8,True,True,False,2027-07-22,2027-07-30,Vancouver,Vancouver
28,6_bermuda_canada_new_york_halloween,6-Night Bermuda & Canada Cruise from New York,"HAL,KWF",,"King's Wharf, Bermuda, Halifax (Nova Scotia), Canada",1,Yes,WW0599,30887045,6NYC,Disney Wish,CANADA,NEW YORK CA,6,True,True,False,2027-10-08,2027-10-14,New York,New York
28,5_spain_southampton,5-Night Spain Cruise from Southampton,"LCG,VGO",,"Vigo, Spain, La Coruña, Spain",1,No,WW0588,30469605,5SOU,Disney Wish,EUROPE,WEST EUROPE,5,True,True,False,2027-08-11,2027-08-16,Southampton,Southampton
29,7_mexican_riviera_san_diego_merrytime,7-Night Mexican Riviera Cruise from San Diego,"CSL,MZT,PVR",,"Cabo San Lucas, Mexico, Puerto Vallarta, Mexico, Mazatlán, Mexico",1,Yes,DW2299,30867339,7SAN,Disney Wonder,MEXICAN RIVIERA,BAJA,7,True,True,False,2027-12-19,2027-12-26,San Diego,San Diego
29,7_western_caribbean_fort_lauderdale,7-Night Western Caribbean Cruise from Fort Lauderdale,"FMH,GEC,LPT,NAS",,"George Town, Grand Cayman, Falmouth, Jamaica, Disney Lookout Cay at Lighthouse Point, Nassau, Bahamas",1,No,WD0131,30469031,7PEF,Disney Destiny,CARIBBEAN,WESTERN,7,True,True,False,2027-07-31,2027-08-07,Fort Lauderdale,Fort Lauderdale
29,7_eastern_caribbean_fort_lauderdale,7-Night Eastern Caribbean Cruise from Fort Lauderdale,"GOC,LPT,NAS,POP",,"Disney Lookout Cay at Lighthouse Point, Disney Castaway Cay, Puerto Plata, Dominican Republic, Nassau, Bahamas",1,No,WD0095,30056857,7PEF,Disney Destiny,CARIBBEAN,EASTERN,7,True,True,False,2027-02-06,2027-02-13,Fort Lauderdale,Fort Lauderdale
29,5_bahamian_fort_lauderdale_merrytime,5-Night Bahamian Cruise from Fort Lauderdale,"GOC,LPT",,"Disney Lookout Cay at Lighthouse Point, Disney Castaway Cay",1,Yes,WD0086,30056848,5PEF,Disney Destiny,BAHAMAS,BAHAMAS,5,True,True,False,2026-12-23,2026-12-28,Fort Lauderdale,Fort Lauderdale
29,5_bermuda_new_york_halloween,5-Night Bermuda Cruise from New York,KWF,,"King's Wharf, Bermuda, King's Wharf, Bermuda",2,Yes,WW0601,30887047,5NYC,Disney Wish,BERMUDA,BERMUDA,5,True,True,False,2027-10-19,2027-10-24,New York,New York
29,5_bermuda_new_york_halloween,5-Night Bermuda Cruise from New York,KWF,,"King's Wharf, Bermuda, King's Wharf, Bermuda",2,Yes,WW0600,30887046,5NYC,Disney Wish,BERMUDA,BERMUDA,5,True,True,False,2027-10-14,2027-10-19,New York,New York
30,8_eastern_caribbean_fort_lauderdale,8-Night Eastern Caribbean Cruise from Fort Lauderdale,"ANU,LPT,SJU,SXM",,"Disney Lookout Cay at Lighthouse Point, San Juan, Puerto Rico, St. John's, Antigua, Philipsburg, St. Maarten",1,No,DF0948,30867087,8PEF,Disney Fantasy,CARIBBEAN,EASTERN,8,True,True,False,2028-04-15,2028-04-23,Fort Lauderdale,Fort Lauderdale
30,7_mexican_riviera,7-Night Mexican Riviera Cruise from San Diego,"MZT,PVR",,"Mazatlán, Mexico, Puerto Vallarta, Mexico",1,No,DW2300,30867340,7SAN,Disney Wonder,MEXICAN RIVIERA,BAJA,7,True,True,False,2027-12-26,2028-01-02,San Diego,San Diego
30,7_eastern_caribbean_port_canaveral,7-Night Eastern Caribbean Cruise from Port Canaveral,"GOC,STT,SXM",,"Philipsburg, St. Maarten, St. Thomas, U.S. Virgin Islands, Disney Castaway Cay",1,No,WT0137,30469011,7PCV,Disney Treasure,CARIBBEAN,EASTERN,7,True,True,False,2027-07-31,2027-08-07,Port Canaveral,Port Canaveral
30,7_western_caribbean_fort_lauderdale,7-Night Western Caribbean Cruise from Fort Lauderdale,"CZM,FMH,GEC,LPT",,"Disney Lookout Cay at Lighthouse Point, Falmouth, Jamaica, George Town, Grand Cayman, Cozumel, Mexico",1,No,WD0123,30469023,7PEF,Disney Destiny,CARIBBEAN,WESTERN,7,True,True,False,2027-06-19,2027-06-26,Fort Lauderdale,Fort Lauderdale
30,14_westbound_panama_canal_galveston_san_diego,14-Night Westbound Panama Canal Cruise from Galveston ending in San Diego,"CAR,CSL,CZM,ESE,PTY,SAN",,"Cozumel, Mexico, Cartagena, Colombia, Panama Canal, Cabo San Lucas, Mexico, Ensenada, Mexico, San Diego, California",1,No,DM1792,30063297,14GLSA,Disney Magic,TRANS PANAMA CANAL,PANAMA CANAL W,14,True,True,False,2027-04-25,2027-05-09,Galveston,San Diego
31,6_western_europe_barcelona_southampton,6-Night Western Europe Cruise from Barcelona ending in Southampton,"GIB,LIS,SOU,VGO",,"Gibraltar, Lisbon, Portugal, Vigo, Spain, Southampton, England",1,No,WW0584,30469601,6BCSO,Disney Wish,EUROPE,WEST EUROPE,6,True,True,False,2027-07-17,2027-07-23,Barcelona,Southampton
31,7_eastern_caribbean_fort_lauderdale_merrytime,7-Night Eastern Caribbean Cruise from Fort Lauderdale,"LPT,SXM,TOV",,"Disney Lookout Cay at Lighthouse Point, Tortola, British Virgin Islands, Philipsburg, St. Maarten",1,Yes,DF0928,30867067,7PEF,Disney Fantasy,CARIBBEAN,EASTERNTT,7,True,True,False,2027-12-19,2027-12-26,Fort Lauderdale,Fort Lauderdale
31,7_mediterranean_barcelona,7-Night Mediterranean Cruise from Barcelona,"CVV,LIV,NAP,PMI",,"Palma de Mallorca, Spain, Naples (Pompeii), Italy, Civitavecchia (Rome), Italy, Livorno (Florence, Pisa), Italy",2,No,WW0577,30469594,7BCN,Disney Wish,EUROPE,MED,7,True,True,False,2027-05-22,2027-05-29,Barcelona,Barcelona
31,7_mediterranean_barcelona,7-Night Mediterranean Cruise from Barcelona,"CVV,LIV,NAP,PMI",,"Palma de Mallorca, Spain, Naples (Pompeii), Italy, Civitavecchia (Rome), Italy, Livorno (Florence, Pisa), Italy",2,No,WW0583,30469600,7BCN,Disney Wish,EUROPE,MED,7,True,True,False,2027-07-10,2027-07-17,Barcelona,Barcelona
31,7_mediterranean_barcelona,7-Night Mediterranean Cruise from Barcelona,"CVV,GOA,LIV,NAP",,"Naples (Pompeii), Italy, Civitavecchia (Rome), Italy, Livorno (Florence, Pisa), Italy, Genoa (Milan), Italy",1,No,WW0582,30469599,7BCN,Disney Wish,EUROPE,MED,7,True,True,False,2027-07-03,2027-07-10,Barcelona,Barcelona
31,7_british_isles_southampton,7-Night British Isles Cruise from Southampton,"BFS,GRK,LVP,PTL",,"Greenock (Glasgow & Edinburgh), Scotland, Liverpool, England, Belfast, Northern Ireland, Portland (Stonehenge), England",1,No,WW0594,30469614,7SOU,Disney Wish,EUROPE,BRITISH ISLES,7,True,True,False,2027-09-03,2027-09-10,Southampton,Southampton
32,8_bermuda_fort_lauderdale,8-Night Bermuda Cruise from Fort Lauderdale,"GOC,KWF,LPT",,"King's Wharf, Bermuda, King's Wharf, Bermuda, Disney Lookout Cay at Lighthouse Point, Disney Castaway Cay",1,No,DF0944,30867083,8PEF,Disney Fantasy,BERMUDA,BERMUDA,8,True,True,False,2028-03-18,2028-03-26,Fort Lauderdale,Fort Lauderdale
32,7_eastern_caribbean_fort_lauderdale,7-Night Eastern Caribbean Cruise from Fort Lauderdale,"GOC,LPT,POP,SJU",,"Disney Castaway Cay, Disney Lookout Cay at Lighthouse Point, San Juan, Puerto Rico, Puerto Plata, Dominican Republic",2,No,WD0132,30469032,7PEF,Disney Destiny,CARIBBEAN,EASTERN,7,True,True,False,2027-08-07,2027-08-14,Fort Lauderdale,Fort Lauderdale
32,7_eastern_caribbean_fort_lauderdale,7-Night Eastern Caribbean Cruise from Fort Lauderdale,"GOC,LPT,POP,SJU",,"Disney Castaway Cay, Disney Lookout Cay at Lighthouse Point, San Juan, Puerto Rico, Puerto Plata, Dominican Republic",2,No,WD0124,30469024,7PEF,Disney Destiny,CARIBBEAN,EASTERN,7,True,True,False,2027-06-26,2027-07-03,Fort Lauderdale,Fort Lauderdale
32,7_eastern_caribbean_port_canaveral_merrytime,7-Night Eastern Caribbean Cruise from Port Canaveral,"GOC,SJU,TOV",,"Tortola, British Virgin Islands, San Juan, Puerto Rico, Disney Castaway Cay",1,Yes,WT0153,30867221,7PCV,Disney Treasure,CARIBBEAN,EASTERNTT,7,True,True,False,2027-11-20,2027-11-27,Port Canaveral,Port Canaveral
32,7_northern_europe_southampton,7-Night Northern Europe Cruise from Southampton,"COP,KRS,RTM,SKA",,"Rotterdam (Amsterdam), Netherlands, Kristiansand, Norway, Copenhagen, Denmark, Skagen, Denmark",1,No,WW0595,30469615,7SOU,Disney Wish,EUROPE,NORTH EUROPE,7,True,True,False,2027-09-10,2027-09-17,Southampton,Southampton
32,7_western_caribbean_port_canaveral_merrytime,7-Night Western Caribbean Cruise from Port Canaveral,"CZM,GOC,LPT",,"Disney Castaway Cay, Disney Lookout Cay at Lighthouse Point, Cozumel, Mexico",1,Yes,WD0164,30860661,7PCV,Disney Destiny,CARIBBEAN,WESTERN,7,True,True,False,2027-12-22,2027-12-29,Port Canaveral,Port Canaveral
33,8_mediterranean_greek_isles_civitavecchia,8-Night Mediterranean Cruise with Greek Isles from Civitavecchia (Rome),"CHQ,JMK,JTR,NAP,RHO",,"Chania, Greece, Santorini, Greece, Rhodes, Greece, Mykonos, Greece, Naples (Pompeii), Italy",1,No,WW0580,30469597,8CVV,Disney Wish,EUROPE,MED,8,True,True,False,2027-06-15,2027-06-23,Civitavecchia (Rome),Civitavecchia (Rome)
33,7_southern_caribbean_san_juan,7-Night Southern Caribbean Cruise from San Juan,"ANU,ARU,CUR,SXM",,"Willemstad, Curaçao, Oranjestad, Aruba, St. John's, Antigua, Philipsburg, St. Maarten",1,No,DD1567,30063708,7SJU,Disney Dream,CARIBBEAN,SOUTHERN,7,True,True,False,2027-04-16,2027-04-23,San Juan,San Juan
33,9_mediterranean_greek_isles_barcelona_civitavecchia,9-Night Mediterranean with Greek Isles Cruise from Barcelona ending in Civitavecchia (Rome),"ATH,CHQ,CVV,JMK,MAL,NAP",,"Valletta, Malta, Chania, Greece, Piraeus (Athens), Greece, Mykonos, Greece, Naples (Pompeii), Italy, Civitavecchia (Rome), Italy",1,No,WW0578,30469595,9BCCV,Disney Wish,EUROPE,MED,9,True,True,False,2027-05-29,2027-06-07,Barcelona,Civitavecchia (Rome)
33,7_norwegian_fjords_southampton,7-Night Norwegian Fjords Cruise from Southampton,"AES,HAU,KRS,OLD",,"Kristiansand, Norway, Olden, Norway, Alesund, Norway, Haugesund, Norway",1,No,WW0585,30469602,7SOU,Disney Wish,EUROPE,NOR FJORDS,7,True,True,False,2027-07-23,2027-07-30,Southampton,Southampton
33,7_norwegian_fjords_southampton,7-Night Norwegian Fjords Cruise from Southampton,"AES,BGO,HSY,SVG",,"Bergen, Norway, Hellesylt, Norway, Alesund, Norway, Stavanger, Norway",1,No,WW0586,30469603,7SOU,Disney Wish,EUROPE,NOR FJORDS,7,True,True,False,2027-07-30,2027-08-06,Southampton,Southampton
34,7_western_caribbean_port_canaveral,7-Night Western Caribbean Cruise from Port Canaveral,"FMH,GEC,GOC",,"Disney Castaway Cay, Falmouth, Jamaica, George Town, Grand Cayman",1,No,WT0158,30867226,7PCV,Disney Treasure,CARIBBEAN,WESTERN D,7,True,True,False,2027-12-26,2028-01-02,Port Canaveral,Port Canaveral
34,8_eastern_caribbean_port_canaveral_merrytime,8-Night Eastern Caribbean Cruise from Port Canaveral,"GOC,SJU,STT,TOV",,"Tortola, British Virgin Islands, St. Thomas, U.S. Virgin Islands, San Juan, Puerto Rico, Disney Castaway Cay",1,Yes,WT0157,30867225,8PCV,Disney Treasure,CARIBBEAN,EASTERNTT,8,True,True,False,2027-12-18,2027-12-26,Port Canaveral,Port Canaveral
34,8_adriatic_sea_greece_civitavecchia,8-Night Adriatic Sea and Greece Cruise from Civitavecchia (Rome),"CFU,DBV,TRS,ZAD",,"Corfu, Greece, Trieste (Venice), Italy, Zadar, Croatia, Dubrovnik, Croatia",1,No,WW0579,30469596,8CVV,Disney Wish,EUROPE,MEDH,8,True,True,False,2027-06-07,2027-06-15,Civitavecchia (Rome),Civitavecchia (Rome)
34,10_mediterranean_greek_isles_civitavecchia_barcelona,10-Night Mediterranean with Greek Isles Cruise from Civitavecchia (Rome) ending in Barcelona,"ATH,BCN,CHQ,JMK,MSN,RHO",,"Piraeus (Athens), Greece, Mykonos, Greece, Rhodes, Greece, Chania, Greece, Messina (Sicily), Italy, Barcelona, Spain",1,No,WW0581,30469598,10CVBC,Disney Wish,EUROPE,MED,10,True,True,False,2027-06-23,2027-07-03,Civitavecchia (Rome),Barcelona
34,10_southern_caribbean_port_canaveral,10-Night Southern Caribbean Cruise from Port Canaveral,"ANU,CAS,GOC,LPT,SJU,SXM",,"Philipsburg, St. Maarten, Castries, St. Lucia, St. John's, Antigua, San Juan, Puerto Rico, Disney Lookout Cay at Lighthouse Point, Disney Castaway Cay",1,No,DF0895,30468986,10PCV,Disney Fantasy,CARIBBEAN,SOUTHERN,10,True,True,False,2027-07-11,2027-07-21,Port Canaveral,Port Canaveral
35,4_bermuda_new_york,4-Night Bermuda Cruise from New York,KWF,,"King's Wharf, Bermuda",1,No,WW0597,30887043,4NYC,Disney Wish,BERMUDA,BERMUDA,4,True,True,False,2027-09-29,2027-10-03,New York,New York
